original_text,normalized_text
سيادة الكولونيل، صبرك في محله،,سياده الكولونيل، صبرك في محله،
مبروك علينا،,مبروك علينا،
"عملنا أفجر طيارة في تاريخ ""أمريكا"".","عملنا افجر طياره في تاريخ ""امريكا""."
أنا متحمس جدًا من امبارح،,انا متحمس جدًا من امبارح،
ها، ورّيني!,ها، ورّيني!
أقدم لحضرتك فخر الطيران الأمريكي,اقدم لحضرتك فخر الطيران الامريكي
الـF-35.,ال -35.
بس دي شكلها شبه اللي احنا عملناها قبل كدا!,بس دي شكلها شبه اللي احنا عملناها قبل كدا!
آه، بس التكنولوجيا اللي فيها سابقة بسنين ضوئية، حضرتك.,اه، بس التكنولوجيا اللي فيها سابقه بسنين ضوييه، حضرتك.
يعني إيه سنين ضوئية؟!,يعني ايه سنين ضوييه
مش مهم، مش مهم، احكيلي عنها كدا.,مش مهم، مش مهم، احكيلي عنها كدا.
القطعة الفنية اللي أمام حضرتك دي فيها أقوى كمبيوتر،,القطعه الفنيه اللي امام حضرتك دي فيها اقوي كمبيوتر،
كمبيونر نسـ....,كمبيونر نس
معلش، يعني، سؤال ساذج في حتة تانية،,معلش، يعني، سوال ساذج في حته تانيه،
بس هي بتقتلها تقريبًا كام طفل في الدقيقة؟,بس هي بتقتلها تقريبًا كام طفل في الدقيقه؟
مش عارف، يا فندم، بصراحة... ما على حسب فيه كام طفل واقفين،,مش عارف، يا فندم، بصراحه ما علي حسب فيه كام طفل واقفين،
يعني، ما اخترعنهاش عشان تـTarget أطفال بالتحديد يعني...,يعني، ما اخترعنهاش عشان ت اطفال بالتحديد يعني
طب معلش يعني، سؤال ساذج تاني يعني،,طب معلش يعني، سوال ساذج تاني يعني،
لو افترضنا إن هناك شخص،,لو افترضنا ان هناك شخص،
ومثلًا مثلًا مثلًا، يعني، مثلًا،,ومثلًا مثلًا مثلًا، يعني، مثلًا،
مثلًا، مثلًا،,مثلًا، مثلًا،
الشخص دا عربي،,الشخص دا عربي،
ومعاه صاروخ مضاد للطيارات،,ومعاه صاروخ مضاد للطيارات،
هل يقدر يوقّعها؟,هل يقدر يوقّعها؟
حضرتك، هتفرق في إيه جنسيته؟!,حضرتك، هتفرق في ايه جنسيته
انت هتخُشلي قافية ولّا إيه يا دكتور؟! رُد على السؤال.,انت هتخُشلي قافيه ولّا ايه يا دكتور رُد علي السوال.
الطيارة صعب جدًا الرادار يلقطها،,الطياره صعب جدًا الرادار يلقطها،
وصعب أي فرد يتتبعها على الـ...,وصعب اي فرد يتتبعها علي ال
سؤال من واحد صاحبي،,سوال من واحد صاحبي،
اللي هو بيفكر يشتري الـModel دا يعني.,اللي هو بيفكر يشتري ال دا يعني.
صاحبك؟!,صاحبك
اتفضل.,اتفضل.
هل النظام بتاعها بالإنجليزي بس؟ ولّا ممكن يبقى...,هل النظام بتاعها بالانجليزي بس؟ ولّا ممكن يبقي
باللهجة العبرية؟,باللهجه العبريه؟
ينفع، هي فيها 7 لغات.,ينفع، هي فيها 7 لغات.
إيه دا؟!,ايه دا
ثانية واحدة! إيه 7 لغات دي؟!,ثانيه واحده! ايه 7 لغات دي
اوعى يكون فيها لغة روسي!,اوعي يكون فيها لغه روسي!
لأ، لأ، ما تخافش، ما فيهاش.,لا، لا، ما تخافش، ما فيهاش.
هو دا الكلام،,هو دا الكلام،
دا اللي بأتكلم عليه.,دا اللي باتكلم عليه.
سؤال، معلش، كمان،,سوال، معلش، كمان،
عشان أنا جاي، وهأخلّص على طول،,عشان انا جاي، وهاخلّص علي طول،
هل فيها Sensor رَكنة؟,هل فيها رَكنه؟
Sensor رَكنة؟!,رَكنه
على فكرة، دا سؤال بجد، ومهم،,علي فكره، دا سوال بجد، ومهم،
وهيساعدك في البيع بعد كدا،,وهيساعدك في البيع بعد كدا،
انت مش شايف العربيات الصيني؟,انت مش شايف العربيات الصيني؟
فيها الـOption دا، على فكرة.,فيها ال دا، علي فكره.
- إيه؟! - طب، خلاص، دا كلام ممتاز،,- ايه - طب، خلاص، دا كلام ممتاز،
"أنا هأكلم ""البنك الدولي"" النهاردة، إن شاء الله،","انا هاكلم ""البنك الدولي"" النهارده، ان شاء الله،"
ونقدم على قرض طيارة.,ونقدم علي قرض طياره.
على فكرة، أسعاركم غالية،,علي فكره، اسعاركم غاليه،
احنا محتاجين نقسّط!,احنا محتاجين نقسّط!
أنا ممكن أشتريها من الـMall بتقفيل محلي أرخص بكتير، رُبع التمن،,انا ممكن اشتريها من ال بتقفيل محلي ارخص بكتير، رُبع التمن،
بس يعني، عشان انت إنسان بشوش ومحترم،,بس يعني، عشان انت انسان بشوش ومحترم،
فأنا قررت إن أنا أشتريها منك.,فانا قررت ان انا اشتريها منك.
قرض طيارة؟!,قرض طياره
"انت جاي تشتري من ""أوتو (سمير ريان)"" يا أسطى؟!","انت جاي تشتري من ""اوتو سمير ريان "" يا اسطي"
أعزائي المشاهدين، السلام عليكم ورحمة الله وبركاته،,اعزايي المشاهدين، السلام عليكم ورحمه الله وبركاته،
"أهلًا بكم في حلقة جديدة، من برنامج ""الدحّيح""!","اهلًا بكم في حلقه جديده، من برنامج ""الدحّيح""!"
عزيزي المُشاهد الجميل، خلّيني آخدك من إيدك، ونروح ليوم غير عادي،,عزيزي المُشاهد الجميل، خلّيني اخدك من ايدك، ونروح ليوم غير عادي،
احنا دلوقتي، يا عزيزي، في يوليو 2011،,احنا دلوقتي، يا عزيزي، في يوليو 2011،
"شايفين أمامنا المقدم ""إيريك سميث""","شايفين امامنا المقدم ""ايريك سميث"""
"وهو واقف في Hangar واسع في ولاية ""تكساس""،","وهو واقف في واسع في ولايه ""تكساس""،"
Hangar تابع لشركة كبيرة جدًا في مجال الأسلحة،,تابع لشركه كبيره جدًا في مجال الاسلحه،
"اسمها ""لوكهيد مارتن"".","اسمها ""لوكهيد مارتن""."
عزيزي، افتكر إن أنا قُلتلك النهاردة يوم غير عادي.,عزيزي، افتكر ان انا قُلتلك النهارده يوم غير عادي.
"المقدم ""إيريك"" كان متحمس،","المقدم ""ايريك"" كان متحمس،"
لأنه هيجرب الطيارة، اللي هتغيّر العالم بشكل غير عادي،,لانه هيجرب الطياره، اللي هتغيّر العالم بشكل غير عادي،
طيارة، لو معاك، هتكسب أي حرب.,طياره، لو معاك، هتكسب اي حرب.
عزيزي، مش محتاج أقولّك إن أنا بأتكلم عن الطيارة F-35،,عزيزي، مش محتاج اقولّك ان انا باتكلم عن الطياره -35،
"""(إيرلينج هالاند) السماء""!",""" ايرلينج هالاند السماء""!"
"ثانية واحدة! مين (إيرلينج هالاند) السماء؟! هو مش أنا؟!""","ثانيه واحده! مين ايرلينج هالاند السماء هو مش انا """
"""إيريك""، يا عزيزي، كان حاسس بحالة من الهيبة والعظمة،","""ايريك""، يا عزيزي، كان حاسس بحاله من الهيبه والعظمه،"
الطيارة قُدّامه ما فيهاش غلطة،,الطياره قُدّامه ما فيهاش غلطه،
"بتقولّه: ""اتفضل، ادخل.""","بتقولّه: ""اتفضل، ادخل."""
اللي حصل، يا عزيزي، إن هو لمّا ركبها، اتوتر جدًا،,اللي حصل، يا عزيزي، ان هو لمّا ركبها، اتوتر جدًا،
برغم، يا عزيزي، إن هو وقتها ما كانش داخل حرب،,برغم، يا عزيزي، ان هو وقتها ما كانش داخل حرب،
دا كان لسة بيجرب،,دا كان لسه بيجرب،
مطلوب منه إن هو يعمل Test، يجربها،,مطلوب منه ان هو يعمل ، يجربها،
"هيطير بيها من المصنع لقاعدة موجودة في ""فلوريدا"".","هيطير بيها من المصنع لقاعده موجوده في ""فلوريدا""."
طبعًا، يا عزيزي، لمّا انت بتيجي تتكلم عن حاجة زي الـF-35،,طبعًا، يا عزيزي، لمّا انت بتيجي تتكلم عن حاجه زي ال -35،
احنا نعرف إن سرعتها ممتازة،,احنا نعرف ان سرعتها ممتازه،
فليه الراجل دا خايف؟,فليه الراجل دا خايف؟
ولكن، حقيقة الأمر، إن احنا كنا هنا لسة بنجرب، لسة ما نعرفش،,ولكن، حقيقه الامر، ان احنا كنا هنا لسه بنجرب، لسه ما نعرفش،
أصغر غلطة هتحصل في هذه التجربة ممكن تسمّع في الإعلام كله،,اصغر غلطه هتحصل في هذه التجربه ممكن تسمّع في الاعلام كله،
"ممكن تأثر على مبيعات ""لوكهيد مارتن""،","ممكن تاثر علي مبيعات ""لوكهيد مارتن""،"
ودي، يا عزيزي، مبيعات بمليارات الدولارات،,ودي، يا عزيزي، مبيعات بمليارات الدولارات،
ودي مش مبيعات بتمثل الشركة بس،,ودي مش مبيعات بتمثل الشركه بس،
"لأ، دي بتمثل أقوى قوة عسكرية في العالم، ""الولايات المتحدة الأمريكية"".","لا، دي بتمثل اقوي قوه عسكريه في العالم، ""الولايات المتحده الامريكيه""."
أنا عايز، يا عزيزي، أفاجئك وأقولّك إن تكلفة تطوير مشروع هذه الطائرة,انا عايز، يا عزيزي، افاجيك واقولّك ان تكلفه تطوير مشروع هذه الطايره
كانت أكتر من تقريبًا تريليون دولار، 12 صفر.,كانت اكتر من تقريبًا تريليون دولار، 12 صفر.
"وبالفعل، ""إيريك""، يا عزيزي، بيطلع، وبيوصل إلى ""فلوريدا"" بنجاح،","وبالفعل، ""ايريك""، يا عزيزي، بيطلع، وبيوصل الي ""فلوريدا"" بنجاح،"
وبيخرج وهو مبتسم من الطيارة.,وبيخرج وهو مبتسم من الطياره.
"""طب مبتسم، يا (أبو حميد)، عشان هو طلع بالسلامة، الحمد لله،","""طب مبتسم، يا ابو حميد ، عشان هو طلع بالسلامه، الحمد لله،"
لأنه كان نازل من طيارة عسكرية،,لانه كان نازل من طياره عسكريه،
دا شعور الارتياح،,دا شعور الارتياح،
"ما هو برضه مش طالع من (طواجن بيبو).""","ما هو برضه مش طالع من طواجن بيبو ."""
عزيزي المُشاهد الجميل، شكلك ما تعرفش ركوب الطيارات المقاتلة عامل ازاي.,عزيزي المُشاهد الجميل، شكلك ما تعرفش ركوب الطيارات المقاتله عامل ازاي.
في العادي، الطيار المقاتل لمّا كان بيخلّص مهمة،,في العادي، الطيار المقاتل لمّا كان بيخلّص مهمه،
كان بيرجع مرهق، ورقبته واجعاه من الضغط،,كان بيرجع مرهق، ورقبته واجعاه من الضغط،
إيديه بتترعش وأدرينالنه مشطب،,ايديه بتترعش وادرينالنه مشطب،
لكن مستحيل يبقى راجع وشّه منوّر بدر كدا.,لكن مستحيل يبقي راجع وشّه منوّر بدر كدا.
الطيار المبتسم دا يبقى الطيار مثلًا المدني،,الطيار المبتسم دا يبقي الطيار مثلًا المدني،
ما بيطيرش بسرعات عالية أوي،,ما بيطيرش بسرعات عاليه اوي،
ما بيعملش مراوغات هوائية مجنونة،,ما بيعملش مراوغات هواييه مجنونه،
آه، 90% من الوقت الطيران الآلي هو اللي شغال، وهو ماسك الميكروفون،,اه، 90 من الوقت الطيران الالي هو اللي شغال، وهو ماسك الميكروفون،
نبطشي على الطيارة،,نبطشي علي الطياره،
"""الكابتن يرحب بكم""، ""الكابتن بيقول دعاء السَفَر""،","""الكابتن يرحب بكم""، ""الكابتن بيقول دعاء السَفَر""،"
"""مطب جوّي، خُدوا بالكم!""","""مطب جوّي، خُدوا بالكم!"""
خُد بالك انت، انت اللي سايق!,خُد بالك انت، انت اللي سايق!
أنا هأعمل إيه؟!,انا هاعمل ايه
الـF-35 لا شك إنها كانت نقلة في الطيران الحربي،,ال -35 لا شك انها كانت نقله في الطيران الحربي،
يُقال إن البرامج بتاعتها شيء فريد، ما بيطلعش إلا كل تقريبًا 30 سنة.,يُقال ان البرامج بتاعتها شيء فريد، ما بيطلعش الا كل تقريبًا 30 سنه.
ولكن عشان أوصفلك ازاي الـF-35 غيّرت من تجربة الطيران نفسها،,ولكن عشان اوصفلك ازاي ال -35 غيّرت من تجربه الطيران نفسها،
فاحنا محتاجين نرجع لتاريخ أقدم بكتير من اللي بأكلمك فيه،,فاحنا محتاجين نرجع لتاريخ اقدم بكتير من اللي باكلمك فيه،
محتاجين نشوف علاقة الإنسان نفسه بفكرة الطيران؟,محتاجين نشوف علاقه الانسان نفسه بفكره الطيران؟
حكاية الإنسان، يا عزيزي، مع الطيران، زي ما انت عارف كدا، عمرها آلاف السنين،,حكايه الانسان، يا عزيزي، مع الطيران، زي ما انت عارف كدا، عمرها الاف السنين،
بدأت بنفسنة على الطيور اللي موجودة حوالينا،,بدات بنفسنه علي الطيور اللي موجوده حوالينا،
النسر كان ماشي كدا في حاله،,النسر كان ماشي كدا في حاله،
لقى نفسه بيـ... كداهو، فيه إنسان بيُقرّ عليه!,لقي نفسه بي كداهو، فيه انسان بيُقرّ عليه!
يبقى الطائر من دُول تايه في السرب، مش عارف هيهاجم يمين ولّا شمال،,يبقي الطاير من دُول تايه في السرب، مش عارف هيهاجم يمين ولّا شمال،
"وفيه إنسان تحت عمّال بيقول: ""يا بخته، طاير، وأنا لأ!""","وفيه انسان تحت عمّال بيقول: ""يا بخته، طاير، وانا لا!"""
في الأول، يا عزيزي، شعور الإنسان بالطيور كان شعور مراقب،,في الاول، يا عزيزي، شعور الانسان بالطيور كان شعور مراقب،
حد ما قدرش يختبر فكرة أو حتى يجربها،,حد ما قدرش يختبر فكره او حتي يجربها،
"ولكن كل دا بيتغيّر، لمّا الأخوان ""رايت"" بيعملوا أول طيارة سنة 1903.","ولكن كل دا بيتغيّر، لمّا الاخوان ""رايت"" بيعملوا اول طياره سنه 1903."
قد تظن إن كدا الإنسانية اطمنت،,قد تظن ان كدا الانسانيه اطمنت،
هنطير زي الطيور، الحمد لله،,هنطير زي الطيور، الحمد لله،
خلاص، ما بقاش فيه حدود، نقدر نستكشف الكوكب أكتر.,خلاص، ما بقاش فيه حدود، نقدر نستكشف الكوكب اكتر.
ولكن، يا عزيزي، الإنسانية بتحول كل حاجة إما لفلوس، أو نفوذ،,ولكن، يا عزيزي، الانسانيه بتحول كل حاجه اما لفلوس، او نفوذ،
عشان بعد 4 سنين، نشوف سنة 1907,عشان بعد 4 سنين، نشوف سنه 1907
"الجيش الأمريكي بيعمل قسم اسمه ""ماكينات الجو""، الـAir Machines،","الجيش الامريكي بيعمل قسم اسمه ""ماكينات الجو""، ال ،"
للأسف، يا عزيزي، الحروب وقود التكنولوجيا،,للاسف، يا عزيزي، الحروب وقود التكنولوجيا،
من غير وجود حروب وبشر بيتصارعوا،,من غير وجود حروب وبشر بيتصارعوا،
العِلم ما كانش هيتطور بهذا الشكل،,العِلم ما كانش هيتطور بهذا الشكل،
ما كناش هنطلع القمر، ما كناش هنستثمر في الطيارات،,ما كناش هنطلع القمر، ما كناش هنستثمر في الطيارات،
ما كناش هنعمل حاجات كتير أوي،,ما كناش هنعمل حاجات كتير اوي،
اكتشاف الكون وما حوله كان خناقة،,اكتشاف الكون وما حوله كان خناقه،
"عشان نشوف مين فتوة الكوكب بين ""أمريكا"" و""روسيا""!","عشان نشوف مين فتوه الكوكب بين ""امريكا"" و""روسيا""!"
نتحرك 4 سنين، نوصل لسنة 1911،,نتحرك 4 سنين، نوصل لسنه 1911،
"الوقت اللي ""إيطاليا"" فيه بتحتل ""ليبيا""، اللي كانت تابعة للدولة العثمانية،","الوقت اللي ""ايطاليا"" فيه بتحتل ""ليبيا""، اللي كانت تابعه للدوله العثمانيه،"
"بنقرا جواب بعته الملازم الإيطالي ""جوليو جافوتي""،","بنقرا جواب بعته الملازم الايطالي ""جوليو جافوتي""،"
بعته لمين؟ بعته لباباه.,بعته لمين؟ بعته لباباه.
الملازم، يا عزيزي، بيحكي عن شعور غريب،,الملازم، يا عزيزي، بيحكي عن شعور غريب،
"""أنا النهاردة رميت قنابل من الطيارة","""انا النهارده رميت قنابل من الطياره"
دي حاجة جامدة، أقدر أجربها في الأتراك،,دي حاجه جامده، اقدر اجربها في الاتراك،
تبقى ماشي كدا فوق، بتحلّق،,تبقي ماشي كدا فوق، بتحلّق،
ترمي على الناس اللي تحت قنابل، يموتوا!,ترمي علي الناس اللي تحت قنابل، يموتوا!
"لا انت قربتلهم، ولا هما قربولك.""","لا انت قربتلهم، ولا هما قربولك."""
"""جوليو""، يا عزيزي، كان راكب طيارة اسمها ""إيتريك تاوب""،","""جوليو""، يا عزيزي، كان راكب طياره اسمها ""ايتريك تاوب""،"
ودي طيارة خشب، تبان كأنها لعبة،,ودي طياره خشب، تبان كانها لعبه،
ولكن الطيار دا كان معاه 4 قنابل على متن هذه الطيارة،,ولكن الطيار دا كان معاه 4 قنابل علي متن هذه الطياره،
خُد بالك، كانوا معاه هو، مش في جسم الطيارة.,خُد بالك، كانوا معاه هو، مش في جسم الطياره.
"وصحيح إن ""جوليو"" رمى القنابل دي بإيده،","وصحيح ان ""جوليو"" رمي القنابل دي بايده،"
ولف ورجع تاني، من غير ما يقتل أي حد،,ولف ورجع تاني، من غير ما يقتل اي حد،
إلا إن هذه اللحظة كانت لحظة صادمة في عالم الحروب،,الا ان هذه اللحظه كانت لحظه صادمه في عالم الحروب،
أصل هي حاجة من الاتنين، يا بنحارب كدا، فيه سيوف،,اصل هي حاجه من الاتنين، يا بنحارب كدا، فيه سيوف،
يا بنحارب كدا، لكن إيه كدا دي؟!,يا بنحارب كدا، لكن ايه كدا دي
زمان، الطيارات كان هدفها إنها تعمل استطلاع بس، مش تهاجم،,زمان، الطيارات كان هدفها انها تعمل استطلاع بس، مش تهاجم،
"فالدول لمّا شافت هذه الفكرة، قالت: ""إيه دا؟! حلو أوي!""","فالدول لمّا شافت هذه الفكره، قالت: ""ايه دا حلو اوي!"""
وقتها، خُد بالك، الحرب العالمية الأولى كانت على وشك إنها تبدأ،,وقتها، خُد بالك، الحرب العالميه الاولي كانت علي وشك انها تبدا،
احنا داخلين على Season، موسمين، لحد دلوقتي!,احنا داخلين علي ، موسمين، لحد دلوقتي!
وبالفعل، يا عزيزي، الحرب بدأت من هنا، والسما اتملت طيارات،,وبالفعل، يا عزيزي، الحرب بدات من هنا، والسما اتملت طيارات،
وبالتدريج، الطيارات دي بدأت ترمي قنابل من فوق،,وبالتدريج، الطيارات دي بدات ترمي قنابل من فوق،
وتدعم الجنود اللي على الأرض.,وتدعم الجنود اللي علي الارض.
وفي خلال وقت قليل جدًا، حصل تطور كبير،,وفي خلال وقت قليل جدًا، حصل تطور كبير،
الطيارات بدأت تحارب بعض في السما،,الطيارات بدات تحارب بعض في السما،
كأنها كلاب سعرانة بتجري ورا بعض،,كانها كلاب سعرانه بتجري ورا بعض،
وبالفعل، المعارك دي هتتسمى بالـDogfights.,وبالفعل، المعارك دي هتتسمي بال .
هنا، يا عزيزي، تاني، كل حاجة اتغيرت،,هنا، يا عزيزي، تاني، كل حاجه اتغيرت،
الطيارات ما عادتش جهاز استطلاع بس،,الطيارات ما عادتش جهاز استطلاع بس،
ما عادتش حاجة بترمي قنابل بس،,ما عادتش حاجه بترمي قنابل بس،
لأ، دي حاجات بتحارب بعض،,لا، دي حاجات بتحارب بعض،
الطيارات أصبحت سلاح مستقل بذاته، مش بس وسائل دعم.,الطيارات اصبحت سلاح مستقل بذاته، مش بس وسايل دعم.
بنبص تحت، بنلاقي الجيش بيتحرك في مجموعات كبيرة،,بنبص تحت، بنلاقي الجيش بيتحرك في مجموعات كبيره،
آلاف وآلاف بيموتوا في الخنادق وعلى الجبهة،,الاف والاف بيموتوا في الخنادق وعلي الجبهه،
بينما، فوق في السما، الطيارات عمّالة تلف وتدور وتعمل مناورات،,بينما، فوق في السما، الطيارات عمّاله تلف وتدور وتعمل مناورات،
وكل طيار مركّز في معركة ضد طيار تاني،,وكل طيار مركّز في معركه ضد طيار تاني،
الموضوع بقى زي ما يكون مبارزة،,الموضوع بقي زي ما يكون مبارزه،
وبالتدريج، الطيارين بقوا رمز للمهارة والنبل والشجاعة،,وبالتدريج، الطيارين بقوا رمز للمهاره والنبل والشجاعه،
"واتسموا بـ""فرسان السماء""، Knights of The Air،","واتسموا ب""فرسان السماء""، ،"
ولمّا بينزلوا على الأرض، يعملوا Landing،,ولمّا بينزلوا علي الارض، يعملوا ،
بيجدوا نفسهم نجوم وسط المجتمع،,بيجدوا نفسهم نجوم وسط المجتمع،
أساميهم معروفة، وكل واحد له الـRecord بتاعه،,اساميهم معروفه، وكل واحد له ال بتاعه،
وقّع كام طيارة قبل كدا.,وقّع كام طياره قبل كدا.
والطيارين بدأوا يعيشوا دور النجوم ودور الفرسان،,والطيارين بداوا يعيشوا دور النجوم ودور الفرسان،
وبدأوا، يا عزيزي، يعملوا حاجات غريبة جدًا،,وبداوا، يا عزيزي، يعملوا حاجات غريبه جدًا،
لدرجة، يا عزيزي، إن مرة طيار ألماني,لدرجه، يا عزيزي، ان مره طيار الماني
أجبر طيارة بريطانية إنها تهبط،,اجبر طياره بريطانيه انها تهبط،
فنزل الاتنين طيارين سلّموا على بعض،,فنزل الاتنين طيارين سلّموا علي بعض،
وشربوا كوبايتين قهوة، وقعدوا يدردشوا عن الطيران،,وشربوا كوبايتين قهوه، وقعدوا يدردشوا عن الطيران،
وفيه إيه؟ حرب عالمية شغالة!,وفيه ايه؟ حرب عالميه شغاله!
اللي بأحاول أقوله، يا عزيزي، كأن انت بتلاعب فريق,اللي باحاول اقوله، يا عزيزي، كان انت بتلاعب فريق
"فالفريق جاب فيك ""جول""،","فالفريق جاب فيك ""جول""،"
"فانت قُلت: ""الله! دا (جول) حلو! عرّفني ازاي جيبته؟!""","فانت قُلت: ""الله! دا جول حلو! عرّفني ازاي جيبته """
مش مهم نهائي القرن اللي شغال دا على مين هيحكم الكوكب، دي تفاصيل!,مش مهم نهايي القرن اللي شغال دا علي مين هيحكم الكوكب، دي تفاصيل!
دا كمان، على مستوى الجيش، ابتدوا يبصوا لسلاح الطيران بفخر،,دا كمان، علي مستوي الجيش، ابتدوا يبصوا لسلاح الطيران بفخر،
ومن هنا، بدأ سباق الطيارات الحربية،,ومن هنا، بدا سباق الطيارات الحربيه،
وأصبح الهدف حاجة واحدة،,واصبح الهدف حاجه واحده،
"""احنا محتاجين نطور طيارات، عشان تضرب قنابل،","""احنا محتاجين نطور طيارات، عشان تضرب قنابل،"
"وعشان تكسب في المبارزات الفردية.""","وعشان تكسب في المبارزات الفرديه."""
الإنجليز عملوا الـSupermarine Spitfire،,الانجليز عملوا ال ،
طوروا المحرك، وخلّوا الجناحات شكلها بيضاوي،,طوروا المحرك، وخلّوا الجناحات شكلها بيضاوي،
عشان الطيارة تعمل إيه؟ تقدر تلفّ وتعمل غُرَز ودورانات على الضيّق.,عشان الطياره تعمل ايه؟ تقدر تلفّ وتعمل غُرَز ودورانات علي الضيّق.
اليابانيين، على الناحية التانية، عملوا الـMitsubishi Zero،,اليابانيين، علي الناحيه التانيه، عملوا ال ،
خلّوا الطيارات خفيفة،,خلّوا الطيارات خفيفه،
عشان تقدر تعمل دورانات مستحيلة قُدّام الأمريكان،,عشان تقدر تعمل دورانات مستحيله قُدّام الامريكان،
"أول طيارة ""ميني ستيريو"" وسط السُحُب!","اول طياره ""ميني ستيريو"" وسط السُحُب!"
وعشان الطيارة خفيفة، ما بقيتش تحتاج بنزين أكتر،,وعشان الطياره خفيفه، ما بقيتش تحتاج بنزين اكتر،
فتقدر تقعد فترات طويلة في الجو.,فتقدر تقعد فترات طويله في الجو.
بعدها، الأمريكان بيعملوا الـF-4 Phantom،,بعدها، الامريكان بيعملوا ال -4 ،
ودي، يا عزيزي، نعرفها كويس أوي، فين؟ في منطقتنا،,ودي، يا عزيزي، نعرفها كويس اوي، فين؟ في منطقتنا،
"ليه؟ لأن ""إسرائيل"" كانت بتستعملها يوم 14 أكتوبر سنة 73،","ليه؟ لان ""اسراييل"" كانت بتستعملها يوم 14 اكتوبر سنه 73،"
عملوا هجوم جوي بـ120 طيارة,عملوا هجوم جوي ب120 طياره
"على مطارات ""المنصورة"" و""طنطا""،","علي مطارات ""المنصوره"" و""طنطا""،"
بعد ما كانوا بيترنحوا، كانوا بيحاولوا يكسبوا بأي شكل من الأشكال،,بعد ما كانوا بيترنحوا، كانوا بيحاولوا يكسبوا باي شكل من الاشكال،
"""في محاولة إن احنا ننقذ الموقف!","""في محاوله ان احنا ننقذ الموقف!"
عايزين نحفظ ماء وجهنا بقى!,عايزين نحفظ ماء وجهنا بقي!
"الخراطيم جاية من كل حتة!""","الخراطيم جايه من كل حته!"""
"اللي بيحصل، يا عزيزي، إن ""مصر"" بتحاول تواجه هذا الهجوم الضخم","اللي بيحصل، يا عزيزي، ان ""مصر"" بتحاول تواجه هذا الهجوم الضخم"
"بطيارات ""ميج 21"" الروسية،","بطيارات ""ميج 21"" الروسيه،"
"اللي صحيح كانت أقدم من الـ""فانتوم""،","اللي صحيح كانت اقدم من ال""فانتوم""،"
ولكن افتكر إن احنا في مبارزة،,ولكن افتكر ان احنا في مبارزه،
Actually، شطارة الطيار هي اللي بتكسب، مش الطيارة.,، شطاره الطيار هي اللي بتكسب، مش الطياره.
المعركة، يا عزيزي، فضلت شغالة 53 دقيقة متواصلة،,المعركه، يا عزيزي، فضلت شغاله 53 دقيقه متواصله،
وبقت، يا عزيزي، دا Record احنا ما نعرفش عنه حاجة،,وبقت، يا عزيزي، دا احنا ما نعرفش عنه حاجه،
أطول معركة جوية في التاريخ،,اطول معركه جويه في التاريخ،
"وانتهت، يا عزيزي، بفشل ""إسرائيل"" وانسحابها.","وانتهت، يا عزيزي، بفشل ""اسراييل"" وانسحابها."
"""علّمونا في مدرستنا ازاي نحبها""","""علّمونا في مدرستنا ازاي نحبها"""
خلّيني، يا عزيزي، أقولّك على معلومة هتفاجئك جدًا،,خلّيني، يا عزيزي، اقولّك علي معلومه هتفاجيك جدًا،
"الـ""فانتوم""، اللي بأكلمك عنها دي،","ال""فانتوم""، اللي باكلمك عنها دي،"
سرعتها 2.2 ماخ.,سرعتها 2.2 ماخ.
"""ياه يا (أبو حميد)، 2.2...! يعني إيه دا يا (أبو حميد)؟!""","""ياه يا ابو حميد ، 2.2 يعني ايه دا يا ابو حميد """
"باختصار، يا عزيزي، الـ""فانتوم"" بتاعة السبعينات،","باختصار، يا عزيزي، ال""فانتوم"" بتاعه السبعينات،"
اللي أقدم من خالك،,اللي اقدم من خالك،
أسرع مرة ونُص من الـF-35، اللي بنحارب بيها اليومين دُول،,اسرع مره ونُص من ال -35، اللي بنحارب بيها اليومين دُول،
"""(أبو حميد)، خلّيني أقولّك وأنبهك،",""" ابو حميد ، خلّيني اقولّك وانبهك،"
انت بتقع في فخ، السرعة ليست كل شيء،,انت بتقع في فخ، السرعه ليست كل شيء،
وإن كانت السرعة كل شيء، لفازت (ماجنم) في كل السباقات.,وان كانت السرعه كل شيء، لفازت ماجنم في كل السباقات.
ولكن دائمًا تجد (لاحق) في الـ(باناسونيك) يجيد الانحراف والمنحنيات!,ولكن دايمًا تجد لاحق في ال باناسونيك يجيد الانحراف والمنحنيات!
وأحيانًا طبعًا، (نكش) بيكسب، لأنه غني!,واحيانًا طبعًا، نكش بيكسب، لانه غني!
"اللي عايز أقولهولك، يا (أبو حميد) يا جاهل، السرعة ليست كل شيء.""","اللي عايز اقولهولك، يا ابو حميد يا جاهل، السرعه ليست كل شيء."""
"Bravo، يا عزيزي، انت استفدت حاجة من ""(سابق) و(لاحق)""!","، يا عزيزي، انت استفدت حاجه من "" سابق و لاحق ""!"
بالفعل، يا عزيزي، هناك عوامل كتير جدًا جدًا تخلّي الطيارة أحسن من طيارة تانية،,بالفعل، يا عزيزي، هناك عوامل كتير جدًا جدًا تخلّي الطياره احسن من طياره تانيه،
مثلًا، في حالة المقاتلات النفاثة،,مثلًا، في حاله المقاتلات النفاثه،
"فيه عامل اسمه ""تحميل الجناح""، الـWing Loading،","فيه عامل اسمه ""تحميل الجناح""، ال ،"
دا وزن الطيارة على مساحة الجناح،,دا وزن الطياره علي مساحه الجناح،
يعني كل متر مربع من الجناح يقدر يشيلّنا وزن أد إيه،,يعني كل متر مربع من الجناح يقدر يشيلّنا وزن اد ايه،
كل ما الرقم دا يقلّ، كل ما الطيارة تقدر تراوغ بمرونة وسهولة أكتر،,كل ما الرقم دا يقلّ، كل ما الطياره تقدر تراوغ بمرونه وسهوله اكتر،
الـF-35 تحميل الجناح بتاعها حوالي 500 كيلو على المتر المربّع.,ال -35 تحميل الجناح بتاعها حوالي 500 كيلو علي المتر المربّع.
طبعًا، انت ما عندكش أي Reference،,طبعًا، انت ما عندكش اي ،
"فخلّيني أرقعك بالـ""رافال"" الفرنسية،","فخلّيني ارقعك بال""رافال"" الفرنسيه،"
"والـ""سوخوي 35"" الروسية،","وال""سوخوي 35"" الروسيه،"
دُول تحميلهم حوالي 300 كيلو بس،,دُول تحميلهم حوالي 300 كيلو بس،
تقريبًا، نُص الـF-35.,تقريبًا، نُص ال -35.
"""إيه دا يا (أبو حميد)؟! دا كدا لا سرعة ولا مرونة!","""ايه دا يا ابو حميد دا كدا لا سرعه ولا مرونه!"
دي بتحارب بالدعاء يا (أبو حميد)؟!,دي بتحارب بالدعاء يا ابو حميد
الله! وليه الناس ملهوفة عليها كداهو؟!,الله! وليه الناس ملهوفه عليها كداهو
"اكمن بُقها لباب السما يعني؟! الله!""","اكمن بُقها لباب السما يعني الله!"""
عزيزي المشاهد الجميل، قبل ما تفكر إن الـF-35 طيارة بركة،,عزيزي المشاهد الجميل، قبل ما تفكر ان ال -35 طياره بركه،
عايزك لا تتسرع.,عايزك لا تتسرع.
خُد بالك، يا عزيزي، إن هناك عنصر تالت غير السرعة والمرونة,خُد بالك، يا عزيزي، ان هناك عنصر تالت غير السرعه والمرونه
في تقييم الطيارات الحربية،,في تقييم الطيارات الحربيه،
هذا العنصر هو عنصر التسليح،,هذا العنصر هو عنصر التسليح،
على مستوى التسليح، الـF-35 عندها القدرة إنها تشيل 4 صواريخ جو جو،,علي مستوي التسليح، ال -35 عندها القدره انها تشيل 4 صواريخ جو جو،
الرقم دا، يا عزيزي، ممكن يزيد ويوصل لـ10.,الرقم دا، يا عزيزي، ممكن يزيد ويوصل ل10.
أما مدفع الطيارة، فبيقدر يضرب رصاص 25 مللي.,اما مدفع الطياره، فبيقدر يضرب رصاص 25 مللي.
"""الله أكبر يا (أبو حميد)!","""الله اكبر يا ابو حميد !"
"يعني هو دا السبب أكيد اللي بيخلّيها طيارة متميزة، التسليح بتاعها.""","يعني هو دا السبب اكيد اللي بيخلّيها طياره متميزه، التسليح بتاعها."""
خلّيني، يا عزيزي، أرجع أفاجئك وأقولّك خلّينا نشوف المنافسين،,خلّيني، يا عزيزي، ارجع افاجيك واقولّك خلّينا نشوف المنافسين،
تعالى، يا عزيزي، نبص على المنافسين في السوق،,تعالي، يا عزيزي، نبص علي المنافسين في السوق،
الروسي، يا عزيزي، منه يقدر يشيل من 10 صواريخ لـ14 صاروخ،,الروسي، يا عزيزي، منه يقدر يشيل من 10 صواريخ ل14 صاروخ،
والمدفع بيضرب عيار 30، مش 25،,والمدفع بيضرب عيار 30، مش 25،
دا غير أصلًا، لسة قايلّك إن الروسي أسرع وبيراوغ أحسن.,دا غير اصلًا، لسه قايلّك ان الروسي اسرع وبيراوغ احسن.
"""يا نهار أسود يا (أبو حميد)! كل دا مش موجود في الـF-35،","""يا نهار اسود يا ابو حميد ! كل دا مش موجود في ال -35،"
والدول بتتهافت عشان تشتريها؟!,والدول بتتهافت عشان تشتريها
هو إيه بقى يا (أبو حميد) يعني؟! معمول عليها خصم؟!,هو ايه بقي يا ابو حميد يعني معمول عليها خصم
سعرها أفضل، فبنجيبهم؟!,سعرها افضل، فبنجيبهم
"الاتنين F-35 بسعر واحدة؟ قولّي! ليه الناس بتشتريها؟!""","الاتنين -35 بسعر واحده؟ قولّي! ليه الناس بتشتريها """
خلّيني أقولّك، يا عزيزي، إن تكلفة صناعتها وتكلفة صيانتها أغلى من الباقيين،,خلّيني اقولّك، يا عزيزي، ان تكلفه صناعتها وتكلفه صيانتها اغلي من الباقيين،
وبالرغم من كل اللي قُلتهولك دا،,وبالرغم من كل اللي قُلتهولك دا،
"إلا إن أغلب دوَل حلف الـ""ناتو"" بيشتروا الـF-35،","الا ان اغلب دوَل حلف ال""ناتو"" بيشتروا ال -35،"
"واللي مستحيل إنها تتباع لـ""روسيا"" و""إيران"" و""الصين""،","واللي مستحيل انها تتباع ل""روسيا"" و""ايران"" و""الصين""،"
"أي دولة ما لهاش علاقة قوية مع ""الولايات المتحدة الأمريكية""،","اي دوله ما لهاش علاقه قويه مع ""الولايات المتحده الامريكيه""،"
ما بتشتريش، ما تقدرش تشتري.,ما بتشتريش، ما تقدرش تشتري.
"وانت حتى، يا عزيزي، لو كنت دولة قدرت تشتري من ""الولايات المتحدة الأمريكية""،","وانت حتي، يا عزيزي، لو كنت دوله قدرت تشتري من ""الولايات المتحده الامريكيه""،"
"ما بتاخدش اللي مع ""الولايات المتحدة الأمريكية""،","ما بتاخدش اللي مع ""الولايات المتحده الامريكيه""،"
بيطلّعولك الـHigh Copy، اللي بيتباع في المترو دا،,بيطلّعولك ال ، اللي بيتباع في المترو دا،
نسخة دايمًا أقل حاجة بسيطة، لأن انت ممكن تتقلب وتحوّل،,نسخه دايمًا اقل حاجه بسيطه، لان انت ممكن تتقلب وتحوّل،
"فلازم يبقى ""أمريكا"" عندها Advantage عليك.","فلازم يبقي ""امريكا"" عندها عليك."
"""(أبو حميد)، ثانية واحدة،",""" ابو حميد ، ثانيه واحده،"
أنا حاسس إن انت اخترت البطل الغير موفق في الحلقة!,انا حاسس ان انت اخترت البطل الغير موفق في الحلقه!
أنا حاسس إن الطيارة الروسي كانت ممكن تعمل حلقة ممتازة،,انا حاسس ان الطياره الروسي كانت ممكن تعمل حلقه ممتازه،
إيه اللي خلّاك تختار الـF-35؟!,ايه اللي خلّاك تختار ال -35
هل يا (أبو حميد) (لوكهيد مارتن) مولوك؟!,هل يا ابو حميد لوكهيد مارتن مولوك
مش هينفع أقول، يا عزيزي!,مش هينفع اقول، يا عزيزي!
أنا ما بأخافش من حد!,انا ما باخافش من حد!
"خلاص، أنا هأشوط ""بلينتي""؟!","خلاص، انا هاشوط ""بلينتي"""
الحقيقة، يا عزيزي، إن أنا اخترت بطل مثالي لهذه الحلقة،,الحقيقه، يا عزيزي، ان انا اخترت بطل مثالي لهذه الحلقه،
لأن اللي حصل إن اعتبارات الحرب نفسها اتغيرت،,لان اللي حصل ان اعتبارات الحرب نفسها اتغيرت،
تغير خلّى السرعة والمرونة وكل المواصفات، اللي حكيتلك عنها دي،,تغير خلّي السرعه والمرونه وكل المواصفات، اللي حكيتلك عنها دي،
لم تعُد أهم شيء في الطيارة،,لم تعُد اهم شيء في الطياره،
كل دا بدأ بنظرية.,كل دا بدا بنظريه.
بعد نهاية الحرب العالمية الأولى،,بعد نهايه الحرب العالميه الاولي،
"الطيار الإيطالي ""جوليو دويت"" نشر نظرية بعنوان Command of The Air،","الطيار الايطالي ""جوليو دويت"" نشر نظريه بعنوان ،"
"كابتن ""جوليو"" لاحظ التطور الضخم في سلاح الجو وقت الحرب،","كابتن ""جوليو"" لاحظ التطور الضخم في سلاح الجو وقت الحرب،"
"وقال: ""يا جماعة، بدل ما نضيّع وقتنا في مبارزات استعراضية بين الطيارات،","وقال: ""يا جماعه، بدل ما نضيّع وقتنا في مبارزات استعراضيه بين الطيارات،"
لأ، احنا نخلّي الطيارات تعدّي من فوق كل حاجة،,لا، احنا نخلّي الطيارات تعدّي من فوق كل حاجه،
تـSkip بقى المدفعية والمشاة والدبابات، وتوصل لقلب العدو،,ت بقي المدفعيه والمشاه والدبابات، وتوصل لقلب العدو،
ومش هتهدم البنية التحتية،,ومش هتهدم البنيه التحتيه،
"لأ، هتهدم البنية المعنوية.""","لا، هتهدم البنيه المعنويه."""
"""(أبو حميد)، البنية المعنوية دي مكلفة؟!",""" ابو حميد ، البنيه المعنويه دي مكلفه"
(أبو حميد)، البنية المعنوية دي فين بالظبط؟!,ابو حميد ، البنيه المعنويه دي فين بالظبط
يعني، فين في مفاصل الدولة,يعني، فين في مفاصل الدوله
"لمّا البنية المعنوية بتتضرب، الدولة بتريح؟""","لمّا البنيه المعنويه بتتضرب، الدوله بتريح؟"""
اللي الراجل دا، يا عزيزي، بيحاول يقوله,اللي الراجل دا، يا عزيزي، بيحاول يقوله
إن الطيارة المفروض تضرب المجتمع،,ان الطياره المفروض تضرب المجتمع،
مش بتضرب الجيوش، مش بتضرب المباني،,مش بتضرب الجيوش، مش بتضرب المباني،
بتضرب نفوس الناس، سطوة نفسية.,بتضرب نفوس الناس، سطوه نفسيه.
الأوروبيين عجبهم الكلام دا،,الاوروبيين عجبهم الكلام دا،
إيديهم بدأت تاكلهم، عايزين يجربوا النظرية دي.,ايديهم بدات تاكلهم، عايزين يجربوا النظريه دي.
بالفعل، يا عزيزي، سنة 1937، وخلال الحرب الأهلية الإسبانية،,بالفعل، يا عزيزي، سنه 1937، وخلال الحرب الاهليه الاسبانيه،
الإيطاليين والنازيين بعتوا حوالي 30 طيارة،,الايطاليين والنازيين بعتوا حوالي 30 طياره،
"على فين؟ هنروح على مدينة ""جرينكا"" الإسبانية،","علي فين؟ هنروح علي مدينه ""جرينكا"" الاسبانيه،"
رموا عليها ما يقرب من 40 طن متفجرات،,رموا عليها ما يقرب من 40 طن متفجرات،
%70 من مباني المدينة اتمحت،,70 من مباني المدينه اتمحت،
"""جرينكا"" بقت Smashed!","""جرينكا"" بقت !"
دي، يا عزيزي، كانت من أوائل التجارب،,دي، يا عزيزي، كانت من اوايل التجارب،
واحنا على إيه؟ على مشارف الحرب العالمية التانية.,واحنا علي ايه؟ علي مشارف الحرب العالميه التانيه.
لمّا الحرب العالمية التانية بتبدأ، الدنيا بتولّع،,لمّا الحرب العالميه التانيه بتبدا، الدنيا بتولّع،
"""إنجلترا"" مثلًا راحت باعتة أكتر من 1100 طيارة على مدينة ""دريسدن""،","""انجلترا"" مثلًا راحت باعته اكتر من 1100 طياره علي مدينه ""دريسدن""،"
رموا، يا عزيزي، أكتر من 3900 طن متفجرات على المدينة،,رموا، يا عزيزي، اكتر من 3900 طن متفجرات علي المدينه،
مسحوا تقريبًا المدينة من على الخريطة،,مسحوا تقريبًا المدينه من علي الخريطه،
دي اسمها، يا عزيزي، Carpet Bombing،,دي اسمها، يا عزيزي، ،
عارف لمّا تمسك السجادة و...,عارف لمّا تمسك السجاده و
تفضل تنفّض فيها؟,تفضل تنفّض فيها؟
ما فيش حد في البلد دي هينام في بيته،,ما فيش حد في البلد دي هينام في بيته،
ما فيش حد في البلد دي هينام،,ما فيش حد في البلد دي هينام،
ما فيش حد أصلًا!,ما فيش حد اصلًا!
"ولكن Actually, Actually، يا عزيزي،","ولكن , ، يا عزيزي،"
التجربة يمكن الهامة في هذه الحرب،,التجربه يمكن الهامه في هذه الحرب،
"واللي انت ممكن ما تكونش واخد بالك منها، هي ""اليابان""،","واللي انت ممكن ما تكونش واخد بالك منها، هي ""اليابان""،"
"""أمريكا"" رمت قنبلة واحدة على ""هيروشيما""،","""امريكا"" رمت قنبله واحده علي ""هيروشيما""،"
قتلت مئات الآلاف من الناس،,قتلت ميات الالاف من الناس،
ومسحت المدينة من على وش الأرض.,ومسحت المدينه من علي وش الارض.
الصدمة دي كانت بدأت بسباق نووي عالمي،,الصدمه دي كانت بدات بسباق نووي عالمي،
القنبلة الذرّية، اللي اترمت دي، كان وزنها 4 طن ونُص،,القنبله الذرّيه، اللي اترمت دي، كان وزنها 4 طن ونُص،
يعني، عشان حد يرميها على مدينة،,يعني، عشان حد يرميها علي مدينه،
ويرجع سليم، يعرف ينجو هو بنفسه،,ويرجع سليم، يعرف ينجو هو بنفسه،
هيحتاج يبقى طاير على ارتفاع أكتر من 10 كيلو في السما،,هيحتاج يبقي طاير علي ارتفاع اكتر من 10 كيلو في السما،
في طيارة طولها 30 متر وعرضها 240 متر،,في طياره طولها 30 متر وعرضها 240 متر،
يعني، تقريبًا بنتكلم في 3 أو 4 مباني 10 أدوار واقفين جنب بعض،,يعني، تقريبًا بنتكلم في 3 او 4 مباني 10 ادوار واقفين جنب بعض،
ومن غير وجود طيارة عملاقة زي اللي كانت شايلة القنبلة،,ومن غير وجود طياره عملاقه زي اللي كانت شايله القنبله،
ما كانش رعب القنبلة النووية دا هيحصل أصلًا،,ما كانش رعب القنبله النوويه دا هيحصل اصلًا،
بل ما كناش يمكن عملنا القنبلة أصلًا،,بل ما كناش يمكن عملنا القنبله اصلًا،
يا فرحتي وانت معاك أسلحة نووية وصواريخ باليستية، وما حدش عارف يشيلها!,يا فرحتي وانت معاك اسلحه نوويه وصواريخ باليستيه، وما حدش عارف يشيلها!
"قنبلة 4 طن ونُص، مين هينقلهالك؟ ""بروك ليسنر""؟!","قنبله 4 طن ونُص، مين هينقلهالك؟ ""بروك ليسنر"""
لو ما معاناش طيارة، هنشيل قنبلة بهذا الحجم وهذا الوزن ليه؟!,لو ما معاناش طياره، هنشيل قنبله بهذا الحجم وهذا الوزن ليه
خُد بالك، يا عزيزي، إن احنا دايمًا لمّا بنيجي نفكر في حاجة زي القنبلة النووية,خُد بالك، يا عزيزي، ان احنا دايمًا لمّا بنيجي نفكر في حاجه زي القنبله النوويه
بنفكر إن هو اختراع فيزيائي بس،,بنفكر ان هو اختراع فيزيايي بس،
"وكل حاجة بنلوم ""أوبنهايمر"" عليها،","وكل حاجه بنلوم ""اوبنهايمر"" عليها،"
"بس، الحقيقة، إن ""أمريكا"" كان عندها مشروع ""مانهاتن""،","بس، الحقيقه، ان ""امريكا"" كان عندها مشروع ""مانهاتن""،"
اللي جمع في السر أذكى فيزيائيين على مستوى العالم،,اللي جمع في السر اذكي فيزياين علي مستوي العالم،
"عشان يعملوا القنبلة النووية تحت أستاذ ""أوبنهايمر"".","عشان يعملوا القنبله النوويه تحت استاذ ""اوبنهايمر""."
في الواقع، يا عزيزي، تكلفة تطوير الـSilverplate B-29,في الواقع، يا عزيزي، تكلفه تطوير ال -29
كانت حوالي 3 مليار دولار،,كانت حوالي 3 مليار دولار،
"يعني تقريبًا في نفس تكلفة مشروع ""مانهاتن""،","يعني تقريبًا في نفس تكلفه مشروع ""مانهاتن""،"
دي الطيارة اللي هتشيل هذه القنبلة،,دي الطياره اللي هتشيل هذه القنبله،
تصميم القنبلة والطيارة كانوا بيتحددوا مع بعض،,تصميم القنبله والطياره كانوا بيتحددوا مع بعض،
ولكن، يا عزيزي، زي ما انت عارف، القنبلة هي اللي بتاخد اللقطة في الآخر.,ولكن، يا عزيزي، زي ما انت عارف، القنبله هي اللي بتاخد اللقطه في الاخر.
المشكلة دلوقتي إن الموضوع بقى خارج عن السيطرة،,المشكله دلوقتي ان الموضوع بقي خارج عن السيطره،
سرب طيارات واحد متساب،,سرب طيارات واحد متساب،
قادر إن هو يبيد مدن كاملة،,قادر ان هو يبيد مدن كامله،
احنا كنا بنتكلم على طيارات إنجليزية، 120 طيارة،,احنا كنا بنتكلم علي طيارات انجليزيه، 120 طياره،
"أبادوا ""دريسدن""،","ابادوا ""دريسدن""،"
لكن انت مع الـB-29 دي، اللي راحت رمت قنبلة نووية،,لكن انت مع ال -29 دي، اللي راحت رمت قنبله نوويه،
"استخدمت طيارة واحدة، عشان تبيد ""هيروشيما""،","استخدمت طياره واحده، عشان تبيد ""هيروشيما""،"
تقتل مئات الآلاف من الأشخاص... كدا!,تقتل ميات الالاف من الاشخاص كدا!
عشان كدا، يا عزيزي، ومع نهاية الحرب العالمية التانية،,عشان كدا، يا عزيزي، ومع نهايه الحرب العالميه التانيه،
بدأ عصر جديد تتغير فيه نظرة العالم لسلاح الجو،,بدا عصر جديد تتغير فيه نظره العالم لسلاح الجو،
ومن أهم الحروب اللي ساهمت في هذا التغيير هي حرب أكتوبر.,ومن اهم الحروب اللي ساهمت في هذا التغيير هي حرب اكتوبر.
زي ما قُلتلك، يا عزيزي،,زي ما قُلتلك، يا عزيزي،
"الصهاينة في حرب أكتوبر كان معاهم طيارات ""فانتوم""،","الصهاينه في حرب اكتوبر كان معاهم طيارات ""فانتوم""،"
اللي كانت وقتها أحدث وأفضل طيارات العالم،,اللي كانت وقتها احدث وافضل طيارات العالم،
"ولكن اللي حصل إن ""مصر"" وقّعت 102 طيارة منهم في 18 يوم،","ولكن اللي حصل ان ""مصر"" وقّعت 102 طياره منهم في 18 يوم،"
فيه ثروة اتفرتكت في الجو،,فيه ثروه اتفرتكت في الجو،
"المدهش كان الطريقة اللي ""مصر"" عرفت تعمل بيها دا،","المدهش كان الطريقه اللي ""مصر"" عرفت تعمل بيها دا،"
"""مصر"" استخدمت صواريخ دفاع جوي،","""مصر"" استخدمت صواريخ دفاع جوي،"
أولًا، بيتم إطلاقها من الأرض، مش طيارة قصاد طيارة،,اولًا، بيتم اطلاقها من الارض، مش طياره قصاد طياره،
الصواريخ دي كانت بتتوجّه على حسب بيانات الرادارات.,الصواريخ دي كانت بتتوجّه علي حسب بيانات الرادارات.
الرادار، يا عزيزي، فكرته بسيطة،,الرادار، يا عزيزي، فكرته بسيطه،
جهاز بيطلق موجات بتصطدم بجسم الطيارة،,جهاز بيطلق موجات بتصطدم بجسم الطياره،
وتنعكس تاني في الرادار، فالرادار يلقطها،,وتنعكس تاني في الرادار، فالرادار يلقطها،
الرادار هنا بيحدد موقع الطيارة،,الرادار هنا بيحدد موقع الطياره،
فيقوم ضارب صاروخ أرض جو،,فيقوم ضارب صاروخ ارض جو،
هنا، الصاروخ أرض جو، مش جو جو،,هنا، الصاروخ ارض جو، مش جو جو،
الصاروخ يرشق في الطيارة، خلاص، الطيارة بقت على الأرض!,الصاروخ يرشق في الطياره، خلاص، الطياره بقت علي الارض!
دا، يا عزيزي، شكل جديد تمامًا في الحروب،,دا، يا عزيزي، شكل جديد تمامًا في الحروب،
احنا طلعنا الطيارات، كنا بنحارب الطيارات بطيارات،,احنا طلعنا الطيارات، كنا بنحارب الطيارات بطيارات،
دلوقتي، بقى فيه رادارت بتقفش الطيارات وتضرب صواريخ من وهي على الأرض،,دلوقتي، بقي فيه رادارت بتقفش الطيارات وتضرب صواريخ من وهي علي الارض،
حاجة مش مكلفة بتحارب حاجة مكلفة جدًا،,حاجه مش مكلفه بتحارب حاجه مكلفه جدًا،
دا، يا عزيزي، تحول نوعي في سلاح الجو،,دا، يا عزيزي، تحول نوعي في سلاح الجو،
لا أقلعنا ولا هبطنا ولا ربطنا أحزمة، كله من تحت.,لا اقلعنا ولا هبطنا ولا ربطنا احزمه، كله من تحت.
وهنا، يا عزيزي، الأمريكان بقوا قُدّام مشكلة كبيرة،,وهنا، يا عزيزي، الامريكان بقوا قُدّام مشكله كبيره،
تكلفة هذا الصاروخ ولا حاجة،,تكلفه هذا الصاروخ ولا حاجه،
"""كأن احنا نبقى عاملين طيارات متكلفة ملايين،","""كان احنا نبقي عاملين طيارات متكلفه ملايين،"
راكبها طيارين بنصرف عليهم ملايين، فرسان السماء،,راكبها طيارين بنصرف عليهم ملايين، فرسان السماء،
"ييجي ظابط قاعدلي قُدّام الشاشة عمّال يلقّط فيهم زي صياد الفراخ؟!""","ييجي ظابط قاعدلي قُدّام الشاشه عمّال يلقّط فيهم زي صياد الفراخ """
حرب أكتوبر، يا عزيزي، كانت إعلان قوي جدًا,حرب اكتوبر، يا عزيزي، كانت اعلان قوي جدًا
إن احنا خلاص، دخلنا عصر الرادارت،,ان احنا خلاص، دخلنا عصر الرادارت،
والصراع انتقل من السماء إلى المعلومات،,والصراع انتقل من السماء الي المعلومات،
من السماء إلى شاشات الكمبيوتر،,من السماء الي شاشات الكمبيوتر،
لو، يا عزيزي، شُفت فيلم Top Gun Maverick،,لو، يا عزيزي، شُفت فيلم ،
"هتلاقيهم بيمجدوا ""مافريك""، لأنه أسقط 3 طيارات في مسيرته،","هتلاقيهم بيمجدوا ""مافريك""، لانه اسقط 3 طيارات في مسيرته،"
وعلى آخر الفيلم، الحمد لله، الحمد لله، بقوا 5، ربنا كرمه،,وعلي اخر الفيلم، الحمد لله، الحمد لله، بقوا 5، ربنا كرمه،
دا أروَش رقم في الجيش عندهم.,دا اروَش رقم في الجيش عندهم.
"بينما ""أوسوالد""، اللي حكيتلك عنه، اللي زنّق على أخوه الإنجليزي في أول الحلقة،","بينما ""اوسوالد""، اللي حكيتلك عنه، اللي زنّق علي اخوه الانجليزي في اول الحلقه،"
في الحرب العالمية الأولى، لمّا نزلوا يشربوا قهوة،,في الحرب العالميه الاولي، لمّا نزلوا يشربوا قهوه،
دا، يا عزيزي، لوحده كان موقّعله 21 طيارة،,دا، يا عزيزي، لوحده كان موقّعله 21 طياره،
"ودا مش لأنه أشطر من ""توم كروز""، لا سمح الله،","ودا مش لانه اشطر من ""توم كروز""، لا سمح الله،"
ولكن لأن الـDogfights أصبحت حاجة نادرة.,ولكن لان ال اصبحت حاجه نادره.
الرادار، يا عزيزي، أعاد تعريف المعركة الجوية،,الرادار، يا عزيزي، اعاد تعريف المعركه الجويه،
دلوقتي، يا عزيزي، رجوعًا للسؤال بتاعنا,دلوقتي، يا عزيزي، رجوعًا للسوال بتاعنا
والمقارنات بتاعتنا اللي كنا بنعملها،,والمقارنات بتاعتنا اللي كنا بنعملها،
مش اللي أسرع، مش اللي بيعمل مناورات أحسن،,مش اللي اسرع، مش اللي بيعمل مناورات احسن،
مش اللي بيشيل صواريخ أكتر،,مش اللي بيشيل صواريخ اكتر،
اللي يكسب، هو اللي يقدر يتسلل من غير ما حد يشوفه،,اللي يكسب، هو اللي يقدر يتسلل من غير ما حد يشوفه،
خلاص، انتهى عصر الساموراي، اللي بيواجه وجهًا لوجه،,خلاص، انتهي عصر الساموراي، اللي بيواجه وجهًا لوجه،
هنا، يا عزيزي، احنا بننتقل إلى عصر النينجا،,هنا، يا عزيزي، احنا بننتقل الي عصر النينجا،
البطل هنا مش اللي قوي،,البطل هنا مش اللي قوي،
البطل هنا اللي يعرف يتخفى،,البطل هنا اللي يعرف يتخفي،
البطل هو اللي يعرف يضرب خصمه،,البطل هو اللي يعرف يضرب خصمه،
من غير ما يعرف خصمه إن هو جه أصلًا،,من غير ما يعرف خصمه ان هو جه اصلًا،
المنتصر في هذا العصر هو من يهرب من تقنية الـVAR.,المنتصر في هذا العصر هو من يهرب من تقنيه ال .
المشكلة، يا عزيزي، إن احنا مش بنخفي فار،,المشكله، يا عزيزي، ان احنا مش بنخفي فار،
احنا بنخفي طيارة،,احنا بنخفي طياره،
طيارة بحجم مبنى،,طياره بحجم مبني،
شايلة صواريخ ومدافع وليلة،,شايله صواريخ ومدافع وليله،
طيارة فيها محرك بيطلّع حرارة ممكن تسيّح جسم الطيارة نفسه،,طياره فيها محرك بيطلّع حراره ممكن تسيّح جسم الطياره نفسه،
ازاي هنخبي دا كله؟!,ازاي هنخبي دا كله
ولكن، يا عزيزي، لو انت قلقان يعني، لا تقلق،,ولكن، يا عزيزي، لو انت قلقان يعني، لا تقلق،
دائمًا هناك حل،,دايمًا هناك حل،
الإنسان، بسم الله، ما شاء الله،,الانسان، بسم الله، ما شاء الله،
يقدر يعجز عن أي حاجة، أي حاجة،,يقدر يعجز عن اي حاجه، اي حاجه،
إلا الشر!,الا الشر!
"""هأذيك؟ هأشتغل وهأجتهد وهأعمل كل المستحيل.""","""هاذيك؟ هاشتغل وهاجتهد وهاعمل كل المستحيل."""
إبداع في التدمير!,ابداع في التدمير!
وهنا الإبداع، يا عزيزي، أنتج لينا الـF-35،,وهنا الابداع، يا عزيزي، انتج لينا ال -35،
فخر الهندسة وفخر الصناعة الأمريكية،,فخر الهندسه وفخر الصناعه الامريكيه،
اللي أقدر أقولّك دلوقتي بضمير مرتاح,اللي اقدر اقولّك دلوقتي بضمير مرتاح
إن نقطة قوتها في هروبها من الرادارت.,ان نقطه قوتها في هروبها من الرادارت.
عشان كدا، يا عزيزي، بنشوف هذا التصميم اللي بيخدم الفكرة دي جدًا.,عشان كدا، يا عزيزي، بنشوف هذا التصميم اللي بيخدم الفكره دي جدًا.
تعالى، يا عزيزي، نبص مع بعض على الـF-35،,تعالي، يا عزيزي، نبص مع بعض علي ال -35،
بُص، يا عزيزي، على ديل الطيارة كدا،,بُص، يا عزيزي، علي ديل الطياره كدا،
هتلاقي فرق جوهري بينه وبين أي طيارة مدنية،,هتلاقي فرق جوهري بينه وبين اي طياره مدنيه،
الطيارة المدنية ليها ديل واقف رأسي،,الطياره المدنيه ليها ديل واقف راسي،
إنما الـF-35، ليها ديلين مايلين بزاوية،,انما ال -35، ليها ديلين مايلين بزاويه،
دا بيساعد في إن موجات الرادار ما تنعكسش على الديل،,دا بيساعد في ان موجات الرادار ما تنعكسش علي الديل،
ومن ثَمَّ ما تنعكسش على الجناح.,ومن ثَمَّ ما تنعكسش علي الجناح.
لو كان التصميم مختلف،,لو كان التصميم مختلف،
الرادار كان هيخبط، يرجع تاني للرادار.,الرادار كان هيخبط، يرجع تاني للرادار.
اللي عايز أقوله، يا عزيزي، ببساطة،,اللي عايز اقوله، يا عزيزي، ببساطه،
إن الطيارة تصميمها، جناحاتها، ديلها، بيسوّح الرادار.,ان الطياره تصميمها، جناحاتها، ديلها، بيسوّح الرادار.
بعد كدا، يا عزيزي، نخش على الأهم في شكل الطيارة،,بعد كدا، يا عزيزي، نخش علي الاهم في شكل الطياره،
"الـF-35 شكلها عامل زي الـ""لابتوبات"" بتاعة الـGaming كدا،","ال -35 شكلها عامل زي ال""لابتوبات"" بتاعه ال كدا،"
مليانة خطوط منكسرة وكهارب RGB،,مليانه خطوط منكسره وكهارب ،
"تحس إن انت قاعد في ""لايفيت"" عمومي!","تحس ان انت قاعد في ""لايفيت"" عمومي!"
الطيارة، لو جيت بصيت عليها،,الطياره، لو جيت بصيت عليها،
هتلاقيها مليانة خطوط منكسرة وفي أماكن غريبة،,هتلاقيها مليانه خطوط منكسره وفي اماكن غريبه،
قمرة القيادة ليها أطراف مدببة،,قمره القياده ليها اطراف مدببه،
كل الألواح اللي بتكوّن جسم الطيارة بتنتهى بحوافّ منكسرة،,كل الالواح اللي بتكوّن جسم الطياره بتنتهي بحوافّ منكسره،
الشكمان العملاق اللي ورا دا,الشكمان العملاق اللي ورا دا
والأبواب اللي شايلة الصواريخ جواها،,والابواب اللي شايله الصواريخ جواها،
كل حاجة في الطيارة حوافّ منكسرة.,كل حاجه في الطياره حوافّ منكسره.
"""مش لوحدها يا (أبو حميد)! أنا كمان، حوافّي اتدشدشت!""","""مش لوحدها يا ابو حميد ! انا كمان، حوافّي اتدشدشت!"""
خلّينا في تصميم الطيارة!,خلّينا في تصميم الطياره!
الخطوط اللي معمولة في الطيارة دي مش منظرة،,الخطوط اللي معموله في الطياره دي مش منظره،
"وإنما الخطوط دي كلها سببها فكرة بسيطة للفيزيائي السوفييتي ""بيوتر أوفيمستيف""،","وانما الخطوط دي كلها سببها فكره بسيطه للفيزيايي السوفييتي ""بيوتر اوفيمستيف""،"
الراجل عمل أبحاث بيقول فيها,الراجل عمل ابحاث بيقول فيها
إن موجات الرادار مش بتكتشف الأجسام من انعكاس الموجات عليها بس،,ان موجات الرادار مش بتكتشف الاجسام من انعكاس الموجات عليها بس،
وإنما انكسار الموجات هو كمان ليه دور كبير جدًا،,وانما انكسار الموجات هو كمان ليه دور كبير جدًا،
عشان كدا، الشكل الهندسي والحوافّ بتاعة الجسم,عشان كدا، الشكل الهندسي والحوافّ بتاعه الجسم
لهم دور مهم جدًا.,لهم دور مهم جدًا.
"""بيوتر"" حل معادلات الانكسار","""بيوتر"" حل معادلات الانكسار"
وراح ناشرها في بحث عادي خالص،,وراح ناشرها في بحث عادي خالص،
"كأن ما فيش حد في ""أمريكا"" بيقرا أبحاث،","كان ما فيش حد في ""امريكا"" بيقرا ابحاث،"
تخيل بقى، مين بقى كان قاعد جميل كدا،,تخيل بقي، مين بقي كان قاعد جميل كدا،
قاعد قرا البحث دا، واستفاد منه جدًا؟,قاعد قرا البحث دا، واستفاد منه جدًا؟
"الفريق البحثي بتاع ""لوكهيد مارتن""،","الفريق البحثي بتاع ""لوكهيد مارتن""،"
اللي بتتطور الـF-35،,اللي بتتطور ال -35،
"""إيه دا دا دا دا؟!""","""ايه دا دا دا دا """
الناس كانت قاعدة محتارة في الموضوع،,الناس كانت قاعده محتاره في الموضوع،
لحد ما قروا بحث الراجل الروسي،,لحد ما قروا بحث الراجل الروسي،
وبدأوا يعملوا تجربة لطيارة,وبداوا يعملوا تجربه لطياره
سطحها الخارجي متكسر لأجزاء صغيرة مايلة بزاويا مختلفة،,سطحها الخارجي متكسر لاجزاء صغيره مايله بزاويا مختلفه،
ليه؟ عشان موجات الرادار تتكسر على الحواف دي،,ليه؟ عشان موجات الرادار تتكسر علي الحواف دي،
وتتشتت في اتجاهات مختلفة،,وتتشتت في اتجاهات مختلفه،
وبالفعل، يا عزيزي، بيعملوا مجسّم لطيارة جسمها مكسّر، وحطوها على عمود الاختبار،,وبالفعل، يا عزيزي، بيعملوا مجسّم لطياره جسمها مكسّر، وحطوها علي عمود الاختبار،
وراحوا يبصوا على شاشات الرادار،,وراحوا يبصوا علي شاشات الرادار،
لقوا، يا عزيزي، اللهم صلِّ على النبي، اللهم صلِّ على النبي،,لقوا، يا عزيزي، اللهم صلِّ علي النبي، اللهم صلِّ علي النبي،
العمود واقف مكانه من غير طيارة،,العمود واقف مكانه من غير طياره،
"الرادار بيقولّنا إن: ""يا جماعة، فين الطيارة اللي انتم بتقولولي إنها موجودة دي؟!","الرادار بيقولّنا ان: ""يا جماعه، فين الطياره اللي انتم بتقولولي انها موجوده دي"
أنا مش شايف حاجة!,انا مش شايف حاجه!
"ما فيش!""","ما فيش!"""
"وهكذا، يا عزيزي، شعر مهندسين ""لوكهيد مارتن"" بالامتنان","وهكذا، يا عزيزي، شعر مهندسين ""لوكهيد مارتن"" بالامتنان"
"لأبناء ""الاتحاد السوفييتي"" اللي خلّوا ""أمريكا"" تسيطر على الجو! تاكل الجو!","لابناء ""الاتحاد السوفييتي"" اللي خلّوا ""امريكا"" تسيطر علي الجو! تاكل الجو!"
الأمريكان طوروا من هذه التجربة الـF-117 Nighthawk،,الامريكان طوروا من هذه التجربه ال -117 ،
طيارة بطيئة، سرعتها أقل من سرعة الصوت أصلًا،,طياره بطييه، سرعتها اقل من سرعه الصوت اصلًا،
بس التقنية الجديدة دي ما حدش هيشوفها،,بس التقنيه الجديده دي ما حدش هيشوفها،
فما فيش داعي إن احنا نستعجل،,فما فيش داعي ان احنا نستعجل،
خلّيها تتدنجل كدا في الجو بالراحة،,خلّيها تتدنجل كدا في الجو بالراحه،
طالما ما فيش رادار لاقطها، مستعجلين على إيه؟,طالما ما فيش رادار لاقطها، مستعجلين علي ايه؟
"في حرب ""الخليج""، يا عزيزي، ""أمريكا"" بعتت الـF-117 دي،","في حرب ""الخليج""، يا عزيزي، ""امريكا"" بعتت ال -117 دي،"
الطيارة، يا عزيزي، اتسرسبت،,الطياره، يا عزيزي، اتسرسبت،
"ضربت كل الدفاعات الجوية لـ""العراق""،","ضربت كل الدفاعات الجويه ل""العراق""،"
وبعد ما تم التدمير،,وبعد ما تم التدمير،
دخلت القاذفات والمقاتلات التانية.,دخلت القاذفات والمقاتلات التانيه.
الـF-35 بقى هي النسخة الأكثر تطورًا للـNighthawk،,ال -35 بقي هي النسخه الاكثر تطورًا لل ،
دا مش بس كدا، السطح الخارجي ليها متغطي بالكامل,دا مش بس كدا، السطح الخارجي ليها متغطي بالكامل
بمادة، يا عزيزي، ماصة للرادار،,بماده، يا عزيزي، ماصه للرادار،
بتمتص الرادار،,بتمتص الرادار،
اسمها الـRAM، الـRadar Absorbent Material،,اسمها ال ، ال ،
دي بتقلل من طاقة الموجات اللي بتنعكس من على الطيارة،,دي بتقلل من طاقه الموجات اللي بتنعكس من علي الطياره،
فحتى لو انعكست، والرادار لقطها،,فحتي لو انعكست، والرادار لقطها،
هتكون الموجة ضعيفة،,هتكون الموجه ضعيفه،
"ما تبقاش عارف بقى، دي طيارة ولّا عصفورة ولّا نسر ""الأهلي""،","ما تبقاش عارف بقي، دي طياره ولّا عصفوره ولّا نسر ""الاهلي""،"
كل هذه العناصر بتتجمّع مع بعض، يا عزيزي، وتعملّك شبح،,كل هذه العناصر بتتجمّع مع بعض، يا عزيزي، وتعملّك شبح،
الـRCS بتاعة الطيارة بتبقى أقل ما يكون.,ال بتاعه الطياره بتبقي اقل ما يكون.
"""(أبو حميد)، أنا عارف إن انت قُلتها، عشان أسألك،",""" ابو حميد ، انا عارف ان انت قُلتها، عشان اسالك،"
"إيه هي الـRCS دي يا أخويا؟!""","ايه هي ال دي يا اخويا """
Radar Cross Section،,،
حجم الطيارة اللي الرادار بيلقطه،,حجم الطياره اللي الرادار بيلقطه،
يعني، الرادار بيبعت موجات، وجسم الطيارة بيمتص جزء منها،,يعني، الرادار بيبعت موجات، وجسم الطياره بيمتص جزء منها،
الجزء التاني بينكسر على حواف الطيارة اتجاهات بعيدة عن الرادار،,الجزء التاني بينكسر علي حواف الطياره اتجاهات بعيده عن الرادار،
واللي بيرجع للرادار دا، بيبقى موجات قليلة،,واللي بيرجع للرادار دا، بيبقي موجات قليله،
فـLiterally، يا عزيزي، بيبان للرادار,ف ، يا عزيزي، بيبان للرادار
كأن الموجات هتلاقيها خبطت في طائر صغير ولّا حاجة،,كان الموجات هتلاقيها خبطت في طاير صغير ولّا حاجه،
هنقوّم الحرب عشان طائر؟! يا أخي!,هنقوّم الحرب عشان طاير يا اخي!
خلّيني أقولّك، يا عزيزي، إن الـF-35,خلّيني اقولّك، يا عزيزي، ان ال -35
بتظهر على الرادار في حجم كُرة جولف،,بتظهر علي الرادار في حجم كُره جولف،
كُرة جولف، يا عزيزي، حتى مش تنس،,كُره جولف، يا عزيزي، حتي مش تنس،
"بينما، يا عزيزي، مقاتلة زي ""سوخوي"" أو الـ""رافال""","بينما، يا عزيزي، مقاتله زي ""سوخوي"" او ال""رافال"""
ممكن يبقوا على الرادار أد كنبة بيتكم كدا، أكبر شويتين كمان.,ممكن يبقوا علي الرادار اد كنبه بيتكم كدا، اكبر شويتين كمان.
طبعًا، هذه التقديرات غير دقيقة وغير نهائية،,طبعًا، هذه التقديرات غير دقيقه وغير نهاييه،
لأن هذه المعلومات عادةً بتكون سرّية،,لان هذه المعلومات عادهً بتكون سرّيه،
"مش ""أحمد"" من ""مصر"" هو اللي كاشف أسرار الرادارات العالمية!","مش ""احمد"" من ""مصر"" هو اللي كاشف اسرار الرادارات العالميه!"
"ما فيش دولة بتطلع تقول: ""أنا بأحارب بكذا، وبألقطهم بكذا، وبألقطهم امتى.""","ما فيش دوله بتطلع تقول: ""انا باحارب بكذا، وبالقطهم بكذا، وبالقطهم امتي."""
وطبعًا، يا عزيزي، انت عارف، وقت الانتصارات بيحصل مبالغات,وطبعًا، يا عزيزي، انت عارف، وقت الانتصارات بيحصل مبالغات
"""واحنا ضربناهم، واحنا عملناهم، واحنا سوينا فيهم.""","""واحنا ضربناهم، واحنا عملناهم، واحنا سوينا فيهم."""
بس المؤكد إن احنا عندنا القدرة إن احنا نخلّي طيارة طولها 15 متر,بس الموكد ان احنا عندنا القدره ان احنا نخلّي طياره طولها 15 متر
تظهر في أحد الرادارات، على حسب المصادر، بحجم كورة جولف.,تظهر في احد الرادارات، علي حسب المصادر، بحجم كوره جولف.
ربما، يا عزيزي، لا يفوق هذه المقاتلة قدرة,ربما، يا عزيزي، لا يفوق هذه المقاتله قدره
غير طيارة اسمها الـF-22،,غير طياره اسمها ال -22،
دي، يا عزيزي، بتظهر على الرادار بحجم بِلية صغيرة،,دي، يا عزيزي، بتظهر علي الرادار بحجم بِليه صغيره،
"الراصد لو شافها، يقول: ""إيه دا؟! دا فيه وساخة على الشاشة، لمّا نمسحها!""","الراصد لو شافها، يقول: ""ايه دا دا فيه وساخه علي الشاشه، لمّا نمسحها!"""
"""ثانية واحدة ياد يا (دحّيح) الزفت انت!","""ثانيه واحده ياد يا دحّيح الزفت انت!"
كل شوية، تيجي تقولّي الـF-35 بتعمل حاجة، وإنها كويسة أوي في الحاجة دي،,كل شويه، تيجي تقولّي ال -35 بتعمل حاجه، وانها كويسه اوي في الحاجه دي،
بعدها على طول، تقوم جايبلي (ماركة) طيارة تانية من بيتكم،,بعدها علي طول، تقوم جايبلي ماركه طياره تانيه من بيتكم،
وتقوم قايلّي إن الطيارة دي بتعملها أحسن من الـF-35، انت عايز إيه؟!,وتقوم قايلّي ان الطياره دي بتعملها احسن من ال -35، انت عايز ايه
"فسؤالي هنا، (بوتين) دفعلك كام عشان تعايب الـF-35؟!""","فسوالي هنا، بوتين دفعلك كام عشان تعايب ال -35 """
يا عزيزي، اتقل عليا! زُق معايا السردية!,يا عزيزي، اتقل عليا! زُق معايا السرديه!
الـF-35 أثارت عاصفة من المشاكل بسبب سؤالك دا،,ال -35 اثارت عاصفه من المشاكل بسبب سوالك دا،
ما هي الميزة الكبيرة للـF-35؟,ما هي الميزه الكبيره لل -35؟
فاكر المقدم اللي بدأت الحلقة،,فاكر المقدم اللي بدات الحلقه،
وقُلتلك إن هو رجع بقى فرحان ومبسوط بعد ما هبط،,وقُلتلك ان هو رجع بقي فرحان ومبسوط بعد ما هبط،
ونازل متكيّف من الـF-35؟,ونازل متكيّف من ال -35؟
الطيارين دُول، يا عزيزي، ما بيبقوش سعداء بقوة الطيارة،,الطيارين دُول، يا عزيزي، ما بيبقوش سعداء بقوه الطياره،
زي ما انت خدت بالك، فيه دايمًا طيارة أحسن من الـF-35 في حاجة،,زي ما انت خدت بالك، فيه دايمًا طياره احسن من ال -35 في حاجه،
فيه طيارة بتتخفى أحسن،,فيه طياره بتتخفي احسن،
فيه طيارة بتشيل صواريخ أكتر،,فيه طياره بتشيل صواريخ اكتر،
فيه طيارة أسرع،,فيه طياره اسرع،
فيه طيارة بتعمل مناورة أحسن،,فيه طياره بتعمل مناوره احسن،
فيه حاجة واحدة بس، يا عزيزي، هي اللي بتميز الـF-35، وهي الخوذة.,فيه حاجه واحده بس، يا عزيزي، هي اللي بتميز ال -35، وهي الخوذه.
"""الخوذة؟! خوذة إيه يا (أبو حميد)؟! احنا راكبين ماكينة Race؟!""","""الخوذه خوذه ايه يا ابو حميد احنا راكبين ماكينه """
أيوة، يا عزيزي، والله، هي الخوذة،,ايوه، يا عزيزي، والله، هي الخوذه،
الخوذة هي اللي بتخلّي الطيار اللي راكب الـF-35 يخرج منتعش ومنتشي.,الخوذه هي اللي بتخلّي الطيار اللي راكب ال -35 يخرج منتعش ومنتشي.
الحقيقة، يا عزيزي، إن الهدف من الـF-35 مش إنها تخش Dogfights،,الحقيقه، يا عزيزي، ان الهدف من ال -35 مش انها تخش ،
رغم إنها تقدر تعمل كدا،,رغم انها تقدر تعمل كدا،
ولا إنها تضرب أهداف على الأرض أو في الجو،,ولا انها تضرب اهداف علي الارض او في الجو،
رغم إنها برضه تقدر تعمل كدا،,رغم انها برضه تقدر تعمل كدا،
"الـF-35، يا عزيزي، بتقوم بدور كابتن ""أبو تريكة"" في الحرب،","ال -35، يا عزيزي، بتقوم بدور كابتن ""ابو تريكه"" في الحرب،"
نمرة 10، صانع ألعاب الجيش،,نمره 10، صانع العاب الجيش،
الـF-35 بتتميز إن فيها رادار APG-81،,ال -35 بتتميز ان فيها رادار -81،
"ودا من إنتاج شركة اسمها ""نورثروب جرومان""،","ودا من انتاج شركه اسمها ""نورثروب جرومان""،"
واللي على عكس الرادارات التانية، بيقدر يعمل عمليات رصد,واللي علي عكس الرادارات التانيه، بيقدر يعمل عمليات رصد
لأجسام طايرة وأجسام على الأرض،,لاجسام طايره واجسام علي الارض،
وكمان، بيقدر يرسم خرايط ويطلّع صور الأرض بدقة عالية.,وكمان، بيقدر يرسم خرايط ويطلّع صور الارض بدقه عاليه.
بالإضافة للرادار دا، يا عزيزي،,بالاضافه للرادار دا، يا عزيزي،
الطيارة فيها 6 مستشعرات أو Sensors،,الطياره فيها 6 مستشعرات او ،
لإيه؟ للأشعة تحت الحمراء، اللي موجودة في محيط الطيارة،,لايه؟ للاشعه تحت الحمراء، اللي موجوده في محيط الطياره،
بيلقطوا أي حاجة تقدر تقرب من الطيارة لو كان ليها بصمة حرارية.,بيلقطوا اي حاجه تقدر تقرب من الطياره لو كان ليها بصمه حراريه.
خُد عندك كمان، كاميرا في مقدمة الطيارة،,خُد عندك كمان، كاميرا في مقدمه الطياره،
بتلقط البصمة الحرارية للأجسام،,بتلقط البصمه الحراريه للاجسام،
وبالليزر بتاعها تقوم موجّهة الصاروخ بتاعها،,وبالليزر بتاعها تقوم موجّهه الصاروخ بتاعها،
أيًا كانت مسافة الهدف.,ايًا كانت مسافه الهدف.
كل الحاجات دي Actually، يا عزيزي، لها مثيل في الطيارات التانية،,كل الحاجات دي ، يا عزيزي، لها مثيل في الطيارات التانيه،
ولكن المرعب إن في الـF-35 كل الحاجات دي بتشتغل مع بعض،,ولكن المرعب ان في ال -35 كل الحاجات دي بتشتغل مع بعض،
بيجمعها طبقة Software عبقرية,بيجمعها طبقه عبقريه
بتجمّع كل هذه البيانات،,بتجمّع كل هذه البيانات،
وتحللها وتعرض كل بياناتها,وتحللها وتعرض كل بياناتها
على الشاشة الموجودة في خوذة الطيار،,علي الشاشه الموجوده في خوذه الطيار،
الطيار بيبقى راكب الـF-35 مش محتاج يبص في عين طيار تاني،,الطيار بيبقي راكب ال -35 مش محتاج يبص في عين طيار تاني،
مش محتاج يدّيله تحية قبل ما يبدأ المعركة،,مش محتاج يدّيله تحيه قبل ما يبدا المعركه،
ولا حتى إنه يطير في مسار متخفي,ولا حتي انه يطير في مسار متخفي
لحد ما يشوف الهدف بتاعه ويضربه،,لحد ما يشوف الهدف بتاعه ويضربه،
طيار الـF-35، يا عزيزي، بيلعب Game،,طيار ال -35، يا عزيزي، بيلعب ،
بيضرب أهداف موجودة على الشاشة،,بيضرب اهداف موجوده علي الشاشه،
أهداف هو نفسه، يا عزيزي، للمفارقة، هو مش شايفها بعينه،,اهداف هو نفسه، يا عزيزي، للمفارقه، هو مش شايفها بعينه،
كل دا شايفه من خلال نضارة VR،,كل دا شايفه من خلال نضاره ،
نضارة VR بتاخد هذا الكم الرهيب من المعلومات,نضاره بتاخد هذا الكم الرهيب من المعلومات
وهذا الكم الرهيب من القدرات,وهذا الكم الرهيب من القدرات
في التتبع والضرب والقصف,في التتبع والضرب والقصف
وتحطهولك Game على شاشة، دا المرعب!,وتحطهولك علي شاشه، دا المرعب!
المرعب، يا عزيزي، إن انت ما عدتش بتشوف اللي انت بتموّته،,المرعب، يا عزيزي، ان انت ما عدتش بتشوف اللي انت بتموّته،
انت بالنسبالك اللي بتموّته دا,انت بالنسبالك اللي بتموّته دا
أصبح NPC، ليس له أي وجود مؤثر على حياتك،,اصبح ، ليس له اي وجود موثر علي حياتك،
كأن، يا عزيزي، الطيار نفسه هو اللي طاير في الهوا، مش الطيارة.,كان، يا عزيزي، الطيار نفسه هو اللي طاير في الهوا، مش الطياره.
القدرة العظيمة دي، يا عزيزي، للـF-35,القدره العظيمه دي، يا عزيزي، لل -35
"بتدّيهالك كطيار، المفروض إن انت ""مقاتل""،","بتدّيهالك كطيار، المفروض ان انت ""مقاتل""،"
زي ما شُفنا دلوقتي، Gamer في الحرب،,زي ما شُفنا دلوقتي، في الحرب،
"عشان كدا، يا عزيزي، بيسموا دا ""عين الإله""، God's Eye.","عشان كدا، يا عزيزي، بيسموا دا ""عين الاله""، ' ."
والأهم من إن البيانات تطلع على الخوذة,والاهم من ان البيانات تطلع علي الخوذه
إنها تتحلل وتروح لبقية عناصر الجيش،,انها تتحلل وتروح لبقيه عناصر الجيش،
فالـF-35 بتتحول إلى عين للجيش.,فال -35 بتتحول الي عين للجيش.
"في العادي، يا عزيزي، لمّا كان طيار بيـ""شيّر"" Data مع طيار تاني،","في العادي، يا عزيزي، لمّا كان طيار بي""شيّر"" مع طيار تاني،"
المعلومات كانت بتنتقل عن طريق صورة إشارة راديو،,المعلومات كانت بتنتقل عن طريق صوره اشاره راديو،
ممكن تتلقط أو تتحلل، فتكشف موقع الطيارة،,ممكن تتلقط او تتحلل، فتكشف موقع الطياره،
عشان كدا، العيب الأكبر في المقاتلات الشبحية,عشان كدا، العيب الاكبر في المقاتلات الشبحيه
إنها، يا عزيزي، بتكون معزولة،,انها، يا عزيزي، بتكون معزوله،
الـF-22 دي... لوحدها في السما!,ال -22 دي لوحدها في السما!
لو شاركت المعلومات بتاعها، تتكشف.,لو شاركت المعلومات بتاعها، تتكشف.
لكن بقى في حالة الـF-35،,لكن بقي في حاله ال -35،
فهي بتعمل دا باستخدام نظام اتصال,فهي بتعمل دا باستخدام نظام اتصال
يصعب التقاطه ويصعب كذلك تتبعه،,يصعب التقاطه ويصعب كذلك تتبعه،
"والنتيجة، يا عزيزي، ""بيليه"" الجيش،","والنتيجه، يا عزيزي، ""بيليه"" الجيش،"
بيكشف الملعب، بيحلل المعلومات،,بيكشف الملعب، بيحلل المعلومات،
"بيلعب الـThrough، بيخلّيك تجيب ""جول"".","بيلعب ال ، بيخلّيك تجيب ""جول""."
عصر النينجا اللي بيتخفى وبيهجم على ضحيته ويقتلها,عصر النينجا اللي بيتخفي وبيهجم علي ضحيته ويقتلها
هو كمان مع الـF-35 انتهى،,هو كمان مع ال -35 انتهي،
احنا، يا عزيزي، فعلًا في عصر جديد، وهو عصر الـGamers.,احنا، يا عزيزي، فعلًا في عصر جديد، وهو عصر ال .
الطيار، يا عزيزي، بأفكرك تاني،,الطيار، يا عزيزي، بافكرك تاني،
اللي شايف المعركة دي كلها على الشاشة،,اللي شايف المعركه دي كلها علي الشاشه،
وبيحدد الهدف دا يتضرب ازاي، وبيدّي الأمر بضربه،,وبيحدد الهدف دا يتضرب ازاي، وبيدّي الامر بضربه،
سواء كان هو اللي كان هيضرب بنفسه،,سواء كان هو اللي كان هيضرب بنفسه،
أو تحليل البيانات بيقولّه إن الأفضل إن واحد زميلك هو اللي يضرب،,او تحليل البيانات بيقولّه ان الافضل ان واحد زميلك هو اللي يضرب،
في كل الأحوال، يا عزيزي، زي ما قُلتلك،,في كل الاحوال، يا عزيزي، زي ما قُلتلك،
الطيار اللي بيضرب هدف، ما بيكونش هو شايفه.,الطيار اللي بيضرب هدف، ما بيكونش هو شايفه.
ودا، يا عزيزي، طيار سعيد، طيار مسترخي جدًا،,ودا، يا عزيزي، طيار سعيد، طيار مسترخي جدًا،
لو قارنته بالطيارين بتوع الحرب العالمية الأولى،,لو قارنته بالطيارين بتوع الحرب العالميه الاولي،
اللي محتاج ينزل ويراوغ,اللي محتاج ينزل ويراوغ
ويحاول يضرب خصمه,ويحاول يضرب خصمه
اللي هو بيشوفه في Googles، مع الطيران، مع السرعة،,اللي هو بيشوفه في ، مع الطيران، مع السرعه،
طول الوقت مرعوب إن خصمه يلمحه، فيضربه بدري.,طول الوقت مرعوب ان خصمه يلمحه، فيضربه بدري.
عشان كدا، يا عزيزي، طيار الـF-35 بيرجع مبسوط، فرحان،,عشان كدا، يا عزيزي، طيار ال -35 بيرجع مبسوط، فرحان،
كأنه كان قاعد الوقت دا كله في Cyber، كان بيلعب Game.,كانه كان قاعد الوقت دا كله في ، كان بيلعب .
وهنا، يا عزيزي، خلّيني أكشفلك أكتر ما يميز الـF-35،,وهنا، يا عزيزي، خلّيني اكشفلك اكتر ما يميز ال -35،
وهو، آه الخوذة مبهرة،,وهو، اه الخوذه مبهره،
آه التصدي للرادارات مبهر،,اه التصدي للرادارات مبهر،
آه الحاجات دي كلها مبهرة،,اه الحاجات دي كلها مبهره،
ولكن أعظم حاجة في الـF-35 أنها مخ،,ولكن اعظم حاجه في ال -35 انها مخ،
وبدا أقصد الـSoftware،,وبدا اقصد ال ،
"الـSoftware دا، يا عزيزي، ""أمريكا"" ما بتسمحش","ال دا، يا عزيزي، ""امريكا"" ما بتسمحش"
لأي مخلوق على الأرض إن هو ياخد الـSoftware بتاعه،,لاي مخلوق علي الارض ان هو ياخد ال بتاعه،
"دي خلطة ""كنتاكي"" بتاعة الجيش الأمريكي،","دي خلطه ""كنتاكي"" بتاعه الجيش الامريكي،"
"""لو اُكتشفنا بعدها، هنقلع!""","""لو اُكتشفنا بعدها، هنقلع!"""
"كل حلفاء ""أمريكا"" اللي اشتروا الـF-35،","كل حلفاء ""امريكا"" اللي اشتروا ال -35،"
"محكومين بقاعدة بيانات ""أمريكا""،","محكومين بقاعده بيانات ""امريكا""،"
الـData Base بتاعتهم،,ال بتاعتهم،
لا يوجد أي مرونة في التعامل مع أي بيانات،,لا يوجد اي مرونه في التعامل مع اي بيانات،
"عشان كدا، ""أمريكا"" دايمًا بتكون الطرف الأقوى.","عشان كدا، ""امريكا"" دايمًا بتكون الطرف الاقوي."
ولكن، يا عزيزي، هناك دولة واحدة عندها حقوق استثنائية عن باقي الحلفاء،,ولكن، يا عزيزي، هناك دوله واحده عندها حقوق استثناييه عن باقي الحلفاء،
"دولة واحدة ""أمريكا"" مميزاها عن باقي الدول،","دوله واحده ""امريكا"" مميزاها عن باقي الدول،"
وادتلها نسخة متطورة عن باقي الدول،,وادتلها نسخه متطوره عن باقي الدول،
"وهي، يا عزيزي، ""إسرائيل"".","وهي، يا عزيزي، ""اسراييل""."
لو ما تعرفش، يا عزيزي، فالـF-35 ليها 3 نُسَخ،,لو ما تعرفش، يا عزيزي، فال -35 ليها 3 نُسَخ،
الـA، الـB، الـC،,ال ، ال ، ال ،
أشهر واحدة فيهم هي الـB،,اشهر واحده فيهم هي ال ،
عشان المحرك بتاعها بيلف,عشان المحرك بتاعها بيلف
فبيخلّيها تقدر تطير رأسيًا في الأول زي الهليوكوبتر،,فبيخلّيها تقدر تطير راسيًا في الاول زي الهليوكوبتر،
ودا بيسمحلها إنها تنطلق من سفن حجمها صغير،,ودا بيسمحلها انها تنطلق من سفن حجمها صغير،
مش محتاجة الـRunway أوي.,مش محتاجه ال اوي.
"بس النسخة اللي أنا بأتكلم عليها في حالة ""إسرائيل"" هي الـI،","بس النسخه اللي انا باتكلم عليها في حاله ""اسراييل"" هي ال ،"
"الـF-35I ""إسرائيل"" عدّلت فيها،","ال -35 ""اسراييل"" عدّلت فيها،"
واستخدمت أجزاء ومكونات من تصنيع شركاتها الإسرائيلية،,واستخدمت اجزاء ومكونات من تصنيع شركاتها الاسراييليه،
وعملت تعديلات وإضافات على مستوى الـSoftware،,وعملت تعديلات واضافات علي مستوي ال ،
ما فيش أي دولة في العالم ليها الحق إنها تعملها،,ما فيش اي دوله في العالم ليها الحق انها تعملها،
"استخدموها في ضرب ""اليمن"" و""سوريا"" و""إيران""،","استخدموها في ضرب ""اليمن"" و""سوريا"" و""ايران""،"
"ولكن ربما يكون المشهد الأهم هو مشهد ""غَزّة""،","ولكن ربما يكون المشهد الاهم هو مشهد ""غَزّه""،"
لأن وجود طيارات بهذا المستوى من التقنية,لان وجود طيارات بهذا المستوي من التقنيه
فوق منطقة ما عندهاش دفاعات جوية أصلًا,فوق منطقه ما عندهاش دفاعات جويه اصلًا
بيبروّز وبيبيّن نقطة قوة هذه الطائرة،,بيبروّز وبيبيّن نقطه قوه هذه الطايره،
قدرتها الجبارة على جمع المعلومات ومشاركتها.,قدرتها الجباره علي جمع المعلومات ومشاركتها.
دلوقتي، يا عزيزي، سهل إن انت تعرف ليه الـF-35 مميزة،,دلوقتي، يا عزيزي، سهل ان انت تعرف ليه ال -35 مميزه،
وزي ما الطيارة دي قادرة تبهرنا بقدراتها،,وزي ما الطياره دي قادره تبهرنا بقدراتها،
فهي برضه بتجبرنا نسأل أسئلة كتير،,فهي برضه بتجبرنا نسال اسيله كتير،
أسئلة عن الحرب وعن معنى الحرب،,اسيله عن الحرب وعن معني الحرب،
تطور الـF-35 ربما يكون في جوهره تطور أكبر للمسافة،,تطور ال -35 ربما يكون في جوهره تطور اكبر للمسافه،
المسافة، يا عزيزي، اللي بين القاتل والمقتول،,المسافه، يا عزيزي، اللي بين القاتل والمقتول،
المسافة اللي عمّالة تزيد،,المسافه اللي عمّاله تزيد،
لدرجة تخلّينا نفكر، هل الطيار في هذه الحالة،,لدرجه تخلّينا نفكر، هل الطيار في هذه الحاله،
أو زي ما قُلنا كدا، الـGamer،,او زي ما قُلنا كدا، ال ،
اللي راكب طيارة على ارتفاع 10 كيلومتر،,اللي راكب طياره علي ارتفاع 10 كيلومتر،
وبيرمي قنبلة واحدة بتقتل الآلاف،,وبيرمي قنبله واحده بتقتل الالاف،
هو شايفهم نُقَط صغيرة،,هو شايفهم نُقَط صغيره،
حاجات بتنوّر كدا على شاشة،,حاجات بتنوّر كدا علي شاشه،
هل دا هيكون حاسس إن فيه 1000 حياة انتهت تحته؟,هل دا هيكون حاسس ان فيه 10 حياه انتهت تحته؟
هو صحيح آه، شاف مدينة بتختفي قُدّامه،,هو صحيح اه، شاف مدينه بتختفي قُدّامه،
ولكنه ما شافش ملامح وشوش الناس اللي بتموت.,ولكنه ما شافش ملامح وشوش الناس اللي بتموت.
"نظرية ""جوليو دويت""، الإيطالي، اللي اتكلمنا عنه،","نظريه ""جوليو دويت""، الايطالي، اللي اتكلمنا عنه،"
Command of Air،,،
اللي اقترح إن الطيارة المفروض إنها مش بس تدمر بنية،,اللي اقترح ان الطياره المفروض انها مش بس تدمر بنيه،
ولكن روح المجتمع بشكل كامل،,ولكن روح المجتمع بشكل كامل،
النظرية دي، يا عزيزي، لسة بتُستخدم لحد النهاردة،,النظريه دي، يا عزيزي، لسه بتُستخدم لحد النهارده،
بس بطيارات أجدد وبقوة أكبر بكتير من أيام الراجل.,بس بطيارات اجدد وبقوه اكبر بكتير من ايام الراجل.
"قصف ""دريسدن""، اللي اتطبقت فيه أفكار ""جوليو"" في الحرب العالمية التانية،","قصف ""دريسدن""، اللي اتطبقت فيه افكار ""جوليو"" في الحرب العالميه التانيه،"
كان حوالي 4000 طن متفجرات،,كان حوالي 40 طن متفجرات،
"اللي هو، يا عزيزي، رقم لا يُذكر بالمقارنة بـ""غَزّة"" دلوقتي.","اللي هو، يا عزيزي، رقم لا يُذكر بالمقارنه ب""غَزّه"" دلوقتي."
"عارف، يا عزيزي، ""غَزّة"" اترمى عليها كام طن متفجرات؟","عارف، يا عزيزي، ""غَزّه"" اترمي عليها كام طن متفجرات؟"
تقريبًا، 75 ألف طن!,تقريبًا، 75 الف طن!
دا، يا عزيزي، في ظل وجود قانون دولي إنساني،,دا، يا عزيزي، في ظل وجود قانون دولي انساني،
المفروض إن هو يـRegulate الحرب،,المفروض ان هو ي الحرب،
يعني، دا بعد ما عملنا حرب عالمية أولى وحرب عالمية تانية,يعني، دا بعد ما عملنا حرب عالميه اولي وحرب عالميه تانيه
وحرب باردة ورمينا قنابل نووية، فطلعنا بقانون دولي,وحرب بارده ورمينا قنابل نوويه، فطلعنا بقانون دولي
"يقول للناس اللي بتحارب: ""يا جماعة، حاولوا تحافظوا على أرواح المدنيين،","يقول للناس اللي بتحارب: ""يا جماعه، حاولوا تحافظوا علي ارواح المدنيين،"
"يا جماعة، حاولوا بس تضربوا أهداف عسكرية.""","يا جماعه، حاولوا بس تضربوا اهداف عسكريه."""
لأ، انت يا عزيزي، على حتة مدينة،,لا، انت يا عزيزي، علي حته مدينه،
"تقريبًا أد نُص مطار، أو أد مطار ""هيثرو""، مطار في ""لندن""،","تقريبًا اد نُص مطار، او اد مطار ""هيثرو""، مطار في ""لندن""،"
انت رميت 75 ألف طن متفجرات،,انت رميت 75 الف طن متفجرات،
"زيادة 70 ألف عن اللي اترمى على مدينة ""دريسدن"" في الحرب العالمية التانية،","زياده 70 الف عن اللي اترمي علي مدينه ""دريسدن"" في الحرب العالميه التانيه،"
وتاني، يا عزيزي، بتترمي في منطقة عندها كثافة سكانية رهيبة،,وتاني، يا عزيزي، بتترمي في منطقه عندها كثافه سكانيه رهيبه،
وأصلًا أصلًا أصلًا، ما عندهاش دفاع جوي،,واصلًا اصلًا اصلًا، ما عندهاش دفاع جوي،
هل نقدر نسمي دا حرب؟!,هل نقدر نسمي دا حرب
على عكس معارك الفرسان، دي معركة من طرف واحد،,علي عكس معارك الفرسان، دي معركه من طرف واحد،
هنا، ما فيش حرب أصلًا، عشان تقول انت كسبت ولّا خسرت.,هنا، ما فيش حرب اصلًا، عشان تقول انت كسبت ولّا خسرت.
وعشان السبب دا، بيتم النظر باحترام شديد لمقاتلين الساموراي،,وعشان السبب دا، بيتم النظر باحترام شديد لمقاتلين الساموراي،
مقاتل الساموراي بيحكمه Code أخلاقي صارم،,مقاتل الساموراي بيحكمه اخلاقي صارم،
Code بيخلّيه يرفض إنه يقتل أي حد من ضهره،,بيخلّيه يرفض انه يقتل اي حد من ضهره،
بيفضّل إنه بيموت بالسلاح على إنه يستسلم في المعركة.,بيفضّل انه بيموت بالسلاح علي انه يستسلم في المعركه.
على عكس النينجا، اللي بالرغم من ذكائه وخفة حركته،,علي عكس النينجا، اللي بالرغم من ذكايه وخفه حركته،
إلا إنه بيقتل في الظلام، من غير مواجهات مباشرة.,الا انه بيقتل في الظلام، من غير مواجهات مباشره.
في المبارزة، يا عزيزي، انت ممكن تكسب بشرف،,في المبارزه، يا عزيزي، انت ممكن تكسب بشرف،
ولكن المميز هنا، إن انت برضه ممكن تخسر بشرف.,ولكن المميز هنا، ان انت برضه ممكن تخسر بشرف.
النهاردة، الحرب اللي موجودة هي حرب Gamers،,النهارده، الحرب اللي موجوده هي حرب ،
المسافة البعيدة أوي دي,المسافه البعيده اوي دي
مخلّية المقاتلين مستحيل يحسوا إن هما بيعملوا جريمة،,مخلّيه المقاتلين مستحيل يحسوا ان هما بيعملوا جريمه،
مقاتل هذا العصر لا يرى الأرواح التي يحصدها.,مقاتل هذا العصر لا يري الارواح التي يحصدها.
اللي بأحكيهولك دا، يا عزيزي، كانت رحلة اختراع,اللي باحكيهولك دا، يا عزيزي، كانت رحله اختراع
صنعه الإنسان عشان يحس بالحرية، حرية الطير،,صنعه الانسان عشان يحس بالحريه، حريه الطير،
ولكن أسرع وتيرة تطور حصلت لهذا الاختراع اللي المفروض يدّينا الحرية,ولكن اسرع وتيره تطور حصلت لهذا الاختراع اللي المفروض يدّينا الحريه
حصلت عشان تبيد أكبر عدد من الناس ممكن،,حصلت عشان تبيد اكبر عدد من الناس ممكن،
أكبر عدد بأقل نِسَب من الذنب ممكنة،,اكبر عدد باقل نِسَب من الذنب ممكنه،
ما فيش حيوان أو طائر كان يقدر يعمل هذا الكم من الإبادة،,ما فيش حيوان او طاير كان يقدر يعمل هذا الكم من الاباده،
ولكن الإنسان، كالعادة، بيقدر إن هو يتفوق على الكل.,ولكن الانسان، كالعاده، بيقدر ان هو يتفوق علي الكل.
بس كدا. أخيرًا، وليس آخرًا، يا عزيزي، حان موعد الهبوط،,بس كدا. اخيرًا، وليس اخرًا، يا عزيزي، حان موعد الهبوط،
ما تنساش تشوف الحلقات اللي فاتت، تشوف الحلقات الجاية،,ما تنساش تشوف الحلقات اللي فاتت، تشوف الحلقات الجايه،
"تنزل تبص على المصادر، لو احنا على الـ""يوتيوب""، نشترك على القناة.","تنزل تبص علي المصادر، لو احنا علي ال""يوتيوب""، نشترك علي القناه."
فيه جملة، يا عزيزي، حابب أختم بيها بتقول,فيه جمله، يا عزيزي، حابب اختم بيها بتقول
"""من اللحظة اللي تم اختراع فيها المسدس،","""من اللحظه اللي تم اختراع فيها المسدس،"
دي اللحظة اللي اتساوى بيها الشجاع والجبان،,دي اللحظه اللي اتساوي بيها الشجاع والجبان،
"دي اللحظة اللي اتساوت فيها المسافة.""","دي اللحظه اللي اتساوت فيها المسافه."""
يا ربي!,يا ربي!
أنا زهقت!,انا زهقت!
ما تثبت يا ابني بقى،,ما تثبت يا ابني بقي،
اثبت، تعبتني!,اثبت، تعبتني!
سيب الجهاز يقرا!,سيب الجهاز يقرا!
بصراحة، أنا مش عاجبني موضوع التجربة دي،,بصراحه، انا مش عاجبني موضوع التجربه دي،
أنا قُلت: الموضوع فيه Seafood،,انا قُلت: الموضوع فيه ،
فقُلت: هيبقى فيه أكلة سمك حلوة.,فقُلت: هيبقي فيه اكله سمك حلوه.
يا حبيبي، التجربة دي لو نجحت،,يا حبيبي، التجربه دي لو نجحت،
هتبقى أول إنسان نُص بني آدم، ونُص أخطبوط في التاريخ.,هتبقي اول انسان نُص بني ادم، ونُص اخطبوط في التاريخ.
وإيه المبهر لمّا أبقى نُص أخطبوط؟!,وايه المبهر لمّا ابقي نُص اخطبوط
دا عادي، يتّاكل جنب السُبّيط وشوية رُز صيادية،,دا عادي، يتّاكل جنب السُبّيط وشويه رُز صياديه،
عادي، مش حاجة فظيعة يعني.,عادي، مش حاجه فظيعه يعني.
صيادية إيه؟! انت بتقول إيه؟!,صياديه ايه انت بتقول ايه
انت هيبقى عندك قدرات الأخطبوط، هيبقى عندك قدرات خارقة،,انت هيبقي عندك قدرات الاخطبوط، هيبقي عندك قدرات خارقه،
هتقدر مثلًا تعمل Multi-Tasking.,هتقدر مثلًا تعمل - .
إيه يعني Multi-Tasking؟!,ايه يعني -
أي موظف، ولّا أي طفل في مدرسة،,اي موظف، ولّا اي طفل في مدرسه،
بيعمل موضوع الـMulti-Tasking دا.,بيعمل موضوع ال - دا.
طب إيه رأيك، أنا الصبح محاسب،,طب ايه رايك، انا الصبح محاسب،
الضهر Designer،,الضهر ،
"بالليل ""أوبر""،","بالليل ""اوبر""،"
"وبأعمل ""تراكات"" راب.","وباعمل ""تراكات"" راب."
يا سيدي، بلاش،,يا سيدي، بلاش،
كفاية إن الأخطبوط عنده 3 قلوب،,كفايه ان الاخطبوط عنده 3 قلوب،
متخيل؟!,متخيل
في دي، عندك حق، أنا عندي قلب واحد،,في دي، عندك حق، انا عندي قلب واحد،
بس القلب الواحد دا، بعون الله،,بس القلب الواحد دا، بعون الله،
"بيحب ""سهى"" و""نهى"" و""ليلى""","بيحب ""سهي"" و""نهي"" و""ليلي"""
"و""سلمى"" و""دعاء"" و""شيماء""،","و""سلمي"" و""دعاء"" و""شيماء""،"
و2 صُحابي كمان.,و2 صُحابي كمان.
دا غير مراتي طبعًا،,دا غير مراتي طبعًا،
والحلّاق.,والحلّاق.
إيه كمان في الأخطبوط؟,ايه كمان في الاخطبوط؟
انت متخيل...,انت متخيل
ممكن تعمل إيه لمّا يبقى عندك 8 رجول؟,ممكن تعمل ايه لمّا يبقي عندك 8 رجول؟
8 رجول؟!,8 رجول
انت عارف الكوتشي الفردتين يعملّه كام دلوقتي؟,انت عارف الكوتشي الفردتين يعملّه كام دلوقتي؟
مصاريف على الفاضي!,مصاريف علي الفاضي!
هأقعد أشتري لكل رجل جزمة؟,هاقعد اشتري لكل رجل جزمه؟
انت عارف إن الأخطبوط ذكي جدًا؟,انت عارف ان الاخطبوط ذكي جدًا؟
وهو الذكاء بيجيب إيه,وهو الذكاء بيجيب ايه
غير الهم والغم ووجع القلب؟!,غير الهم والغم ووجع القلب
يا عم، العبيط عايش في أحلى دنيا،,يا عم، العبيط عايش في احلي دنيا،
خلّيني أنا في نعيم الجهل،,خلّيني انا في نعيم الجهل،
واتبسط انت بجحيم الوعي.,واتبسط انت بجحيم الوعي.
طب الأخطبوط، على فكرة، بيعرف يصنع حبر.,طب الاخطبوط، علي فكره، بيعرف يصنع حبر.
قلمين فرنساوي هنا من المكتبة،,قلمين فرنساوي هنا من المكتبه،
أظروطلك الدنيا حبر.,اظروطلك الدنيا حبر.
وبعدين بقعته ما بتخرجش بالمسحوق،,وبعدين بقعته ما بتخرجش بالمسحوق،
يعني، وساخة على الفاضي!,يعني، وساخه علي الفاضي!
ياه! انت مُحبِط جدًا، على فكرة!,ياه! انت مُحبِط جدًا، علي فكره!
قوم يا عم، خلاص،,قوم يا عم، خلاص،
بلاش تجارب ولا نيلة!,بلاش تجارب ولا نيله!
استهدى انت بالله يا عم، وقوم اسلقلنا الأخطبوط اللي جوا،,استهدي انت بالله يا عم، وقوم اسلقلنا الاخطبوط اللي جوا،
شوية عيش، شوية سلاطات، شوية طحينات،,شويه عيش، شويه سلاطات، شويه طحينات،
أنا متأكد، كله هيبقى زي الفُل.,انا متاكد، كله هيبقي زي الفُل.
عندي فكرة، يعني، ممكن تحبها،,عندي فكره، يعني، ممكن تحبها،
إيه رأيك تبقى نُص إنسان، ونُص سلاطة وطحينة؟,ايه رايك تبقي نُص انسان، ونُص سلاطه وطحينه؟
لأ.,لا.
خلاص، هأقوم أسلقه حالًا.,خلاص، هاقوم اسلقه حالًا.
أخلّص بس الـFile.,اخلّص بس ال .
أعزائي المشاهدين، السلام عليكم ورحمة الله وبركاته،,اعزايي المشاهدين، السلام عليكم ورحمه الله وبركاته،
"أهلًا بكم في حلقة جديدة، من برنامج ""الدحّيح""!","اهلًا بكم في حلقه جديده، من برنامج ""الدحّيح""!"
في سنة، يا عزيزي، 2018، اتنشر بحث عجيب،,في سنه، يا عزيزي، 2018، اتنشر بحث عجيب،
البحث بيحاول يجاوب على سؤال حيّر العلماء لسنين،,البحث بيحاول يجاوب علي سوال حيّر العلماء لسنين،
ما هو سبب الانفجار الكامبري؟,ما هو سبب الانفجار الكامبري؟
"""إيه؟! هو الجمبري انفجر يا (أبو حميد)؟!""","""ايه هو الجمبري انفجر يا ابو حميد """
الكامبري، يا عزيزي، Cambrian.,الكامبري، يا عزيزي، .
خلّيني، يا عزيزي، أشرحلك.,خلّيني، يا عزيزي، اشرحلك.
من حوالي 541 مليون سنة،,من حوالي 541 مليون سنه،
الحياة كانت بسيطة، بكتيريا، طحالب، شوية خلايا،,الحياه كانت بسيطه، بكتيريا، طحالب، شويه خلايا،
بيفضل، يا عزيزي، الوضع هادي كدا،,بيفضل، يا عزيزي، الوضع هادي كدا،
هوب، فجأة، الحياة تنفجر!,هوب، فجاه، الحياه تنفجر!
في وقت قصير، الكائنات ابتدا يبقى ليها هياكل وأعضاء وحاجات معقدة،,في وقت قصير، الكاينات ابتدا يبقي ليها هياكل واعضاء وحاجات معقده،
ابتدا يظهر فقاريات بدائية، رخويات، مفصليات،,ابتدا يظهر فقاريات بداييه، رخويات، مفصليات،
الواقعة دي، يا عزيزي، اسمها الانفجار الكامبري،,الواقعه دي، يا عزيزي، اسمها الانفجار الكامبري،
فجأة كدا، ابتدا يبقى عندنا أشكال معقدة من الحياة,فجاه كدا، ابتدا يبقي عندنا اشكال معقده من الحياه
All of A Sudden!,!
لحد دلوقتي، يا عزيزي، لا يوجد سبب واحد متفقين عليه,لحد دلوقتي، يا عزيزي، لا يوجد سبب واحد متفقين عليه
يشرحلنا ليه فجأة حصل هذا الانفجار.,يشرحلنا ليه فجاه حصل هذا الانفجار.
فيه ناس طبعًا بتحط أسباب،,فيه ناس طبعًا بتحط اسباب،
ففيه مثلًا ناس بتقول إن فجأة كدا الأكسجين زاد.,ففيه مثلًا ناس بتقول ان فجاه كدا الاكسجين زاد.
ناس تانية كانت شايفة إن سباق المفترس والفريسة,ناس تانيه كانت شايفه ان سباق المفترس والفريسه
زي ما تقول كدا، سرّع التطور.,زي ما تقول كدا، سرّع التطور.
ناس تالتة خالص قالوا إن غالبًا لمّا القارات اتفتت،,ناس تالته خالص قالوا ان غالبًا لمّا القارات اتفتت،
ابتدا ينتشر الكالسيوم والفوسفور، اللي ساعد في تكوين هذه الهياكل.,ابتدا ينتشر الكالسيوم والفوسفور، اللي ساعد في تكوين هذه الهياكل.
ولكن بقى البحث، اللي أنا بدأت بيه،,ولكن بقي البحث، اللي انا بدات بيه،
هيحاول، يا عزيزي، إن هو يسأل سؤال أعمق،,هيحاول، يا عزيزي، ان هو يسال سوال اعمق،
هل... هل هنا هذا الانفجار سببه كان أرضي ولّا كوني؟,هل هل هنا هذا الانفجار سببه كان ارضي ولّا كوني؟
بمعنى، Terrestrial ولّا Cosmic؟,بمعني، ولّا ؟
اللي البحث دا، يا عزيزي، بيطرحه،,اللي البحث دا، يا عزيزي، بيطرحه،
هو إن السبب كان كوني.,هو ان السبب كان كوني.
البحث هنا قدّم نظريتين،,البحث هنا قدّم نظريتين،
إما إن هناك فيروسات فضائية دخلت أجسام الكائنات,اما ان هناك فيروسات فضاييه دخلت اجسام الكاينات
أو إنه كان فيه، زي ما تقول كدا، بيض اتشال على نيزك،,او انه كان فيه، زي ما تقول كدا، بيض اتشال علي نيزك،
"ولمّا جه، اتفقس على ""الأرض"".","ولمّا جه، اتفقس علي ""الارض""."
عزيزي، دا مش فيلم خيال علمي،,عزيزي، دا مش فيلم خيال علمي،
دي ورقة بحثية نشرها 33 مؤلف،,دي ورقه بحثيه نشرها 33 مولف،
ونشروها في مجلة علمية مُحكَمة،,ونشروها في مجله علميه مُحكَمه،
Progress in Biophysic & Molecular Biology Journal،,،
واستدلوا إن من أهم الكائنات الفضائية، اللي عايشين معانا، على حسب هذه الفرضية،,واستدلوا ان من اهم الكاينات الفضاييه، اللي عايشين معانا، علي حسب هذه الفرضيه،
هو بطل هذه الحلقة، الأخطبوط.,هو بطل هذه الحلقه، الاخطبوط.
"""يا نهار أسود يا (أبو حميد)! يعني انت بتقول في هذا البرنامج المحترم","""يا نهار اسود يا ابو حميد ! يعني انت بتقول في هذا البرنامج المحترم"
"بهذه الدراسة المحترمة إن الأخطبوط اللي عندنا Alien؟! كائن فضائي؟!""","بهذه الدراسه المحترمه ان الاخطبوط اللي عندنا كاين فضايي """
"- لأ، يا عزيزي. - ""أمّال يا (أبو حميد)؟!""","- لا، يا عزيزي. - ""امّال يا ابو حميد """
اللي بأقولهولك دا، يا عزيزي، كلام فارغ.,اللي باقولهولك دا، يا عزيزي، كلام فارغ.
"""إيه؟! انت بتزاولني يا (أبو حميد)؟! الله! انت بتضحك عليا؟!""","""ايه انت بتزاولني يا ابو حميد الله! انت بتضحك عليا """
الحقيقة، يا عزيزي، إن الدراسة، اللي بأكلمك عليها دي، لم تكن دراسة تجريبية،,الحقيقه، يا عزيزي، ان الدراسه، اللي باكلمك عليها دي، لم تكن دراسه تجريبيه،
الورقة دي مصنفة على إنها Review Article،,الورقه دي مصنفه علي انها ،
المؤلفين بيقدموا فيها أفكارهم ومقترحاتهم،,المولفين بيقدموا فيها افكارهم ومقترحاتهم،
وبعد كدا، تتراجِع.,وبعد كدا، تتراجِع.
علماء كتير لمّا شافوا هذا البحث،,علماء كتير لمّا شافوا هذا البحث،
بدأوا يطلّعوا في هذه الفرضية القطط الفطسانة،,بداوا يطلّعوا في هذه الفرضيه القطط الفطسانه،
لأن لا يوجد دليل على هذا الكلام.,لان لا يوجد دليل علي هذا الكلام.
وكمان، قالوا إن مؤلفين هذه الفرضية ليسوا خبراء في هذا المجال،,وكمان، قالوا ان مولفين هذه الفرضيه ليسوا خبراء في هذا المجال،
مش خبراء حيوان، ومش خبراء تطور.,مش خبراء حيوان، ومش خبراء تطور.
الله! طبعًا، انت بتسأل،,الله! طبعًا، انت بتسال،
"""الله! انت ليه يا (أبو حميد) طرحت هذه الورقة بما إن تم تكذيبها؟!""","""الله! انت ليه يا ابو حميد طرحت هذه الورقه بما ان تم تكذيبها """
النقطة هنا، يا عزيزي، هي لماذا بعض العلماء،,النقطه هنا، يا عزيزي، هي لماذا بعض العلماء،
اللي بينشروا في مجلات بهذا الحجم،,اللي بينشروا في مجلات بهذا الحجم،
كانوا شايفين إن الأخطبوط كائن غريب جدًا جدًا،,كانوا شايفين ان الاخطبوط كاين غريب جدًا جدًا،
لدرجة إن هو ممكن يبقى كائن فضائي؟,لدرجه ان هو ممكن يبقي كاين فضايي؟
"لو تفتكر، يا عزيزي، في ""شركة المرعبين المحدودة""،","لو تفتكر، يا عزيزي، في ""شركه المرعبين المحدوده""،"
كل الشخصيات كانت خيالية كأنها وحوش فضائية،,كل الشخصيات كانت خياليه كانها وحوش فضاييه،
الكائن الوحيد اللي طلع زي ما هو تقريبًا كان الأخطبوط.,الكاين الوحيد اللي طلع زي ما هو تقريبًا كان الاخطبوط.
يمكن أول حاجة بنلاحظها في غرابته هي شكله،,يمكن اول حاجه بنلاحظها في غرابته هي شكله،
معظم، يا عزيزي، الحيوانات لها بنية مفهومة،,معظم، يا عزيزي، الحيوانات لها بنيه مفهومه،
راس، جذع، أطراف، صح؟,راس، جذع، اطراف، صح؟
لكن Mr. أخطبوط دا، فين أعضاؤه؟,لكن . اخطبوط دا، فين اعضاوه؟
8 رجول لازقة في راس،,8 رجول لازقه في راس،
حتى لو اعتبرنا إن فيه حيوانات تانية شكلها غريب،,حتي لو اعتبرنا ان فيه حيوانات تانيه شكلها غريب،
زي نجم البحر مثلًا، أو القنديل،,زي نجم البحر مثلًا، او القنديل،
هنلاقيها كائنات لا بتفكر ولا بتتفاعل،,هنلاقيها كاينات لا بتفكر ولا بتتفاعل،
لكن، بسم الله، ما شاء الله، لمّا نيجي نبص على الأخطبوط،,لكن، بسم الله، ما شاء الله، لمّا نيجي نبص علي الاخطبوط،
تلاقيه دحلاب، يلعب، ويهرب من الأحواض،,تلاقيه دحلاب، يلعب، ويهرب من الاحواض،
بيفتح برطمانات، بيحل متاهات،,بيفتح برطمانات، بيحل متاهات،
كائن، يا عزيزي، في غاية الذكاء،,كاين، يا عزيزي، في غايه الذكاء،
احنا، يا عزيزي، طول عمرنا كنا فاكرينه كائن بسيط،,احنا، يا عزيزي، طول عمرنا كنا فاكرينه كاين بسيط،
وبعد سنين من التعامل معاه ودراسته،,وبعد سنين من التعامل معاه ودراسته،
"قدرنا نقول: ""إيه دا؟! دا عبقري!""","قدرنا نقول: ""ايه دا دا عبقري!"""
احنا، يا عزيزي، كنا بنتعامل مع الأخطبوط دا على إنه لافقاريات بسيطة،,احنا، يا عزيزي، كنا بنتعامل مع الاخطبوط دا علي انه لافقاريات بسيطه،
لا تخضع لقوانين الرفق بالحيوان،,لا تخضع لقوانين الرفق بالحيوان،
وكنا بنحطه تحت تجارب صعبة، من غير ما نخدره.,وكنا بنحطه تحت تجارب صعبه، من غير ما نخدره.
بس دلوقتي، يا عزيزي، احنا بنعامل الأخطبوط كفقاريات شرفية،,بس دلوقتي، يا عزيزي، احنا بنعامل الاخطبوط كفقاريات شرفيه،
بيتبصله على إنه حيوان استثنائي،,بيتبصله علي انه حيوان استثنايي،
وعشان أثبتلك دا، خلّينا، يا عزيزي، نقرب منه، ونحاول نفهمه.,وعشان اثبتلك دا، خلّينا، يا عزيزي، نقرب منه، ونحاول نفهمه.
الأخطبوط، يا عزيزي، من الرخويات،,الاخطبوط، يا عزيزي، من الرخويات،
دي بتبقى حيوانات طرية، زي الحلزون، القواقع،,دي بتبقي حيوانات طريه، زي الحلزون، القواقع،
بينتموا فيها لمجموعة Cephalopoda،,بينتموا فيها لمجموعه ،
Cephalo يعني راس، وPoda يعني رجل،,يعني راس، و يعني رجل،
راس، ورجل، عشان كدا، اسمهم رأسيات الأرجُل.,راس، ورجل، عشان كدا، اسمهم راسيات الارجُل.
تشوف مثلًا كائن زي الحبّار مثلًا، أو النوتيلوس،,تشوف مثلًا كاين زي الحبّار مثلًا، او النوتيلوس،
راسه فيها عينين شبه عيون الفقاريات، واحدة في كل جنب،,راسه فيها عينين شبه عيون الفقاريات، واحده في كل جنب،
ممكن عين تبقى بتلقط فريسة، والعين التانية بتحرّس، ليكون فيه مفترس.,ممكن عين تبقي بتلقط فريسه، والعين التانيه بتحرّس، ليكون فيه مفترس.
"""(أبو حميد)، عندي سؤال، لمّا بأشوف الأخطبوط، بأتساءل، هو بُقه فين؟""",""" ابو حميد ، عندي سوال، لمّا باشوف الاخطبوط، باتساءل، هو بُقه فين؟"""
خلّيني، يا عزيزي، أقولّك إن بُق الأخطبوط تحت راسه.,خلّيني، يا عزيزي، اقولّك ان بُق الاخطبوط تحت راسه.
"- ""بس يا (أبو حميد)؟!"" -  بس يا عزيزي.","- ""بس يا ابو حميد "" - بس يا عزيزي."
كمان، الأخطبوط عنده منقار،,كمان، الاخطبوط عنده منقار،
بيخرم بيه الصَدَف بتاع المحار،,بيخرم بيه الصَدَف بتاع المحار،
ويقوم حاقن فيها سم، ويقوم فاتحها، عشان ياكلها.,ويقوم حاقن فيها سم، ويقوم فاتحها، عشان ياكلها.
الأخطبوط لمّا بيصطاد فرس بحر أو كابوريا،,الاخطبوط لمّا بيصطاد فرس بحر او كابوريا،
بيسحبها بدراعاته لبُقه.,بيسحبها بدراعاته لبُقه.
"""طب يا (أبو حميد)، باقي الأعضاء بتاعته فين؟""","""طب يا ابو حميد ، باقي الاعضاء بتاعته فين؟"""
باقي الأعضاء بيبقوا متكونين في كيس عضلي كبير ورا الدماغ،,باقي الاعضاء بيبقوا متكونين في كيس عضلي كبير ورا الدماغ،
اسمه الـMantle،,اسمه ال ،
دا، يا عزيزي، فيه كل أعضائه الداخلية،,دا، يا عزيزي، فيه كل اعضايه الداخليه،
الجهاز الهضمي والجهاز التنفسي والكبد,الجهاز الهضمي والجهاز التنفسي والكبد
وإيه كمان؟ 3 قلوب،,وايه كمان؟ 3 قلوب،
قلبين بيضخوا الدم للخياشيم،,قلبين بيضخوا الدم للخياشيم،
آه، يا عزيزي، الأخطبوط زي السمك، بيتنفس بالخياشيم،,اه، يا عزيزي، الاخطبوط زي السمك، بيتنفس بالخياشيم،
الميّه تدخل، ياخد منها الأكسجين،,الميّه تدخل، ياخد منها الاكسجين،
والقلبين يقوموا ضاخين الدم، اللي مليان أكسجين، للخياشيم،,والقلبين يقوموا ضاخين الدم، اللي مليان اكسجين، للخياشيم،
فيشيلوا الأكسجين.,فيشيلوا الاكسجين.
فاحنا، يا عزيزي، بيبقى عندنا قلبين بيضخوا الدم للخياشيم، أو من الخياشيم،,فاحنا، يا عزيزي، بيبقي عندنا قلبين بيضخوا الدم للخياشيم، او من الخياشيم،
والقلب التالت بيستلم، ويشوط للجسم.,والقلب التالت بيستلم، ويشوط للجسم.
بمناسبة، يا عزيزي، الحديث عن قلب الأخطبوط، خلّينا نتكلم عن دم الأخطبوط،,بمناسبه، يا عزيزي، الحديث عن قلب الاخطبوط، خلّينا نتكلم عن دم الاخطبوط،
لو شُفت أخطبوط بينزف،,لو شُفت اخطبوط بينزف،
هتلاقي إن دمه لونه مش زينا،,هتلاقي ان دمه لونه مش زينا،
دم الأخطبوط لونه أزرق.,دم الاخطبوط لونه ازرق.
اللي بيخلّي دمنا لونه أحمر،,اللي بيخلّي دمنا لونه احمر،
هو بروتين اسمه الهيموجلوبين،,هو بروتين اسمه الهيموجلوبين،
ولكن لأن الأخطبوط بيعيش في بيئات صعبة،,ولكن لان الاخطبوط بيعيش في بييات صعبه،
ساعات، يعيش في ميّه دافية، ساعات، يعيش في بيئة تحت الصفر،,ساعات، يعيش في ميّه دافيه، ساعات، يعيش في بييه تحت الصفر،
فلم يكتفِ بوجود الهيموجلوبين بس،,فلم يكتفِ بوجود الهيموجلوبين بس،
عنده بروتين، يا عزيزي، اسمه هيموسيانين،,عنده بروتين، يا عزيزي، اسمه هيموسيانين،
دا بيبقى مبني على النحاس،,دا بيبقي مبني علي النحاس،
وتلاقيه بيمسك الأكسجين أحسن من الهيموجلوبين.,وتلاقيه بيمسك الاكسجين احسن من الهيموجلوبين.
ولكن Actually، اللي بيميز الأخطبوط عن معظم الرخويات,ولكن ، اللي بيميز الاخطبوط عن معظم الرخويات
مش كل الحاجات الغريبة، اللي حكيتلك عنها دي،,مش كل الحاجات الغريبه، اللي حكيتلك عنها دي،
لا الـ3 قلوب ولا الدم الأزرق، ولا كل دا،,لا ال3 قلوب ولا الدم الازرق، ولا كل دا،
ولكن اللي بيميزه، يا عزيزي، إن هو ما عندهوش صَدَفة تحميه،,ولكن اللي بيميزه، يا عزيزي، ان هو ما عندهوش صَدَفه تحميه،
الأخطبوط ماشي سلبوتة، عريان!,الاخطبوط ماشي سلبوته، عريان!
ودا شيء عجيب، لأن انت لو جيت بصيت على الرخويات،,ودا شيء عجيب، لان انت لو جيت بصيت علي الرخويات،
هتلاقي إن دا خط الدفاع الأساسي ليهم،,هتلاقي ان دا خط الدفاع الاساسي ليهم،
بُص لابن عمه مثلًا، النوتيلوس،,بُص لابن عمه مثلًا، النوتيلوس،
بيخش في صَدَفة، زي السلحفاة، متقسّمة لأوض، عشان تقدر توزع الضغط،,بيخش في صَدَفه، زي السلحفاه، متقسّمه لاوض، عشان تقدر توزع الضغط،
فيبقى صعب إن هذه الصَدَفة تتكسر.,فيبقي صعب ان هذه الصَدَفه تتكسر.
الأخطبوط بقى، يا عزيزي، ما عندهوش أي حماية جسدية،,الاخطبوط بقي، يا عزيزي، ما عندهوش اي حمايه جسديه،
ما عندهوش حتى مخالب،,ما عندهوش حتي مخالب،
ودا بيخلّيه، بسم الله، ما شاء الله، فريسة لُقطة،,ودا بيخلّيه، بسم الله، ما شاء الله، فريسه لُقطه،
واسأل البرتغاليين،,واسال البرتغاليين،
بيحطوه على الرُز، وبالهنا والشفا!,بيحطوه علي الرُز، وبالهنا والشفا!
لا فيه عضم ولا صَدَف،,لا فيه عضم ولا صَدَف،
بالعكس، دا نسبة البروتين في بعض الأنواع,بالعكس، دا نسبه البروتين في بعض الانواع
بتوصل لـ35%،,بتوصل ل35 ،
دا غير طبعًا الأحماض الدهنية المهمة والفيتامينات والمعادن،,دا غير طبعًا الاحماض الدهنيه المهمه والفيتامينات والمعادن،
فانت عندك، بسم الله، ما شاء الله، Protein Shake متحرك!,فانت عندك، بسم الله، ما شاء الله، متحرك!
كل المفترسين عينيهم على الوجبة دي،,كل المفترسين عينيهم علي الوجبه دي،
القرش، الهامور، الفُقمة،,القرش، الهامور، الفُقمه،
الحيتان، تعالب الميّه، البطاريق.,الحيتان، تعالب الميّه، البطاريق.
انت متخيل، يا عزيزي، كائن البطريق بيفترسه!,انت متخيل، يا عزيزي، كاين البطريق بيفترسه!
الطيور كمان بتاكل الأخطبوط.,الطيور كمان بتاكل الاخطبوط.
لو جيت، يا عزيزي، بصيت في كل الحاجات دي،,لو جيت، يا عزيزي، بصيت في كل الحاجات دي،
تتوقع إن الكائن دا المفروض ينقرض بسرعة،,تتوقع ان الكاين دا المفروض ينقرض بسرعه،
هو قاعد ازاي لحد دلوقتي؟!,هو قاعد ازاي لحد دلوقتي
ولكن تيجي تبص، تلاقي إن الأخطبوط بأنواعه الـ300,ولكن تيجي تبص، تلاقي ان الاخطبوط بانواعه ال300
مالي كل حتة تقريبًا في العالم،,مالي كل حته تقريبًا في العالم،
من السواحل لأعمق نقط في المحيط،,من السواحل لاعمق نقط في المحيط،
الأماكن اللي ما بيوصلّهاش نور،,الاماكن اللي ما بيوصلّهاش نور،
ومن أكبرهم، الـGiant Pacific Octopus،,ومن اكبرهم، ال ،
لأصغرهم، الـOctopus Wolfi،,لاصغرهم، ال ،
دا، يا عزيزي، أخطبوط أقل من جرام!,دا، يا عزيزي، اخطبوط اقل من جرام!
أهو الحيوان قليل الحيلة دا، بقى من أنجح أفراد عيلته، جرام!,اهو الحيوان قليل الحيله دا، بقي من انجح افراد عيلته، جرام!
لو جيت تأملت، هتجد إن المفارقة يمكن تكون إن الأخطبوط نجح بسبب قلة حيلته.,لو جيت تاملت، هتجد ان المفارقه يمكن تكون ان الاخطبوط نجح بسبب قله حيلته.
الأخطبوط كائن ليّن،,الاخطبوط كاين ليّن،
عشان كدا، سجّله الأحفوري،,عشان كدا، سجّله الاحفوري،
لمّا تيجي تبص بقى في الحفريات، ما تلاقيهوش أوي،,لمّا تيجي تبص بقي في الحفريات، ما تلاقيهوش اوي،
التحفر بيتطلب إن الكائن يتحفظ قبل ما الأنسجة تتحلل،,التحفر بيتطلب ان الكاين يتحفظ قبل ما الانسجه تتحلل،
فالأجزاء الصلبة، زي الصَدَف أو العضم مثلًا،,فالاجزاء الصلبه، زي الصَدَف او العضم مثلًا،
بيبقى عندها فرصة أحسن إنها تتحول إلى حفريات،,بيبقي عندها فرصه احسن انها تتحول الي حفريات،
فالعلماء ييجوا يدرسوها،,فالعلماء ييجوا يدرسوها،
ويعرفوا أكتر عن هذا الكائن، وتطوره عبر التاريخ.,ويعرفوا اكتر عن هذا الكاين، وتطوره عبر التاريخ.
لكن الحيوانات، اللي ما عندهاش أجزاء صلبة كدا،,لكن الحيوانات، اللي ما عندهاش اجزاء صلبه كدا،
بنلاقيها قليلة أوي في السجل الأحفوري.,بنلاقيها قليله اوي في السجل الاحفوري.
بس هل دا معناه إن العلماء ما لقوش تاريخ للأخطبوط؟,بس هل دا معناه ان العلماء ما لقوش تاريخ للاخطبوط؟
لأ، بالعكس، لقوا حفريات لأسلاف الأخطبوط,لا، بالعكس، لقوا حفريات لاسلاف الاخطبوط
زي المجموعة دي...,زي المجموعه دي
معلش، تلاقيني، يا عزيزي، في الأحفوري مش أد كدا!,معلش، تلاقيني، يا عزيزي، في الاحفوري مش اد كدا!
المجموعة دي، لقوا فيها حاجة غريبة جدًا،,المجموعه دي، لقوا فيها حاجه غريبه جدًا،
لقوا فيها بقايا صَدَفة،,لقوا فيها بقايا صَدَفه،
دا، بشكل أو بآخر، بيدل إن الأخطبوط زمان كان عنده صَدَفة،,دا، بشكل او باخر، بيدل ان الاخطبوط زمان كان عنده صَدَفه،
بالظبط زي معظم الرخويات،,بالظبط زي معظم الرخويات،
ولكنه مع الوقت فقدها.,ولكنه مع الوقت فقدها.
في 2015، هيتم نشر دراسة ضخمة في مجلة Nature،,في 2015، هيتم نشر دراسه ضخمه في مجله ،
أول خريطة جينية كاملة للأخطبوط،,اول خريطه جينيه كامله للاخطبوط،
وبربط بقى الأدلة بتاعة الحفريات والتشريح والتحليل الجيني،,وبربط بقي الادله بتاعه الحفريات والتشريح والتحليل الجيني،
هنعرف إن أسلاف الأخطبوط، أجداد الأخطبوط،,هنعرف ان اسلاف الاخطبوط، اجداد الاخطبوط،
كانت كائنات بطيئة وبسيطة،,كانت كاينات بطييه وبسيطه،
جسمها ناعم، وعليه صَدَفة زي المحار،,جسمها ناعم، وعليه صَدَفه زي المحار،
الصَدَفة دي بتحميهم وهما بيزحفوا في القاع، في قاع المحيط.,الصَدَفه دي بتحميهم وهما بيزحفوا في القاع، في قاع المحيط.
بعد كدا، مع الوقت، هنشوف في العصر الطباشيري,بعد كدا، مع الوقت، هنشوف في العصر الطباشيري
هتبدأ تختفي الصَدَفة دي، ما عادتش تبقى موجودة.,هتبدا تختفي الصَدَفه دي، ما عادتش تبقي موجوده.
على حسب بحث اسمه Shell Loss in Cephalopods،,علي حسب بحث اسمه ،
فقدان الصدفة الخارجية اللي كانت عند الأخطبوط في وقت من الأوقات دي,فقدان الصدفه الخارجيه اللي كانت عند الاخطبوط في وقت من الاوقات دي
سببه إن الكائنات كانت محتاجة حرية أكبر، مرونة أكتر،,سببه ان الكاينات كانت محتاجه حريه اكبر، مرونه اكتر،
ليه؟ عشان تقدر تهرب من المفترسين،,ليه؟ عشان تقدر تهرب من المفترسين،
وتتحرك بقى من القاع، تطلع فوق، تنزل تحت، تتحرك براحتها.,وتتحرك بقي من القاع، تطلع فوق، تنزل تحت، تتحرك براحتها.
وفي دراسة تانية اسمها Evolution of Predator Avoidance in Cephalopods،,وفي دراسه تانيه اسمها ،
بتقول إن التطور دا تحديدًا حصل لمّا ابتدت تظهر الأسماك المفترسة،,بتقول ان التطور دا تحديدًا حصل لمّا ابتدت تظهر الاسماك المفترسه،
وقتها، معظم اللافقاريات اعتمدت على إنها تبقى عندها سم أو درع أو شوك،,وقتها، معظم اللافقاريات اعتمدت علي انها تبقي عندها سم او درع او شوك،
ولكن بقى رأسيات الأرجل، زي الأخطبوط مثلًا،,ولكن بقي راسيات الارجل، زي الاخطبوط مثلًا،
"قالّك: ""أنا هأعمل دفاعيات أذكى وأعقد.""","قالّك: ""انا هاعمل دفاعيات اذكي واعقد."""
هتعمل إيه يا أخطبوط يا ابن اللذين؟!,هتعمل ايه يا اخطبوط يا ابن اللذين
"""أول حاجة، هأموّه، هأرقّص الـPredator.""","""اول حاجه، هاموّه، هارقّص ال ."""
لمّا الأخطبوط بيحس بخطر،,لمّا الاخطبوط بيحس بخطر،
بيتحول لحَجَر مَرمي متغطي بالشعب المرجانية،,بيتحول لحَجَر مَرمي متغطي بالشعب المرجانيه،
ودا، يا عزيزي، بيحصل في إيه؟ في ثواني، ولا تاخد بالك!,ودا، يا عزيزي، بيحصل في ايه؟ في ثواني، ولا تاخد بالك!
السر الحقيقي في جلده،,السر الحقيقي في جلده،
جلده اللي فيه 3 أنواع من الخلايا،,جلده اللي فيه 3 انواع من الخلايا،
أول نوع، خلايا ملونة اسمها الـChromatophore،,اول نوع، خلايا ملونه اسمها ال ،
كل خلية فيها 3 أكياس ألوان،,كل خليه فيها 3 اكياس الوان،
حواليهم عضلات دقيقة جدًا،,حواليهم عضلات دقيقه جدًا،
لمّا العضلات دي بتتمدد، اللون بيبدأ ينتشر ويظهر،,لمّا العضلات دي بتتمدد، اللون بيبدا ينتشر ويظهر،
ولمّا بتنكمش، اللون بيختفي،,ولمّا بتنكمش، اللون بيختفي،
زي كدا ما ترسم على بالونة وهي مهويّة،,زي كدا ما ترسم علي بالونه وهي مهويّه،
اللون ممكن ما يبقاش باين قُدّامك،,اللون ممكن ما يبقاش باين قُدّامك،
بس أول ما البالونة تتفنخ وتتشد،,بس اول ما البالونه تتفنخ وتتشد،
هتبقى شايف اللون قُدّامك.,هتبقي شايف اللون قُدّامك.
اللي مبهر فعلًا إن الجهاز العصبي بتاع الأخطبوط,اللي مبهر فعلًا ان الجهاز العصبي بتاع الاخطبوط
بيقدر يتحكّم في كل خلية على حدة،,بيقدر يتحكّم في كل خليه علي حده،
فتلاقيه Artist، بيلوّن جزء بلون، والجزء التاني بلون مختلف،,فتلاقيه ، بيلوّن جزء بلون، والجزء التاني بلون مختلف،
فيقوم واخد شكل الخلفية اللي وراه،,فيقوم واخد شكل الخلفيه اللي وراه،
دا نوع من الخلايا.,دا نوع من الخلايا.
النوع التاني من الخلايا اسمها Iridophore،,النوع التاني من الخلايا اسمها ،
دي خلايا بتلمع، فتعكس البيئة اللي حواليها، زي ما تكون مراية.,دي خلايا بتلمع، فتعكس البييه اللي حواليها، زي ما تكون مرايه.
النوع التالت اسمه Leucophore،,النوع التالت اسمه ،
دا، يا عزيزي، بيبقى أبيض مطفي،,دا، يا عزيزي، بيبقي ابيض مطفي،
بحيث إن درجة اللمعان لمّا تحصل، تبقى طبيعية،,بحيث ان درجه اللمعان لمّا تحصل، تبقي طبيعيه،
كأن، يا عزيزي، بسم الله، ما شاء الله، جلده شاشة LED!,كان، يا عزيزي، بسم الله، ما شاء الله، جلده شاشه !
خلّيني أقولّك إن الحبّار الكاريبي,خلّيني اقولّك ان الحبّار الكاريبي
اللي هو اسمه قُدّامك كدا، مش هأنطقه،,اللي هو اسمه قُدّامك كدا، مش هانطقه،
وقت الجواز، بيعرض لونين في جسمه،,وقت الجواز، بيعرض لونين في جسمه،
لون ناحية الذَكَر المنافس، زي خطوط الـZebra كدا،,لون ناحيه الذَكَر المنافس، زي خطوط ال كدا،
ولون تاني ناحية الأنثى، لون هادي كدا ووديع.,ولون تاني ناحيه الانثي، لون هادي كدا ووديع.
"""(أبو حميد)، طب إيه المبهر يعني في دا؟! ما هو الحرباية بتعمل كدا.""",""" ابو حميد ، طب ايه المبهر يعني في دا ما هو الحربايه بتعمل كدا."""
يا عزيزي، الحرباية بالنسبة للأخطبوط عِدّة بزارير!,يا عزيزي، الحربايه بالنسبه للاخطبوط عِدّه بزارير!
الأخطبوط مش بس بيغيّر اللون بتاعه في لمح البصر،,الاخطبوط مش بس بيغيّر اللون بتاعه في لمح البصر،
دا 3D، جلده عليه بروز بيقدر يتحكم فيها،,دا 3 ، جلده عليه بروز بيقدر يتحكم فيها،
ممكن يعمل أشواك، نتوءات صغيرة،,ممكن يعمل اشواك، نتوءات صغيره،
عشان الملمس يبقى كأن انت واقف على صخور،,عشان الملمس يبقي كان انت واقف علي صخور،
كأن انت بتشوف شعب مرجانية.,كان انت بتشوف شعب مرجانيه.
بعض الأنواع، زي الأخطبوط المقلد،,بعض الانواع، زي الاخطبوط المقلد،
لو قابل مفترس، زي الـDamselfish،,لو قابل مفترس، زي ال ،
بيغيّر، يا عزيزي، شكله بالكامل،,بيغيّر، يا عزيزي، شكله بالكامل،
بيبقى عارف إيه؟ ممكن يعمل نفسه تِعبان بحر،,بيبقي عارف ايه؟ ممكن يعمل نفسه تِعبان بحر،
اللي هو المفترس الطبيعي للـDamsel!,اللي هو المفترس الطبيعي لل !
وقُدّام كل مفترس، ممكن يتحول إلى سمكة الأسد، أو سمكة موسى،,وقُدّام كل مفترس، ممكن يتحول الي سمكه الاسد، او سمكه موسي،
دا غير إنه يقدر يتحول لـ15 مخلوق تاني،,دا غير انه يقدر يتحول ل15 مخلوق تاني،
فانت، يا عزيزي، مش معاك كائن،,فانت، يا عزيزي، مش معاك كاين،
انت معاك Technology تتحولّك لـ15 كائن تاني!,انت معاك تتحولّك ل15 كاين تاني!
وسط الكائنات، يا عزيزي، كل ما كانت ألوانك فاقعة، زاهية أوي،,وسط الكاينات، يا عزيزي، كل ما كانت الوانك فاقعه، زاهيه اوي،
كل ما انت غالبًا كنت سام،,كل ما انت غالبًا كنت سام،
فالأخطبوط ممكن يلعب برضه بالحيلة دي،,فالاخطبوط ممكن يلعب برضه بالحيله دي،
ممكن يبقى ألوانه زاهية أكتر،,ممكن يبقي الوانه زاهيه اكتر،
"بحيث إن المفترس لمّا يشوفهولك، يقولّك: ""آه! لا، لا، لا،","بحيث ان المفترس لمّا يشوفهولك، يقولّك: ""اه! لا، لا، لا،"
"اوعى تاكل من البتاع دا! دا ممكن يبقى سام.""","اوعي تاكل من البتاع دا! دا ممكن يبقي سام."""
بيلعب في ألوانه.,بيلعب في الوانه.
الأخطبوط، مثلًا، أزرق الخطوط،,الاخطبوط، مثلًا، ازرق الخطوط،
دا أخطبوط صغير، 15 سَم بس،,دا اخطبوط صغير، 15 سَم بس،
بس جوا سِم بيقتل البشر والحيوانات،,بس جوا سِم بيقتل البشر والحيوانات،
لمّا بيُستفز، بتظهر على جسمه حلقات زرقا بتلمع،,لمّا بيُستفز، بتظهر علي جسمه حلقات زرقا بتلمع،
"رسالة واضحة للمفترس: ""ما تجيش هنا، وإلا هأزعّل أمك!""","رساله واضحه للمفترس: ""ما تجيش هنا، والا هازعّل امك!"""
كل دا، يا عزيزي، جميل ومبهر،,كل دا، يا عزيزي، جميل ومبهر،
لحد ما الأبحاث الجديدة بتكتشف شيء مذهل،,لحد ما الابحاث الجديده بتكتشف شيء مذهل،
عين الأخطبوط فيها بروتينات حساسة للضوء اسمها Rhodoposins،,عين الاخطبوط فيها بروتينات حساسه للضوء اسمها ،
ولكن فيها نوع واحد من مستقبلات الضوء،,ولكن فيها نوع واحد من مستقبلات الضوء،
بالتالي، يا عزيزي، الأخطبوط على الـAction والألوان,بالتالي، يا عزيزي، الاخطبوط علي ال والالوان
والتحولات لأسماك مختلفة،,والتحولات لاسماك مختلفه،
Actually، عنده عمى ألوان،,، عنده عمي الوان،
أو بيشوف أبيض وأسود.,او بيشوف ابيض واسود.
"""يا نهار أسود يا (أبو حميد)! يعني، بيخلّي لون جسمه يتغير لألوان مختلفة،","""يا نهار اسود يا ابو حميد ! يعني، بيخلّي لون جسمه يتغير لالوان مختلفه،"
"ويعمل لِوَح فنية، وفي الآخر، ما بيشوفش؟! ما بيشوفش ألوان؟!""","ويعمل لِوَح فنيه، وفي الاخر، ما بيشوفش ما بيشوفش الوان """
"باحثين في جامعة ""كاليفورنيا"" هياخدوا شرايح من جلد...","باحثين في جامعه ""كاليفورنيا"" هياخدوا شرايح من جلد"
ويقوموا، يا عزيزي، مسلطين عليها ضوء،,ويقوموا، يا عزيزي، مسلطين عليها ضوء،
فيتفاجئوا إن الصبغات بتنتشر وترد على الضوء،,فيتفاجيوا ان الصبغات بتنتشر وترد علي الضوء،
بيكتشفوا إن جلد الأخطبوط عنده بروتينات حساسة للضوء،,بيكتشفوا ان جلد الاخطبوط عنده بروتينات حساسه للضوء،
من نفس عيلة البروتين اللي موجودة في العين عنده،,من نفس عيله البروتين اللي موجوده في العين عنده،
كأن جلد الأخطبوط، زي ما تقول كدا، بيشوف هو كمان.,كان جلد الاخطبوط، زي ما تقول كدا، بيشوف هو كمان.
"الباحث ""تود أوكلي"" بيقول إن الأخطبوط هنا ما اخترعش آلية جديدة،","الباحث ""تود اوكلي"" بيقول ان الاخطبوط هنا ما اخترعش اليه جديده،"
هو أعاد توظيف آلية موجودة، بس في حتة تانية،,هو اعاد توظيف اليه موجوده، بس في حته تانيه،
ودي بالظبط عبقرية الأخطبوط،,ودي بالظبط عبقريه الاخطبوط،
هو مش كائن فضائي،,هو مش كاين فضايي،
ما عندهوش آليات خارقة،,ما عندهوش اليات خارقه،
ولكن ترتيبة جسمه استثنائية.,ولكن ترتيبه جسمه استثناييه.
بس خُد بالك، التمويه دا ليس مجاني،,بس خُد بالك، التمويه دا ليس مجاني،
في تجربة اتعملت على الأخطبوط الياقوتي الشرقي،,في تجربه اتعملت علي الاخطبوط الياقوتي الشرقي،
سلّطوا ضوء أزرق، عشان ينشّط خلايا الألوان،,سلّطوا ضوء ازرق، عشان ينشّط خلايا الالوان،
وقاموا عاملين مقارنة،,وقاموا عاملين مقارنه،
والمقارنة هتعتمد على استهلاك الأكسجين قبل وبعد التنشيط،,والمقارنه هتعتمد علي استهلاك الاكسجين قبل وبعد التنشيط،
هنشوف بيستهلك أكسجين أد إيه لمّا ينشّط،,هنشوف بيستهلك اكسجين اد ايه لمّا ينشّط،
عشان يقدروا يحسبوا الـCalories، الطاقة اللي بيتم استخدامها في حاجة زي كدا.,عشان يقدروا يحسبوا ال ، الطاقه اللي بيتم استخدامها في حاجه زي كدا.
وجدوا، يا عزيزي، إن جهاز التمويه دا، اللي هو شوية خلايا صغيرة في الجلد،,وجدوا، يا عزيزي، ان جهاز التمويه دا، اللي هو شويه خلايا صغيره في الجلد،
بتستهلك أد باقي الجسم كله،,بتستهلك اد باقي الجسم كله،
انت بتتكلم هنا على المخ والأعضاء والدراعات،,انت بتتكلم هنا علي المخ والاعضاء والدراعات،
كل دا، يا عزيزي، من غير ما أحط في الحسبة الملمس بتاع الجلد،,كل دا، يا عزيزي، من غير ما احط في الحسبه الملمس بتاع الجلد،
فانت مش بس نظري، انت كمان Texture.,فانت مش بس نظري، انت كمان .
فغالبًا، الأخطبوط بيستهلك طاقة، عشان يقدر يموّه أكتر من أي حيوان.,فغالبًا، الاخطبوط بيستهلك طاقه، عشان يقدر يموّه اكتر من اي حيوان.
عشان كدا، أحسن حاجة يعملها هي إنه يهرب،,عشان كدا، احسن حاجه يعملها هي انه يهرب،
ودا برضه، عنده Technique فيه.,ودا برضه، عنده فيه.
الأخطبوط عنده عضو اسمه كيس الحبر،,الاخطبوط عنده عضو اسمه كيس الحبر،
دا موجود جنب الجهاز الهضمي والمثانة،,دا موجود جنب الجهاز الهضمي والمثانه،
فيه غدد بتعمل الحبر،,فيه غدد بتعمل الحبر،
وقت الخطر، الأخطبوط بيقوم قابض عضلاته،,وقت الخطر، الاخطبوط بيقوم قابض عضلاته،
فيخرج الحبر لبرة من فتحة اسمها Siphon،,فيخرج الحبر لبره من فتحه اسمها ،
الحبر دا لمّا بيخرج، بيخرج في صورة سحابة سودا كثيفة،,الحبر دا لمّا بيخرج، بيخرج في صوره سحابه سودا كثيفه،
أحيانًا، بتكون زي فقاقيع كدا، فتعمل، زي ما تكون، تماثيل وهمية منه،,احيانًا، بتكون زي فقاقيع كدا، فتعمل، زي ما تكون، تماثيل وهميه منه،
"""أنا رُحت كدا""، ""أنا رُحت كدا.""","""انا رُحت كدا""، ""انا رُحت كدا."""
أو ممكن تبقى السحابة كتلة واحدة كبيرة،,او ممكن تبقي السحابه كتله واحده كبيره،
لحد ما هو يعرف يهرب،,لحد ما هو يعرف يهرب،
فانت تبقى عميت المفترس،,فانت تبقي عميت المفترس،
اجري انت بقى، يلّا، استخبى!,اجري انت بقي، يلّا، استخبي!
"""واضح يا (أبو حميد) إن انت بقالك مختفي فترة عن عالم الافتراس،","""واضح يا ابو حميد ان انت بقالك مختفي فتره عن عالم الافتراس،"
الحيوانات يا (أبو حميد) مش بتعتمد على النظر أوي،,الحيوانات يا ابو حميد مش بتعتمد علي النظر اوي،
ممكن تعتمد على الشم،,ممكن تعتمد علي الشم،
"ممكن تعتمد على الإحساس بالحركة.""","ممكن تعتمد علي الاحساس بالحركه."""
خلّيني، يا عزيزي، أقولّك إن دا مش أي حبر،,خلّيني، يا عزيزي، اقولّك ان دا مش اي حبر،
الحبر دا بيتكوّن من 3 مكونات أساسية،,الحبر دا بيتكوّن من 3 مكونات اساسيه،
ميلانين، بيدّيله لون،,ميلانين، بيدّيله لون،
مخاط بيعملّه قوام، عشان يبقى 3D كدا،,مخاط بيعملّه قوام، عشان يبقي 3 كدا،
"ومادة اسمها ""تيروسينيز""،","وماده اسمها ""تيروسينيز""،"
دي، يا عزيزي، بتخش على حواس الشم والتذوق عند المفترس، تلخبط أمه!,دي، يا عزيزي، بتخش علي حواس الشم والتذوق عند المفترس، تلخبط امه!
وخصوصًا، خصوصًا، القروش،,وخصوصًا، خصوصًا، القروش،
بيبقى القرش لا شايفه ولا حاسس بيه!,بيبقي القرش لا شايفه ولا حاسس بيه!
أنا عايز أقولّك، يا عزيزي، إن المادة دي مربكة,انا عايز اقولّك، يا عزيزي، ان الماده دي مربكه
لدرجة إن الأخطبوط نفسه ليس محصّن ضدها،,لدرجه ان الاخطبوط نفسه ليس محصّن ضدها،
"لو اتحبس في حوض ما بيتنضفش ويتـ""فلتر""، ممكن يموّت نفسه!","لو اتحبس في حوض ما بيتنضفش ويت""فلتر""، ممكن يموّت نفسه!"
"""طب يا (أبو حميد)، لو الحبر دا خلص،","""طب يا ابو حميد ، لو الحبر دا خلص،"
"مش المفترس دا ممكن يشوفه تاني، ويرجع ياكله؟""","مش المفترس دا ممكن يشوفه تاني، ويرجع ياكله؟"""
هنا بقى، يا عزيزي، بييجي دور إطلاق الصاروخ،,هنا بقي، يا عزيزي، بييجي دور اطلاق الصاروخ،
في جسم الأخطبوط، فيه تجويف عضلي بفتحة،,في جسم الاخطبوط، فيه تجويف عضلي بفتحه،
بيقوم ساحب فيه الميّه، ويقفل الفتحة دي،,بيقوم ساحب فيه الميّه، ويقفل الفتحه دي،
ويقوم مخرّجها بقوة من فتحة الـSiphon الضيّقة بتاعته،,ويقوم مخرّجها بقوه من فتحه ال الضيّقه بتاعته،
فيهرب، يا عزيزي، بطريقة الدفع النفاث، Jet Propulsion،,فيهرب، يا عزيزي، بطريقه الدفع النفاث، ،
زي إن انت تنفخ بالونة كدا، وتسيبها تطير فجأة...!,زي ان انت تنفخ بالونه كدا، وتسيبها تطير فجاه
الفرق بقى إن الأخطبوط بيقدر يوجّه النفاث دا يمين أو شمال،,الفرق بقي ان الاخطبوط بيقدر يوجّه النفاث دا يمين او شمال،
فانت عندك الـF-35!,فانت عندك ال -35!
دا، يا عزيزي، في حالة الخطر.,دا، يا عزيزي، في حاله الخطر.
طيب، لمّا الدنيا بتبقى هادية، الأخطبوط بيعمل إيه؟,طيب، لمّا الدنيا بتبقي هاديه، الاخطبوط بيعمل ايه؟
حياته ما بتبقاش هادية كدا؟ ما بتبقاش طبيعية؟,حياته ما بتبقاش هاديه كدا؟ ما بتبقاش طبيعيه؟
كل حياته خطر ومطاردات؟,كل حياته خطر ومطاردات؟
لأ، يا عزيزي، عادي، أحيانًا، الدنيا بتبقى هادية خالص،,لا، يا عزيزي، عادي، احيانًا، الدنيا بتبقي هاديه خالص،
والأخطبوط بيعوم في الميّه زي الفُل،,والاخطبوط بيعوم في الميّه زي الفُل،
ولكنه، عشان أكون صريح معاك،,ولكنه، عشان اكون صريح معاك،
لا يحب السباحة، بيحب يتمشى على القاع بدراعاته.,لا يحب السباحه، بيحب يتمشي علي القاع بدراعاته.
"""الله! طب ثانية واحدة يا (أبو حميد)، هو ازاي بيمشي، وهو ما عندهوش عضم؟!","""الله! طب ثانيه واحده يا ابو حميد ، هو ازاي بيمشي، وهو ما عندهوش عضم"
دا، يا عزيزي، طبعًا سؤال ساذج، أنا كنت عايزك تسأله،,دا، يا عزيزي، طبعًا سوال ساذج، انا كنت عايزك تساله،
عشان أكلمك على دراعات الأخطبوط.,عشان اكلمك علي دراعات الاخطبوط.
"على حسب الدكتورة ""ميلينا هيل"" عالمة الأحياء في جامعة ""شيكاغو""،","علي حسب الدكتوره ""ميلينا هيل"" عالمه الاحياء في جامعه ""شيكاغو""،"
غياب الهيكل العظمي للأخطبوط,غياب الهيكل العظمي للاخطبوط
اتعوّض ببنية عضلية اسمها Hydrostat عضلي،,اتعوّض ببنيه عضليه اسمها عضلي،
بمعنى إن كل دراع بيبقى عنده Level من الصلابة،,بمعني ان كل دراع بيبقي عنده من الصلابه،
كل دراع فيه عضلات بالعرض بتدّيله صلابة،,كل دراع فيه عضلات بالعرض بتدّيله صلابه،
وعضلات بالطول تطوّل وتقصّر الدراع،,وعضلات بالطول تطوّل وتقصّر الدراع،
وعضلات حلزونية تخلّيه يلتوي،,وعضلات حلزونيه تخلّيه يلتوي،
وجوا هذه العضلات هناك حبل عصبي متموج،,وجوا هذه العضلات هناك حبل عصبي متموج،
عشان لو الدراع طِول أو قِصر، ما يحصلش أي تأثير،,عشان لو الدراع طِول او قِصر، ما يحصلش اي تاثير،
"""أنا لسة قادر أControl، ما فيش مشاكل!""","""انا لسه قادر ا ، ما فيش مشاكل!"""
لأن الأعصاب ما بتتمطش، زي الأوعية الدموية كدا.,لان الاعصاب ما بتتمطش، زي الاوعيه الدمويه كدا.
بُص، يا عزيزي، على دراعك، هناك كام مفصل؟,بُص، يا عزيزي، علي دراعك، هناك كام مفصل؟
انت عندك 3 مفاصل أساسية،,انت عندك 3 مفاصل اساسيه،
الـ3 مفاصل دُول بيدّوك 7 درجات من الحرية،,ال3 مفاصل دُول بيدّوك 7 درجات من الحريه،
الكتف بيدّي 3،,الكتف بيدّي 3،
فوق، تحت، قُدّام، ورا، حوالين المحور.,فوق، تحت، قُدّام، ورا، حوالين المحور.
الكوع حركة واحدة، تَنْي وامتداد.,الكوع حركه واحده، تَنْي وامتداد.
الـWrist حركتين، فوق، تحت، ويمين، شمال.,ال حركتين، فوق، تحت، ويمين، شمال.
دراع الأخطبوط بقى، يا عزيزي، يا اللي فرحان بمفاصلك،,دراع الاخطبوط بقي، يا عزيزي، يا اللي فرحان بمفاصلك،
بيعمل مفاصل زائفة،,بيعمل مفاصل زايفه،
يقدر بقى يعمل بيهم كام حركة؟,يقدر بقي يعمل بيهم كام حركه؟
Unlimited عدد من الحركات.,عدد من الحركات.
"""ياه يا (أبو حميد)! يا بخته!""","""ياه يا ابو حميد ! يا بخته!"""
انت، يا عزيزي، بتاخد من 5 لـ10 سنين،,انت، يا عزيزي، بتاخد من 5 ل10 سنين،
عشان تحترف الـ7 حركات بتوع الدراع دُول،,عشان تحترف ال7 حركات بتوع الدراع دُول،
المشكلة ليست في الدراع،,المشكله ليست في الدراع،
المشكلة في المخ.,المشكله في المخ.
المخ ببساطة شديدة زي الكمبيوتر،,المخ ببساطه شديده زي الكمبيوتر،
بياخد بيانات يعالجها، ويطلّع قرارات،,بياخد بيانات يعالجها، ويطلّع قرارات،
عشان كدا، بناخد سنين، عشان نقدر ندرب مخنا,عشان كدا، بناخد سنين، عشان نقدر ندرب مخنا
إن هو يرقص، يلعب رياضة، يلعب بيانو.,ان هو يرقص، يلعب رياضه، يلعب بيانو.
ولكن بالنسبة للأخطبوط، التعقيد مش بس في الحركة،,ولكن بالنسبه للاخطبوط، التعقيد مش بس في الحركه،
لأ، هو تنسيق، أنهو دراع هيعمل إيه.,لا، هو تنسيق، انهو دراع هيعمل ايه.
في دراسة حللت 25 فيديو للأخطبوطات في المحيط،,في دراسه حللت 25 فيديو للاخطبوطات في المحيط،
وجدوا إن فيه، زي ما تقول كدا، تقسيمة للدراعات اللي هتشتغل على الحاجات،,وجدوا ان فيه، زي ما تقول كدا، تقسيمه للدراعات اللي هتشتغل علي الحاجات،
فالـ4 دراعات اللي قُدّام، هيشتغلوا على حاجات،,فال4 دراعات اللي قُدّام، هيشتغلوا علي حاجات،
الـ4 دراعات اللي ورا، هيشتغلوا على حاجات تانية،,ال4 دراعات اللي ورا، هيشتغلوا علي حاجات تانيه،
فيه أنشطة بتستخدم طرف الدراع،,فيه انشطه بتستخدم طرف الدراع،
فيه أنشطة بتستخدم نُص الدراع،,فيه انشطه بتستخدم نُص الدراع،
وفي بطن كل دراع، صف أو صفين من الـSuckers،,وفي بطن كل دراع، صف او صفين من ال ،
ممصات، الحاجات اللي بتلزق دي،,ممصات، الحاجات اللي بتلزق دي،
بتخلّي الأخطبوط يقدر يلزق دراعه على أي حاجة.,بتخلّي الاخطبوط يقدر يلزق دراعه علي اي حاجه.
العضلات في قاعدة كل Sucker من دُول,العضلات في قاعده كل من دُول
لمّا بتنقبض، بتعمل شفط، فتقوم لازقة،,لمّا بتنقبض، بتعمل شفط، فتقوم لازقه،
وعلى حسب السطح، بتختلف القوة،,وعلي حسب السطح، بتختلف القوه،
لو سطح ناعم، غير خشن، غير سطح مش متناسق.,لو سطح ناعم، غير خشن، غير سطح مش متناسق.
وعندها كمان Skin Self-Recognition،,وعندها كمان - ،
ودا، يا عزيزي، بيحل مشكلة إن الأخطبوط,ودا، يا عزيزي، بيحل مشكله ان الاخطبوط
ما يقدرش يلزق في نفسه، حتى لو كان الدراع دا مقطوع،,ما يقدرش يلزق في نفسه، حتي لو كان الدراع دا مقطوع،
يعني، ما فيش دراع هيلزق في دراع،,يعني، ما فيش دراع هيلزق في دراع،
ما دي مشكلة، أنا عندي 8 دراعات،,ما دي مشكله، انا عندي 8 دراعات،
هيفضلوا بقى يلزقولي في بعض كدا؟!,هيفضلوا بقي يلزقولي في بعض كدا
فالدراعات عندها Skin Self-Recognition.,فالدراعات عندها - .
مش بس كدا، يا عزيزي، الممصات دي جواها خلايا متخصصة,مش بس كدا، يا عزيزي، الممصات دي جواها خلايا متخصصه
بتقدر تدوق وتشم اللي بتلمسه،,بتقدر تدوق وتشم اللي بتلمسه،
فانت في الدراعات بتاعتك، اللي بتتحرك الحركات الـVarious دي،,فانت في الدراعات بتاعتك، اللي بتتحرك الحركات ال دي،
عندك كمان ألسنة ومناخير،,عندك كمان السنه ومناخير،
فبسم الله، ما شاء الله، بيبقى عنده كمية معلومات هايلة,فبسم الله، ما شاء الله، بيبقي عنده كميه معلومات هايله
عن البيئة اللي حواليه،,عن البييه اللي حواليه،
وعندك بقى دماغ بياخد من 8 دراعات,وعندك بقي دماغ بياخد من 8 دراعات
كل هذه التفاصيل، عشان يعملّك Analysis محترم،,كل هذه التفاصيل، عشان يعملّك محترم،
ملايين القرارات في الثانية،,ملايين القرارات في الثانيه،
دا عبء حسابي لا يتحمله عقل!,دا عبء حسابي لا يتحمله عقل!
جهاز الأخطبوط العصبي فيه تقريبًا 500 مليون خلية عصبية،,جهاز الاخطبوط العصبي فيه تقريبًا 500 مليون خليه عصبيه،
يعني، عنده تقريبًا خلايا عصبية أد الكلب،,يعني، عنده تقريبًا خلايا عصبيه اد الكلب،
ولكن عكس الكلاب والفقاريات،,ولكن عكس الكلاب والفقاريات،
اللي معظم خلاياها العصبية في الدماغ بتاعتها،,اللي معظم خلاياها العصبيه في الدماغ بتاعتها،
"Actually, Actually، تلتين الخلايا العصبية بتاعة الأخطبوط",", ، تلتين الخلايا العصبيه بتاعه الاخطبوط"
موجودة في دراعاته، مش في دماغه،,موجوده في دراعاته، مش في دماغه،
لدرجة، يا عزيزي، إن بعض العلماء بيقولوا إن زي ما الأخطبوط عنده 3 قلوب كدا،,لدرجه، يا عزيزي، ان بعض العلماء بيقولوا ان زي ما الاخطبوط عنده 3 قلوب كدا،
فهو عنده 9 عقول، مخ مركزي، و8 في كل دراع،,فهو عنده 9 عقول، مخ مركزي، و8 في كل دراع،
كل دراع له عقل مستقل.,كل دراع له عقل مستقل.
بيحرك بيه نفسه، وأحيانًا، بيحرك بيه دراع تاني،,بيحرك بيه نفسه، واحيانًا، بيحرك بيه دراع تاني،
الباحثين درسوا نوع من الأخطبوط، اسمه...,الباحثين درسوا نوع من الاخطبوط، اسمه
وركزوا على الأحبال العصبية في عضلات الدراع،,وركزوا علي الاحبال العصبيه في عضلات الدراع،
واكتشفوا إن الحبل مش بس ماشي على الدراع،,واكتشفوا ان الحبل مش بس ماشي علي الدراع،
لأ، دا بيمتد لدراع تانية بعد دراعين،,لا، دا بيمتد لدراع تانيه بعد دراعين،
يعني، حبل دراع 1 بيكمّل مع حبل 3،,يعني، حبل دراع 1 بيكمّل مع حبل 3،
ودراع 2 بيكمّل مع 4،,ودراع 2 بيكمّل مع 4،
كل الدراعات الـ8 بنفس هذه الـPattern.,كل الدراعات ال8 بنفس هذه ال .
دا معناه إن انت ممكن تشوف كل دراع بيحلل وبيتصرّف،,دا معناه ان انت ممكن تشوف كل دراع بيحلل وبيتصرّف،
من غير ما يرجع للمخ، من غير ما يرجع للمركزي.,من غير ما يرجع للمخ، من غير ما يرجع للمركزي.
في حالة طبية بشرية اسمها الـAlien Hand Syndrome،,في حاله طبيه بشريه اسمها ال ،
إن انت كإنسان تلاقي دراعك بتتصرف بشكل انت مش عايزه،,ان انت كانسان تلاقي دراعك بتتصرف بشكل انت مش عايزه،
"زي فيلم ""تامر حسني""، اللي هو ""مش أنا""،","زي فيلم ""تامر حسني""، اللي هو ""مش انا""،"
تلاقي الدراع بتفتح حاجات لوحدها،,تلاقي الدراع بتفتح حاجات لوحدها،
بتدوس على زراير، بتشد حاجات، لوحدها،,بتدوس علي زراير، بتشد حاجات، لوحدها،
الشخص واعي تمامًا، بس مش قادر يوقّف إيده!,الشخص واعي تمامًا، بس مش قادر يوقّف ايده!
الأخطبوط هنا، يا عزيزي، مش بيفقد السيطرة على دراعه،,الاخطبوط هنا، يا عزيزي، مش بيفقد السيطره علي دراعه،
لأ، هو Already عامل تفويض للجسم كله،,لا، هو عامل تفويض للجسم كله،
"""اتفضل انت توكّل على الله،","""اتفضل انت توكّل علي الله،"
"يلّا يا دراعات انتي، شوفي شغلك، يلّا، اشتغلي. ما ترجعيليش!""","يلّا يا دراعات انتي، شوفي شغلك، يلّا، اشتغلي. ما ترجعيليش!"""
المخ، يا عزيزي، بيحط الـVision،,المخ، يا عزيزي، بيحط ال ،
بيحط المراية العامة، زي رؤية الشركة كدا،,بيحط المرايه العامه، زي رويه الشركه كدا،
التفاصيل بقى صغيرة، لكل دراع،,التفاصيل بقي صغيره، لكل دراع،
"""انت تشوف انت هتتصرّف ازاي،","""انت تشوف انت هتتصرّف ازاي،"
"أنا بس هأحط الـMission والـVision.""","انا بس هاحط ال وال ."""
فتلاقي، يا عزيزي، عندك دراع بيحفر، دراع بينضّف،,فتلاقي، يا عزيزي، عندك دراع بيحفر، دراع بينضّف،
دراع بيمسك حاجة، ودراع بيضرب سمكة.,دراع بيمسك حاجه، ودراع بيضرب سمكه.
مش بس كدا، في حالة غريبة، بيتوفى فيها دولفين،,مش بس كدا، في حاله غريبه، بيتوفي فيها دولفين،
لقوا إن السبب كان إن الدولفين أكل أخطبوط،,لقوا ان السبب كان ان الدولفين اكل اخطبوط،
بس هناك دراع من هذا الأخطبوط نجا، ولف حوالين الدولفين، وخنقه بشكل ما.,بس هناك دراع من هذا الاخطبوط نجا، ولف حوالين الدولفين، وخنقه بشكل ما.
عشان كدا، يا عزيزي، بتلاقي بعض أنواع الأخطبوط بيقوم متخلّي عن دراعه تعمدًا،,عشان كدا، يا عزيزي، بتلاقي بعض انواع الاخطبوط بيقوم متخلّي عن دراعه تعمدًا،
خلّيهم ينشغلوا بيه، زي ديل البُرص كدا،,خلّيهم ينشغلوا بيه، زي ديل البُرص كدا،
"""خُد، خُد، خُد، اتلهي، اتلهي!""","""خُد، خُد، خُد، اتلهي، اتلهي!"""
يسيب دراعه يتحرك ويشتت المفترس، لحد ما الجسم يهرب،,يسيب دراعه يتحرك ويشتت المفترس، لحد ما الجسم يهرب،
ومش بس كدا، يا عزيزي، الأخطبوط قدر يطلع بذكاء تقريبًا شبه ذكائنا،,ومش بس كدا، يا عزيزي، الاخطبوط قدر يطلع بذكاء تقريبًا شبه ذكاينا،
رغم إن هو أقرب للمحار من البني آدمين.,رغم ان هو اقرب للمحار من البني ادمين.
مثلًا، بعض العلماء نشروا بحث في مجلة Current Biology،,مثلًا، بعض العلماء نشروا بحث في مجله ،
إنهم شافوا أخطبوط كان شايل نُصين قشرة جوز هند تحت دراعه،,انهم شافوا اخطبوط كان شايل نُصين قشره جوز هند تحت دراعه،
ليه؟ عشان لمّا يطلع يصطاد، ويحتاج يستخبى،,ليه؟ عشان لمّا يطلع يصطاد، ويحتاج يستخبي،
يقوم عاملها بيت ويقفل عليه،,يقوم عاملها بيت ويقفل عليه،
"""أنا ليه أحتاج الصَدَفة؟","""انا ليه احتاج الصَدَفه؟"
ما أنا عندي مخ يقدر يخلّيني أستخدم أدوات,ما انا عندي مخ يقدر يخلّيني استخدم ادوات
"وتبقى كأنها صَدَفة، أو تبقى بالنسبالي قوقعة.""","وتبقي كانها صَدَفه، او تبقي بالنسبالي قوقعه."""
استخدام الأدوات، يا عزيزي، هي كانت الحاجة اللي بتخلّينا فاكرين إن احنا مميزين.,استخدام الادوات، يا عزيزي، هي كانت الحاجه اللي بتخلّينا فاكرين ان احنا مميزين.
مش كدا بس، احنا بنشوف في المعامل بقى حدّث ولا حرج،,مش كدا بس، احنا بنشوف في المعامل بقي حدّث ولا حرج،
الأخطبوط بيحل متاهات، بيجتاز اختبارات،,الاخطبوط بيحل متاهات، بيجتاز اختبارات،
والاختبارات دي كنا بنعملها في فقاريات ذكية.,والاختبارات دي كنا بنعملها في فقاريات ذكيه.
الأخطبوط مش بس بيكمّل الاختبار، لأ،,الاخطبوط مش بس بيكمّل الاختبار، لا،
دا بيوصل للمكافآة اللي في نهاية الاختبار.,دا بيوصل للمكافاه اللي في نهايه الاختبار.
على حسب إحدى الدراسات،,علي حسب احدي الدراسات،
علّموا 54 أخطبوط من أعمار مختلفة,علّموا 54 اخطبوط من اعمار مختلفه
إن فيه لغز معيّن، وفيه كذا طريقة لحل هذا اللغز،,ان فيه لغز معيّن، وفيه كذا طريقه لحل هذا اللغز،
اللي لقوه، يا عزيزي، إن كل أخطبوط كان عنده أسلوب فردي للحل،,اللي لقوه، يا عزيزي، ان كل اخطبوط كان عنده اسلوب فردي للحل،
ما فيش تقريبًا ولا أخطبوط بيقلد التاني،,ما فيش تقريبًا ولا اخطبوط بيقلد التاني،
وكل ما كان الأخطبوط أكبر، كل ما كان عنده خبرة أكبر وفضول أقل،,وكل ما كان الاخطبوط اكبر، كل ما كان عنده خبره اكبر وفضول اقل،
فتلاقي إن مع السن، الأخطبوط ما بقاش مهتم إن هو يحل اللغز،,فتلاقي ان مع السن، الاخطبوط ما بقاش مهتم ان هو يحل اللغز،
ولكن العكس مع الصغيرين،,ولكن العكس مع الصغيرين،
اللي بيبقوا متحمسين إن هما يحاولوا يحلوا اللغز،,اللي بيبقوا متحمسين ان هما يحاولوا يحلوا اللغز،
اختلاف الشخصيات بين الأخطبوطات دا,اختلاف الشخصيات بين الاخطبوطات دا
بيرجع إلى أن المخ كبير، فيه براح،,بيرجع الي ان المخ كبير، فيه براح،
ما يسبب الـCognitive Flexibility.,ما يسبب ال .
الأخطبوطات في الأحواض المائية,الاخطبوطات في الاحواض الماييه
مشهورة جدًا إنها أحيانًا بتخرج من الحوض تروح تجيب أكل، وترجع تاني،,مشهوره جدًا انها احيانًا بتخرج من الحوض تروح تجيب اكل، وترجع تاني،
بس دا نقدر نقول إن هو عادي، بنعتبره بيصطاد،,بس دا نقدر نقول ان هو عادي، بنعتبره بيصطاد،
"ولكن في جامعة ""أوتاجو"" في ""نيوزيلاندا""،","ولكن في جامعه ""اوتاجو"" في ""نيوزيلاندا""،"
الأخطبوطات كانت بتكره النور الساطع،,الاخطبوطات كانت بتكره النور الساطع،
ليه؟ لأنها، زي ما احنا عارفين، متعودة تعيش في قاع البحر،,ليه؟ لانها، زي ما احنا عارفين، متعوده تعيش في قاع البحر،
فاتعلمت، يا عزيزي، إنها تطفي النور.,فاتعلمت، يا عزيزي، انها تطفي النور.
فاكر إفرازات الميّه اللي حكيتلك عنها؟,فاكر افرازات الميّه اللي حكيتلك عنها؟
أحيانًا، كانت الأخطبوطات بتستخدم هذه النفاثات,احيانًا، كانت الاخطبوطات بتستخدم هذه النفاثات
في إنها تحدف ميّه، فتطفي اللمبة،,في انها تحدف ميّه، فتطفي اللمبه،
ومش بس كدا، كانت بتحدف ميّه على أي حد مش عاجبها في المعمل.,ومش بس كدا، كانت بتحدف ميّه علي اي حد مش عاجبها في المعمل.
مرة، يا عزيزي، كان فيه أخطبوط عنده موقف عدائي تجاه موظفة،,مره، يا عزيزي، كان فيه اخطبوط عنده موقف عدايي تجاه موظفه،
كانت كل مرة تعدّي من قُدّام الحوض، يقوم راشش عليها!,كانت كل مره تعدّي من قُدّام الحوض، يقوم راشش عليها!
أحد الباحثين كمان بيأكد نفس السلوك،,احد الباحثين كمان بياكد نفس السلوك،
كان عنده حبّار، اللي هو ابن عم الأخطبوط،,كان عنده حبّار، اللي هو ابن عم الاخطبوط،
كان بيرش ميّه على الزوار الجداد بس.,كان بيرش ميّه علي الزوار الجداد بس.
"وفي 2010، التجارب هتثبت إن أخطبوط ""المحيط الهادي"" العملاق","وفي 2010، التجارب هتثبت ان اخطبوط ""المحيط الهادي"" العملاق"
بيقدر يميز إنسان عن التاني، حتى لو لابسين نفس اللبس.,بيقدر يميز انسان عن التاني، حتي لو لابسين نفس اللبس.
الأخطبوط مشهور بشقاوته،,الاخطبوط مشهور بشقاوته،
بيرمي الأكل اللي مش عاجبه في وشك،,بيرمي الاكل اللي مش عاجبه في وشك،
يهرب من الحوض،,يهرب من الحوض،
يستنى لمّا تمشي، ويعمل حاجة.,يستني لمّا تمشي، ويعمل حاجه.
بس دي مجرد مش شقاوة،,بس دي مجرد مش شقاوه،
الأخطبوط اتعلم في الطبيعة إن هو بينجو ويهرب,الاخطبوط اتعلم في الطبيعه ان هو بينجو ويهرب
لمّا المفترس يبص الناحية التانية،,لمّا المفترس يبص الناحيه التانيه،
ففضلت معاه مهارة لحد دلوقتي,ففضلت معاه مهاره لحد دلوقتي
"""هل الراجل دا مركّز معايا دلوقتي؟ ولّا لأ؟""","""هل الراجل دا مركّز معايا دلوقتي؟ ولّا لا؟"""
وعلى هذا الأساس، يهرب.,وعلي هذا الاساس، يهرب.
الأخطبوط كمان في بعض التجارب أثبت إنه بيتعلم بالمشاهدة،,الاخطبوط كمان في بعض التجارب اثبت انه بيتعلم بالمشاهده،
في تجربة سنة 92، حطوا للأخطبوط كورة حمرا وكورة بيضا،,في تجربه سنه 92، حطوا للاخطبوط كوره حمرا وكوره بيضا،
واتدرب إنه لمّا هيلمس الكورة الحمرا، هياخد مكافآة،,واتدرب انه لمّا هيلمس الكوره الحمرا، هياخد مكافاه،
وبعد كدا، قاموا مدخّلين أخطبوطات تانية، من غير ما يمرنوها،,وبعد كدا، قاموا مدخّلين اخطبوطات تانيه، من غير ما يمرنوها،
سابوهم يتعلموا من صاحبهم اللي اتعلم،,سابوهم يتعلموا من صاحبهم اللي اتعلم،
وبالفعل، اتعلموا أسرع منه عن طريق المشاهدة،,وبالفعل، اتعلموا اسرع منه عن طريق المشاهده،
إن هما يشوفوه بيعمل إيه، وبدأوا يعملوا زيه.,ان هما يشوفوه بيعمل ايه، وبداوا يعملوا زيه.
هنا، يا عزيزي، دي حاجة Interesting جدًا،,هنا، يا عزيزي، دي حاجه جدًا،
لأن هنا، الأخطبوط ربط حدث بنتيجة،,لان هنا، الاخطبوط ربط حدث بنتيجه،
واتعلم من بعيد، من غير ما يخوض التجربة بنفسه،,واتعلم من بعيد، من غير ما يخوض التجربه بنفسه،
ودا غريب جدًا،,ودا غريب جدًا،
لأن الأخطبوط مش محتاج التعلم الاجتماعي،,لان الاخطبوط مش محتاج التعلم الاجتماعي،
الأخطبوط بيعيش لوحده طول عمره، ما عدا في وقت التزاوج،,الاخطبوط بيعيش لوحده طول عمره، ما عدا في وقت التزاوج،
أحيانًا، بنشوفه بيتعاون مع أنواع تانية،,احيانًا، بنشوفه بيتعاون مع انواع تانيه،
زي مثلًا، سمة التروات المفترس،,زي مثلًا، سمه التروات المفترس،
أحيانًا، بيعملوا خطة هجمة،,احيانًا، بيعملوا خطه هجمه،
تخلّي الفريسة مش عارفة الضربة جاية منين،,تخلّي الفريسه مش عارفه الضربه جايه منين،
السمكة بتدل الأخطبوط على مكان الفريسة،,السمكه بتدل الاخطبوط علي مكان الفريسه،
يقوم رايح الأخطبوط يسيطر على الفريسة بدراعاته،,يقوم رايح الاخطبوط يسيطر علي الفريسه بدراعاته،
أو يقوم مدخّل دراعاته في الأنفاق الضيّقة، فيقوم طارد الفريسة.,او يقوم مدخّل دراعاته في الانفاق الضيّقه، فيقوم طارد الفريسه.
دا، يا عزيزي، تعاون، تبادل معلومات استخباراتية،,دا، يا عزيزي، تعاون، تبادل معلومات استخباراتيه،
وبيحصل بين نوعين بُعاد جدًا عن بعض.,وبيحصل بين نوعين بُعاد جدًا عن بعض.
خُد بالك، يا عزيزي، الأخطبوط مش عبيط،,خُد بالك، يا عزيزي، الاخطبوط مش عبيط،
لو سمكة مثلًا حاولت تستغله،,لو سمكه مثلًا حاولت تستغله،
حاولت ما تقسّمش معاه الفريسة مثلًا،,حاولت ما تقسّمش معاه الفريسه مثلًا،
"الأخطبوط بيقوم ضاربها، بيدّيها بالـ""بوكس""،","الاخطبوط بيقوم ضاربها، بيدّيها بال""بوكس""،"
أنا بأتكلم بجد، مش بأهزر،,انا باتكلم بجد، مش باهزر،
العلماء رصدوا Punch مباشر في وش السمكة،,العلماء رصدوا مباشر في وش السمكه،
وبشكل متكرر مع سمكة بعينها، مش حاجة عشوائية،,وبشكل متكرر مع سمكه بعينها، مش حاجه عشواييه،
"وهي السمكة بالتحديد اللي بتحاول تستغلّه، بيدّيها بالـ""بوكس""!","وهي السمكه بالتحديد اللي بتحاول تستغلّه، بيدّيها بال""بوكس""!"
بعيدًا، يا عزيزي، عن سلوكيات الأخطبوط،,بعيدًا، يا عزيزي، عن سلوكيات الاخطبوط،
خلّينا نتكلم على أهم سلوك، أهم علاقة، التزواج،,خلّينا نتكلم علي اهم سلوك، اهم علاقه، التزواج،
الحقيقة، يا عزيزي، لو فاكر,الحقيقه، يا عزيزي، لو فاكر
إن كل اللي سمعته دا هو اللي بيوضّح غرابة الأخطبوط،,ان كل اللي سمعته دا هو اللي بيوضّح غرابه الاخطبوط،
فاستنى، فانت لسة ما شُفتش في التزاوج بتاع الأخطبوط.,فاستني، فانت لسه ما شُفتش في التزاوج بتاع الاخطبوط.
الجهاز التناسلي بتاع الذَكَر موجود مع باقي الأعضاء في الكيسة اللي قُلتلك عليها،,الجهاز التناسلي بتاع الذَكَر موجود مع باقي الاعضاء في الكيسه اللي قُلتلك عليها،
تخيّل معاه كيسة فيها الجهاز التناسلي!,تخيّل معاه كيسه فيها الجهاز التناسلي!
"""مش لوحده يا (أبو حميد)!""","""مش لوحده يا ابو حميد !"""
ممكن نكمّل؟,ممكن نكمّل؟
الحيوانات المنوية بتتصنّع في الـMantle.,الحيوانات المنويه بتتصنّع في ال .
"""طب يا (أبو حميد)، ازاي بتوصل للأنثى؟""","""طب يا ابو حميد ، ازاي بتوصل للانثي؟"""
خلّيني أقولّك إن الذكر عنده دراع مخصص للتزاوج.,خلّيني اقولّك ان الذكر عنده دراع مخصص للتزاوج.
"""عضو زيادة يا (أبو حميد)؟""","""عضو زياده يا ابو حميد ؟"""
لأ، يا عزيزي، هو دراع من الـ8.,لا، يا عزيزي، هو دراع من ال8.
العلماء عندهم System لتسمية الدراعات،,العلماء عندهم لتسميه الدراعات،
"الدراعات اليمين، R1, R2, R3, R4،","الدراعات اليمين، 1, 2, 3, 4،"
والشمال، L1 لحد L4،,والشمال، 1 لحد 4،
التالت في يمين، الـR3، بيبقى عنده كدا,التالت في يمين، ال 3، بيبقي عنده كدا
تجويف، يا عزيزي، في الآخر، كدا زي المعلقة، اسمه Legula،,تجويف، يا عزيزي، في الاخر، كدا زي المعلقه، اسمه ،
بيدخّل الدراع في الـMantle بتاعه،,بيدخّل الدراع في ال بتاعه،
ويقوم جايب الحيوانات المنوية، يغرفها كدا، زي ما تقول،,ويقوم جايب الحيوانات المنويه، يغرفها كدا، زي ما تقول،
ويحطها في إيده،,ويحطها في ايده،
الحيوانات المنوية اللي في جسمه بتبقى على شكل حبل ملفوف طوله متر،,الحيوانات المنويه اللي في جسمه بتبقي علي شكل حبل ملفوف طوله متر،
فيه أكتر من 4 مليار حيوان منوي،,فيه اكتر من 4 مليار حيوان منوي،
بياخدهم بالمعلقة اللي في دراعه، اللي قُلتلك عليها دي.,بياخدهم بالمعلقه اللي في دراعه، اللي قُلتلك عليها دي.
دراع التزاوج دا، يا عزيزي، هو اللي بيعرّفنا الذَكَر من الأنثى،,دراع التزاوج دا، يا عزيزي، هو اللي بيعرّفنا الذَكَر من الانثي،
لو ذَكَر، بيبقى الدراع التالت يمين، الـR3، بيبقى فيه تنية،,لو ذَكَر، بيبقي الدراع التالت يمين، ال 3، بيبقي فيه تنيه،
وبيبقى أنعم ولونه أفتح،,وبيبقي انعم ولونه افتح،
وما بيبقاش فيه خلايا تغيّر لونه،,وما بيبقاش فيه خلايا تغيّر لونه،
عشان ما فيش أنثى تتلخبط.,عشان ما فيش انثي تتلخبط.
الأنثى، على الناحية التانية، بتبقى دراعاتها كلها شبه بعض،,الانثي، علي الناحيه التانيه، بتبقي دراعاتها كلها شبه بعض،
دي الطريقة اللي تعرف بيها.,دي الطريقه اللي تعرف بيها.
في التزواج، الأنثى بتقوم رايحة جُحر كدا،,في التزواج، الانثي بتقوم رايحه جُحر كدا،
وتقعد فيه، وتحط فيه فرمونات،,وتقعد فيه، وتحط فيه فرمونات،
الذكور تشم الفرمونات من هنا، وتقوم جاية،,الذكور تشم الفرمونات من هنا، وتقوم جايه،
أحيانًا، يا عزيزي، بيتجمّع لحد 9 ذكور،,احيانًا، يا عزيزي، بيتجمّع لحد 9 ذكور،
من غير ما يتعاركوا، كأنهم مش شايفين بعض.,من غير ما يتعاركوا، كانهم مش شايفين بعض.
ودا ليه؟ لأن الأنثى غالبًا ما بتكتفيش بواحد، Polyamorous.,ودا ليه؟ لان الانثي غالبًا ما بتكتفيش بواحد، .
الذكر، على حسب النوع، بيعمل حاجة من الاتنين،,الذكر، علي حسب النوع، بيعمل حاجه من الاتنين،
يا إما بيغطي الأنثى بجسمه، حضن أخطبوطي كدا،,يا اما بيغطي الانثي بجسمه، حضن اخطبوطي كدا،
أو بيكتفي إن هو يحط دراع الـR3، دراع التزاوج بتاعه,او بيكتفي ان هو يحط دراع ال 3، دراع التزاوج بتاعه
في الـMantle بتاعتها، الكيسة بتاعتها، ويقف بعيد كدا.,في ال بتاعتها، الكيسه بتاعتها، ويقف بعيد كدا.
"""طب ليه يا (أبو حميد)؟ هل هو عنده Fear of Commitment؟","""طب ليه يا ابو حميد ؟ هل هو عنده ؟"
"بيخاف من الحميمية؟ بيخاف من الـIntimacy؟!""","بيخاف من الحميميه؟ بيخاف من ال """
لأ، يا عزيزي، هو بصراحة بيخاف على حياته،,لا، يا عزيزي، هو بصراحه بيخاف علي حياته،
في بعض الأنواع، الأنثى الأكبر بتقتله.,في بعض الانواع، الانثي الاكبر بتقتله.
في بحث اتنشر في Molluscan Research،,في بحث اتنشر في ،
اتوثقت أخطبوطة بتخنق ذَكَر بـ3 دراعات وبتاكله،,اتوثقت اخطبوطه بتخنق ذَكَر ب3 دراعات وبتاكله،
ودا، يا عزيزي، بيحصل بـTechnique مرعب،,ودا، يا عزيزي، بيحصل ب مرعب،
بتضغط على الفتحة اللي بتدخّل الميّه للجهاز التنفسي والخياشيم،,بتضغط علي الفتحه اللي بتدخّل الميّه للجهاز التنفسي والخياشيم،
فما يقدرش يسحب ميّه، فحرفيًا يتخنق من غير أكسجين!,فما يقدرش يسحب ميّه، فحرفيًا يتخنق من غير اكسجين!
انقذوا الأخطبوطات الرجالة! محتاجين حملة!,انقذوا الاخطبوطات الرجاله! محتاجين حمله!
"عالمة الأحياء البحرية ""كريستين هافارد""","عالمه الاحياء البحريه ""كريستين هافارد"""
صادفت ذكر وأنثى من الأخطبوطات,صادفت ذكر وانثي من الاخطبوطات
الذكر كان بيتزاوج بما يسمى بالـDistance Mating، من بعيد،,الذكر كان بيتزاوج بما يسمي بال ، من بعيد،
وكله تمام، الحمد لله.,وكله تمام، الحمد لله.
بس بعد حوالي 15 دقيقة،,بس بعد حوالي 15 دقيقه،
فجأة، الأنثى هجمت،,فجاه، الانثي هجمت،
لفّت بدراعها وسحبته،,لفّت بدراعها وسحبته،
حاول يهرب، ولونه بقى أبيض من الخوف،,حاول يهرب، ولونه بقي ابيض من الخوف،
وفضلت، يا عزيزي، تمسك بدراعات أكتر، لحد ما توقّف تمامًا عن الحركة،,وفضلت، يا عزيزي، تمسك بدراعات اكتر، لحد ما توقّف تمامًا عن الحركه،
قامت لافّاه وواخداه الجُحر بتاعها،,قامت لافّاه وواخداه الجُحر بتاعها،
يعني Date، وانت العَشا!,يعني ، وانت العَشا!
ولذلك، يا عزيزي، الذكور بيعتمدوا على إن دراع التزاوج يبقى دراع طويل،,ولذلك، يا عزيزي، الذكور بيعتمدوا علي ان دراع التزاوج يبقي دراع طويل،
فيقدروا، يا حبايبي، يتزاوجوا من مسافة آمنة،,فيقدروا، يا حبايبي، يتزاوجوا من مسافه امنه،
لأن لو الأنثى دراعاتها أطول،,لان لو الانثي دراعاتها اطول،
"هتجيبه من قفاه، ""خُد، تعالى! تعالى!""","هتجيبه من قفاه، ""خُد، تعالي! تعالي!"""
أنقذوا ذكور الأخطبوط، بأقولها تاني!,انقذوا ذكور الاخطبوط، باقولها تاني!
العلماء لاحظوا إن الأنواع اللي الأنثى بتاكل فيها الذكر بعد الجواز,العلماء لاحظوا ان الانواع اللي الانثي بتاكل فيها الذكر بعد الجواز
ذكورها بيبقى عندهم دراع تزاوج أطول من الطبيعي،,ذكورها بيبقي عندهم دراع تزاوج اطول من الطبيعي،
كأنه تطور عشان يحميهم من غضب الأنثى،,كانه تطور عشان يحميهم من غضب الانثي،
وأحيانًا، تلاقيهم بيفصلوا دراعاتهم جوا الأنثى، ويطلع يجري،,واحيانًا، تلاقيهم بيفصلوا دراعاتهم جوا الانثي، ويطلع يجري،
وبتفضل الأنثى مخزّناه، لحد ما تبيض، وتخصّب بيه البيض،,وبتفضل الانثي مخزّناه، لحد ما تبيض، وتخصّب بيه البيض،
"""حاجة من ريحة أبوكم!""","""حاجه من ريحه ابوكم!"""
خلّيني أقولّك إن نقل الحيوان المنوي دا أصلًا,خلّيني اقولّك ان نقل الحيوان المنوي دا اصلًا
بياخد على الأقل ساعة،,بياخد علي الاقل ساعه،
والتزاوج في بعض الأنواع بياخد أيام،,والتزاوج في بعض الانواع بياخد ايام،
خصوصًا، لو الأنثى كبيرة أو متحفظة.,خصوصًا، لو الانثي كبيره او متحفظه.
بعد التزاوج، الأنثى بتشوف جُحر عميق،,بعد التزاوج، الانثي بتشوف جُحر عميق،
بيبقى ليه سقف مستوي،,بيبقي ليه سقف مستوي،
وتقوم بايضة فيه بيض كتير جدًا،,وتقوم بايضه فيه بيض كتير جدًا،
"مثلًا، أنثى ""فولجاريس"" بتضع بين 100 ألف لـ500 ألف بيضة،","مثلًا، انثي ""فولجاريس"" بتضع بين 100 الف ل500 الف بيضه،"
كل بيضة منهم أصغر من حبة الرُز،,كل بيضه منهم اصغر من حبه الرُز،
وتفضل جنب البيض من 6 لـ11 شهر، من غير أكل،,وتفضل جنب البيض من 6 ل11 شهر، من غير اكل،
تنضّف الجُحر، تهوّي عليه بالميّه،,تنضّف الجُحر، تهوّي عليه بالميّه،
تغسله من البكتيريا والطحالب،,تغسله من البكتيريا والطحالب،
وتحميه من نجمات البحر والمفترسين.,وتحميه من نجمات البحر والمفترسين.
الأخطبوط بيبدأ يظهرله عيون ولون للجلد,الاخطبوط بيبدا يظهرله عيون ولون للجلد
ويتدرب على تغيير اللون من وهو، يا عزيزي، جوا البيضة،,ويتدرب علي تغيير اللون من وهو، يا عزيزي، جوا البيضه،
لحد ما بتيجي لحظة الفقس،,لحد ما بتيجي لحظه الفقس،
الأم بتساعدهم عشان يخرجوا للمحيط المفتوح،,الام بتساعدهم عشان يخرجوا للمحيط المفتوح،
كائنات هشة، أكل Takeaway للأسماك.,كاينات هشه، اكل للاسماك.
أنا عايز أقولّك، يا عزيزي، من مئات الآلاف دُول،,انا عايز اقولّك، يا عزيزي، من ميات الالاف دُول،
عارف فيه كام واحد هينجو؟ 1 أو 2.,عارف فيه كام واحد هينجو؟ 1 او 2.
"""يا نهار أسود يا (أبو حميد)! يا خسارة الـR3!","""يا نهار اسود يا ابو حميد ! يا خساره ال 3!"
الراجل فقد الـR3، و4 مليار خلية منوية،,الراجل فقد ال 3، و4 مليار خليه منويه،
"عشان 1 ولّا 2؟!""","عشان 1 ولّا 2 """
وفي الآخر، بيعيش الأخطبوط وحيد من أول يوم ليه في الحياة.,وفي الاخر، بيعيش الاخطبوط وحيد من اول يوم ليه في الحياه.
"""يا نهار أسود يا (أبو حميد)! الله! طب فين أمه؟!","""يا نهار اسود يا ابو حميد ! الله! طب فين امه"
أنا كنت هأقول: فين أبوه؟ بس أنا عارف هو فين!,انا كنت هاقول: فين ابوه؟ بس انا عارف هو فين!
"غالبًا في الكيسة بتاعة الأم، اللي فيها الجهاز الهضمي!""","غالبًا في الكيسه بتاعه الام، اللي فيها الجهاز الهضمي!"""
الأم، من غير وجودها، البيض ما كانش هيفقس،,الام، من غير وجودها، البيض ما كانش هيفقس،
ولكن خلال رعاية البيض، زي ما قُلتلك، ما كانتش بتاكل،,ولكن خلال رعايه البيض، زي ما قُلتلك، ما كانتش بتاكل،
فجسمها بيبدأ ينهار ببطء،,فجسمها بيبدا ينهار ببطء،
بيبدأ يحصلّها خمول شديد،,بيبدا يحصلّها خمول شديد،
بتفقد في هذا الوقت حوالي 50% من وزنها.,بتفقد في هذا الوقت حوالي 50 من وزنها.
الأخطبوط، يا عزيزي، من الحيوانات اللي ممكن تصنيفها على أنها Semelparous،,الاخطبوط، يا عزيزي، من الحيوانات اللي ممكن تصنيفها علي انها ،
بيتزوج مرة واحدة، ويموت،,بيتزوج مره واحده، ويموت،
ولو ما ماتش من نفسه، زي مثلًا في الأحوض،,ولو ما ماتش من نفسه، زي مثلًا في الاحوض،
اللي بيتقدمله فيها ممكن أكل ورعاية،,اللي بيتقدمله فيها ممكن اكل ورعايه،
بيقعد، يا عزيزي، يعمل، زي ما تقول كدا، عملية انتحار،,بيقعد، يا عزيزي، يعمل، زي ما تقول كدا، عمليه انتحار،
بيخبط جسمه في الإزاز، بيبدأ يعض أطرافه،,بيخبط جسمه في الازاز، بيبدا يعض اطرافه،
بيقطّع جلده، عشان يسرّع نهايته!,بيقطّع جلده، عشان يسرّع نهايته!
"العالمة ""يان وانج"" بتوصف إن دا مشهد صعب،","العالمه ""يان وانج"" بتوصف ان دا مشهد صعب،"
كأنك شايف كائن بينتحر.,كانك شايف كاين بينتحر.
بعض العلماء بيرجّعوا دا لفكرة إن غالبًا دا بيحصل,بعض العلماء بيرجّعوا دا لفكره ان غالبًا دا بيحصل
عشان الأخطبوطة ما تاكلش عيالها،,عشان الاخطبوطه ما تاكلش عيالها،
وفي حقيقة الأمر، دي بتبقى برمجة بيولوجية بحتة،,وفي حقيقه الامر، دي بتبقي برمجه بيولوجيه بحته،
الذكر، حتى لو الأنثى ما قتلتهوش،,الذكر، حتي لو الانثي ما قتلتهوش،
بيدخل فورًا عملية شيخوخة،,بيدخل فورًا عمليه شيخوخه،
خلاياه بتبدأ تتدهور،,خلاياه بتبدا تتدهور،
بيبدأ يفقد الشهية،,بيبدا يفقد الشهيه،
بيفقد تنسيق الحركة بتاعته،,بيفقد تنسيق الحركه بتاعته،
وبيبدأ لونه يبهت،,وبيبدا لونه يبهت،
ويقف في عرض المحيط برة جُحره،,ويقف في عرض المحيط بره جُحره،
"كأنه، يا عزيزي، بيقول للمفترسين: ""أنا أهو! يلّا، كلوني!""","كانه، يا عزيزي، بيقول للمفترسين: ""انا اهو! يلّا، كلوني!"""
"""ياه يا (أبو حميد)! هتلاقي الوعي بتاعه مجننه!","""ياه يا ابو حميد ! هتلاقي الوعي بتاعه مجننه!"
شيء صعب! ابتلاء! والله الوعي دا ابتلاء!,شيء صعب! ابتلاء! والله الوعي دا ابتلاء!
"الذكاء دا ابتلاء، اسألني يا (أبو حميد)، أنا عارف كويس!""","الذكاء دا ابتلاء، اسالني يا ابو حميد ، انا عارف كويس!"""
أيوة، يا عزيزي، أنا عارف إن انت عارف كويس!,ايوه، يا عزيزي، انا عارف ان انت عارف كويس!
"""أيوة يا (أبو حميد)، والله!""","""ايوه يا ابو حميد ، والله!"""
الأخطبوط، يا عزيزي، على عكس البني آدمين،,الاخطبوط، يا عزيزي، علي عكس البني ادمين،
عنده زرار On وOff للموت.,عنده زرار و للموت.
"سنة 1977، العالم ""جيروم وودينسكي""","سنه 1977، العالم ""جيروم وودينسكي"""
جرب إن هو يشيل الغدة البصرية، الـOpticgland،,جرب ان هو يشيل الغده البصريه، ال ،
جرب إن هو يشيلها من أنثى الأخطبوط،,جرب ان هو يشيلها من انثي الاخطبوط،
وكانت المفاجأة إن الأخطبوطة بعد ما خلّفت، رجعت تاكل،,وكانت المفاجاه ان الاخطبوطه بعد ما خلّفت، رجعت تاكل،
دا كمان، عاشت شهور.,دا كمان، عاشت شهور.
"""يا نهار أسود يا (أبو حميد)! يعني، يا (أبو حميد)، الغدة البصرية هنا","""يا نهار اسود يا ابو حميد ! يعني، يا ابو حميد ، الغده البصريه هنا"
"هي اللي مسئولة عن حياة هذا الكائن أو موته؟""","هي اللي مسيوله عن حياه هذا الكاين او موته؟"""
دا، يا عزيزي، مثال على ما يسمى...,دا، يا عزيزي، مثال علي ما يسمي
إن الفرد بيضحى بنفسه عشان بقاء النوع،,ان الفرد بيضحي بنفسه عشان بقاء النوع،
لأن في النهاية، على حسب هذه الرؤية يعني،,لان في النهايه، علي حسب هذه الرويه يعني،
الأخطبوط بيعمل دا، مش عشان هو اللي يعيش،,الاخطبوط بيعمل دا، مش عشان هو اللي يعيش،
لأ، عشان النوع هو اللي يعيش،,لا، عشان النوع هو اللي يعيش،
الحياة لا تمجد الأفراد،,الحياه لا تمجد الافراد،
الحياة منحازة إلى النجاة,الحياه منحازه الي النجاه
وبالأخص، نجاة النوع،,وبالاخص، نجاه النوع،
هتنجو كفرد بدرع، بسرعة، بسمّ، بمخالب،,هتنجو كفرد بدرع، بسرعه، بسمّ، بمخالب،
فقدت كل دا؟ هتروح لآخر سلاح، الذكاء.,فقدت كل دا؟ هتروح لاخر سلاح، الذكاء.
ويمكن دا، يا عزيزي، أهم درس بيعلّمهولنا الأخطبوط،,ويمكن دا، يا عزيزي، اهم درس بيعلّمهولنا الاخطبوط،
إن الذكاء ليس تاج،,ان الذكاء ليس تاج،
مش رتبة أعلى، ولا علامة على الرقي،,مش رتبه اعلي، ولا علامه علي الرقي،
الذكاء ببساطة شديدة هو أداة نجاة،,الذكاء ببساطه شديده هو اداه نجاه،
حاجة بتضطرلها الكائنات لمّا الأسلحة التانية ما تبقاش موجودة،,حاجه بتضطرلها الكاينات لمّا الاسلحه التانيه ما تبقاش موجوده،
في البيولوجي، ما فيش ميزة بتظهر كدا،,في البيولوجي، ما فيش ميزه بتظهر كدا،
عشان يبقى الكائن اسمه كائن ذكي،,عشان يبقي الكاين اسمه كاين ذكي،
العقل الكبير بييجي، لمّا ما يبقاش فيه بديل،,العقل الكبير بييجي، لمّا ما يبقاش فيه بديل،
لمّا الكائن يبقى مكشوف، يبقى محتاج يخطط لبقائه.,لمّا الكاين يبقي مكشوف، يبقي محتاج يخطط لبقايه.
عشان كدا، الذكاء ظهر في الرخويات اللافقارية،,عشان كدا، الذكاء ظهر في الرخويات اللافقاريه،
ببساطة، يا عزيزي، لأنها اضطرت لدا،,ببساطه، يا عزيزي، لانها اضطرت لدا،
اضطرت إنها تبدّل الدرع القوي دا,اضطرت انها تبدّل الدرع القوي دا
بعقل يلاحظ ويخطط ويغيّر.,بعقل يلاحظ ويخطط ويغيّر.
احنا كبشر، ذكاءنا ساعدنا في البداية كحيلة للنجاة،,احنا كبشر، ذكاءنا ساعدنا في البدايه كحيله للنجاه،
الذكاء كان هو الدرع بتاعنا في غابات مفتوحة،,الذكاء كان هو الدرع بتاعنا في غابات مفتوحه،
كنا فيها أصغر وأبطأ من المفترس،,كنا فيها اصغر وابطا من المفترس،
واحتجنا مع الوقت ذكاء معقد،,واحتجنا مع الوقت ذكاء معقد،
لأن حياتنا بقت أعقد،,لان حياتنا بقت اعقد،
والمفترس لم يعد كائن، ولكن أفكار.,والمفترس لم يعد كاين، ولكن افكار.
وخلّيني، يا عزيزي، أتحيز في الآخر للأخطبوط،,وخلّيني، يا عزيزي، اتحيز في الاخر للاخطبوط،
وأقول إن ذكاءه أنبل من ذكاء البشر،,واقول ان ذكاءه انبل من ذكاء البشر،
لأن ذكاءه بس بيساعده على النجاة،,لان ذكاءه بس بيساعده علي النجاه،
إنما ذكاءنا بيخلّينا نحس بتفوق،,انما ذكاءنا بيخلّينا نحس بتفوق،
ذكاءنا ممكن يتسبب في كوارث أكبر بكتير من إنه يخلّينا ننجو،,ذكاءنا ممكن يتسبب في كوارث اكبر بكتير من انه يخلّينا ننجو،
بالعكس، ذكاءنا، يا عزيزي، مش بس بيخلّينا ننجو،,بالعكس، ذكاءنا، يا عزيزي، مش بس بيخلّينا ننجو،
أحيانًا، يا عزيزي، ذكاءنا بالبطيء بيموّتنا.,احيانًا، يا عزيزي، ذكاءنا بالبطيء بيموّتنا.
لذلك، لمّا تأملنا بخيالنا كائن بشري أخطبوطي،,لذلك، لمّا تاملنا بخيالنا كاين بشري اخطبوطي،
كان Doctor Octopus،,كان ،
"عدو ""سبايدر مان"" الشهير،","عدو ""سبايدر مان"" الشهير،"
وللمفارقة، علمه هو اللي حوّله لشرير،,وللمفارقه، علمه هو اللي حوّله لشرير،
"وكان أهم تحذير منه بيقولّه لـ""بيتر باركر""...","وكان اهم تحذير منه بيقولّه ل""بيتر باركر"""
الذكاء مسئولية، وأهم حد يعلّمهولنا هو الأخطبوط.,الذكاء مسيوليه، واهم حد يعلّمهولنا هو الاخطبوط.
بس كدا، يا عزيزي، أخيرًا، وليس آخرًا،,بس كدا، يا عزيزي، اخيرًا، وليس اخرًا،
ما تنساش تشوف الحلقات اللي فاتت، تشوف الحلقات الجاية،,ما تنساش تشوف الحلقات اللي فاتت، تشوف الحلقات الجايه،
"تنزل تبص على المصادر، لو احنا على الـ""يوتيوب""، نشترك على القناة.","تنزل تبص علي المصادر، لو احنا علي ال""يوتيوب""، نشترك علي القناه."
منذ زمنٍ بعيد،,منذ زمنٍ بعيد،
في أرضٍ ليست ببعيدة...,في ارضٍ ليست ببعيده
كان هُناك طفلٌ مصريٌ سمين،,كان هُناك طفلٌ مصريٌ سمين،
يحلم بأن يكون أول ساموراي مصري في العالم.,يحلم بان يكون اول ساموراي مصري في العالم.
كَبُر الطفل،,كَبُر الطفل،
"وسافر لـ""اليابان""،","وسافر ل""اليابان""،"
رفضه كل مُعلّمي الساموراي والساموزين والسامو عليكم!,رفضه كل مُعلّمي الساموراي والساموزين والسامو عليكم!
"""السلام عليكم""","""السلام عليكم"""
تأجج الغضبُ بداخل الطفل...,تاجج الغضبُ بداخل الطفل
أقسم بأن ينتقم من كل مَن حرمه من حلم الساموراي...,اقسم بان ينتقم من كل مَن حرمه من حلم الساموراي
خلع رداءه،,خلع رداءه،
وابتدأ بِداءً جديدًا...,وابتدا بِداءً جديدًا
وحينها، قرر...,وحينها، قرر
أنه لن يأكل العسل مرةً أخرى...,انه لن ياكل العسل مرهً اخري
بل ربما...,بل ربما
ربما... يدسُّ فيه شيئًا.,ربما يدسُّ فيه شييًا.
أعزائي المشاهدين، السلام عليكم ورحمة الله وبركاته،,اعزايي المشاهدين، السلام عليكم ورحمه الله وبركاته،
"أهلًا بكم في حلقة جديدة، من برنامج ""الدحّيح""!","اهلًا بكم في حلقه جديده، من برنامج ""الدحّيح""!"
عزيزي المُشاهد الجميل، خلّيني آخدك مش لمكان واحد،,عزيزي المُشاهد الجميل، خلّيني اخدك مش لمكان واحد،
ولكن لـ4 أماكن،,ولكن ل4 اماكن،
"4 قصور في ""اليابان"" تعود إلى عائلات ساموراي كبيرة،","4 قصور في ""اليابان"" تعود الي عايلات ساموراي كبيره،"
بنروحها في نفس اليوم، 4 فبراير 1703.,بنروحها في نفس اليوم، 4 فبراير 1703.
بنشوف، يا عزيزي، في كل قصر نفس المشهد،,بنشوف، يا عزيزي، في كل قصر نفس المشهد،
مجموعة محاربين واقفين منتظرين حُكم الإعدام،,مجموعه محاربين واقفين منتظرين حُكم الاعدام،
عددهم، يا عزيزي، يوصل لـ46 محارب.,عددهم، يا عزيزي، يوصل ل46 محارب.
المتوقع، يا عزيزي، من حَد بيحصلّه هذا الحُكم,المتوقع، يا عزيزي، من حَد بيحصلّه هذا الحُكم
إن هو يبقى خايف، مرعوب، ندمان،,ان هو يبقي خايف، مرعوب، ندمان،
ولكن الغريب هنا إن احنا ما بنشوفش دا خالص،,ولكن الغريب هنا ان احنا ما بنشوفش دا خالص،
ما فيش لا خوف، وما فيش ندم،,ما فيش لا خوف، وما فيش ندم،
ولكن فيه حاجة أغرب، وهي الراحة،,ولكن فيه حاجه اغرب، وهي الراحه،
راحة حَد كان مستني هذه اللحظة، بل كان بيخططلها.,راحه حَد كان مستني هذه اللحظه، بل كان بيخططلها.
الأغرب إن القصور اتجهزت، عشان تستقبل هذا الحدث،,الاغرب ان القصور اتجهزت، عشان تستقبل هذا الحدث،
كأنها، يا عزيزي، بتكرّم أبطال، مش مُدانين.,كانها، يا عزيزي، بتكرّم ابطال، مش مُدانين.
الإعدام هنا لم يكُن بسيّاف أو عشماوي،,الاعدام هنا لم يكُن بسيّاف او عشماوي،
وإنما بإيد المحاربين نفسهم،,وانما بايد المحاربين نفسهم،
ليه؟ لأن هُما نالوا امتياز الموت بأكتر طريقة شريفة ممكنة،,ليه؟ لان هُما نالوا امتياز الموت باكتر طريقه شريفه ممكنه،
طريقة فيها هدوء شديد، وبدون تردد أو أي طلب للعفو،,طريقه فيها هدوء شديد، وبدون تردد او اي طلب للعفو،
كل واحد فيهم بيمسك سيفه وبيغرزه في بطنه،,كل واحد فيهم بيمسك سيفه وبيغرزه في بطنه،
"عشان يصرُخ ويقول للعالم إن ""شرفي أهم من حياتي.""","عشان يصرُخ ويقول للعالم ان ""شرفي اهم من حياتي."""
يمكن عشان كدا مشهد موت الرجالة دُول هيُخلّد للأبد،,يمكن عشان كدا مشهد موت الرجاله دُول هيُخلّد للابد،
في الحواديت وفي المسرح وفي السينما،,في الحواديت وفي المسرح وفي السينما،
مشهد، يا عزيزي، لو جيت تأملته، ممكن تعتبره جنوني،,مشهد، يا عزيزي، لو جيت تاملته، ممكن تعتبره جنوني،
ولكن الوحيدين اللي هيشوفوه مشهد بطولي هُما الساموراي،,ولكن الوحيدين اللي هيشوفوه مشهد بطولي هُما الساموراي،
لأن طريقة الموت اللي بالشكل دا،,لان طريقه الموت اللي بالشكل دا،
اللي هي ليها مُسمّى Seppuku، أو الـHarakiri،,اللي هي ليها مُسمّي ، او ال ،
دا، يا عزيزي، كان أهم طقس للساموراي،,دا، يا عزيزي، كان اهم طقس للساموراي،
"الـfinale، الـ""كلايمكساية""،","ال ، ال""كلايمكسايه""،"
الـfinale العظيم لرحلته ومسيرته، the end.,ال العظيم لرحلته ومسيرته، .
أنا، يا عزيزي، بعملّك هذه المقدمة، عشان نفهم النهاردة ما هو الساموراي،,انا، يا عزيزي، بعملّك هذه المقدمه، عشان نفهم النهارده ما هو الساموراي،
وما هو تاريخه، وما هي رحلة تطوُّر هذه العقيدة.,وما هو تاريخه، وما هي رحله تطوُّر هذه العقيده.
عشان نفهم الحكاية من أولها، لازم نرجع لأصل الكلمة،,عشان نفهم الحكايه من اولها، لازم نرجع لاصل الكلمه،
"كلمة ""ساموراي"" في اللغة اليابانية معناها ""الذي يخدِم""،","كلمه ""ساموراي"" في اللغه اليابانيه معناها ""الذي يخدِم""،"
ودا كان الدور الأساسي في البداية،,ودا كان الدور الاساسي في البدايه،
خدمة الإمبراطور أو السادة الإقطاعيين،,خدمه الامبراطور او الساده الاقطاعيين،
ودُول المفروض اسمهم Daimyō،,ودُول المفروض اسمهم ō،
ودُول كانوا أصحاب الأرض والنفوذ،,ودُول كانوا اصحاب الارض والنفوذ،
الأسياد دُول كانوا محتاجين موظفين، عشان يقدروا يلمّوا الضرايب من الفلاحين،,الاسياد دُول كانوا محتاجين موظفين، عشان يقدروا يلمّوا الضرايب من الفلاحين،
ولأن، يا عزيزي، زي ما انت عارف كدا، ما حدش في الدنيا بيحب يدفع ضرايب،,ولان، يا عزيزي، زي ما انت عارف كدا، ما حدش في الدنيا بيحب يدفع ضرايب،
فالموظفين دُول بدأوا يشيلوا سلاح،,فالموظفين دُول بداوا يشيلوا سلاح،
وبدأوا يتمرنوا على فنون قتالية بسيطة،,وبداوا يتمرنوا علي فنون قتاليه بسيطه،
"""عشان لو الناس عصلجت أو زمزقت، نخلّيهم يدفعوا بالعافية!""","""عشان لو الناس عصلجت او زمزقت، نخلّيهم يدفعوا بالعافيه!"""
مع الوقت، يا عزيزي، الفلوس كترت، والأطماع زادت،,مع الوقت، يا عزيزي، الفلوس كترت، والاطماع زادت،
والموظفين المسلحين دُول بدأوا يتحولوا إلى حُرّاس شخصيين للإقطاعيين،,والموظفين المسلحين دُول بداوا يتحولوا الي حُرّاس شخصيين للاقطاعيين،
اللي هما مين؟ الـDaimyō، اللي اتكلمت عنهم،,اللي هما مين؟ ال ō، اللي اتكلمت عنهم،
ومهمتهم اتطورت،,ومهمتهم اتطورت،
من مجرد جمع الضرايب,من مجرد جمع الضرايب
إلى حماية ممتلكات السادة وحفظ النظام وفرض هيبة الدولة،,الي حمايه ممتلكات الساده وحفظ النظام وفرض هيبه الدوله،
وبدأ، يا عزيزي، نفوذهم يزيد يوم بعد يوم،,وبدا، يا عزيزي، نفوذهم يزيد يوم بعد يوم،
واحترام الناس ليهم يتحول إلى خوف ورُعب،,واحترام الناس ليهم يتحول الي خوف ورُعب،
لأن الساموراي وقتها كانوا هُما القانون والجلّاد.,لان الساموراي وقتها كانوا هُما القانون والجلّاد.
ومع مرور الزمن، الساموراي نفسهم بدأوا يمتلكوا أراضي وثروات،,ومع مرور الزمن، الساموراي نفسهم بداوا يمتلكوا اراضي وثروات،
ولكن مع كل دا،,ولكن مع كل دا،
برضه فضلوا قُدّام أصحاب الثروات والنبلاء والطبقة الأرستقراطية,برضه فضلوا قُدّام اصحاب الثروات والنبلاء والطبقه الارستقراطيه
"طبقة أدنى، ""انتم لسة مش زيّنا!""","طبقه ادني، ""انتم لسه مش زيّنا!"""
كان كتير منهم بيشوفوا الساموراي دُول مجرد خَدَم.,كان كتير منهم بيشوفوا الساموراي دُول مجرد خَدَم.
هنا، الساموراي عشان يحسّن وضعه ويغيّر هذه النظرة،,هنا، الساموراي عشان يحسّن وضعه ويغيّر هذه النظره،
هيتبنّى طريقتين،,هيتبنّي طريقتين،
يتجوز مثلًا من بنات العائلات النبيلة،,يتجوز مثلًا من بنات العايلات النبيله،
وبعد كدا، يورّث لولاده مهنة الحرب،,وبعد كدا، يورّث لولاده مهنه الحرب،
الطفل منهم يتولد، يلاقي السيف جنبه قبل ما يتعلّم المشي،,الطفل منهم يتولد، يلاقي السيف جنبه قبل ما يتعلّم المشي،
وهدف حياته مرسومله من وهو في اللفة،,وهدف حياته مرسومله من وهو في اللفه،
هيكون، يا عزيزي، خليفة أبوه في حماية السيد والقتال باسمه.,هيكون، يا عزيزي، خليفه ابوه في حمايه السيد والقتال باسمه.
"""ثانية واحدة يا (أبو حميد)!","""ثانيه واحده يا ابو حميد !"
الساموراي بكُل أمجاده وبطولاته،,الساموراي بكُل امجاده وبطولاته،
"طِلعوا في الآخر مُحصّلين ضرايب؟!""","طِلعوا في الاخر مُحصّلين ضرايب """
زي ما قُلتلك، يا عزيزي، دا كان في الأول.,زي ما قُلتلك، يا عزيزي، دا كان في الاول.
في سنة 1185،,في سنه 1185،
هتحصل، يا عزيزي، نقطة تحوُّل،,هتحصل، يا عزيزي، نقطه تحوُّل،
نقطة هتقلب موازين القُوَى 180 درجة.,نقطه هتقلب موازين القُوَي 180 درجه.
سنة 1185 كانت بداية حروب دموية طويلة،,سنه 1185 كانت بدايه حروب دمويه طويله،
"الحروب دي، يا عزيزي، كانت بتحصل بين العائلات الإقطاعية الكبيرة في ""اليابان""،","الحروب دي، يا عزيزي، كانت بتحصل بين العايلات الاقطاعيه الكبيره في ""اليابان""،"
"كل عِيلة شايفة إن ليها الحق في السيطرة على ""اليابان""،","كل عِيله شايفه ان ليها الحق في السيطره علي ""اليابان""،"
ووسط كل هذا الدمار وكل هذه الحروب،,ووسط كل هذا الدمار وكل هذه الحروب،
"طلِع قائد عسكري فَذّ، ""ميناموتو نو يوريتومو""،","طلِع قايد عسكري فَذّ، ""ميناموتو نو يوريتومو""،"
الراجل دا قدِر بعد معارك طاحنة إنه ينتصر على كل منافسينه،,الراجل دا قدِر بعد معارك طاحنه انه ينتصر علي كل منافسينه،
وبيجبر الإمبراطور إنه يعترف بيه كحاكم فعلي للبلاد،,وبيجبر الامبراطور انه يعترف بيه كحاكم فعلي للبلاد،
ويدّيله لقب جديد،,ويدّيله لقب جديد،
إيه هو هذا اللقب؟ لقب الـShōgun،,ايه هو هذا اللقب؟ لقب ال ō ،
دا، يا عزيزي، مَنصِب زي القائد العام للجيش.,دا، يا عزيزي، مَنصِب زي القايد العام للجيش.
"من اللحظة دي، اتولد أول حُكم عسكري مركزي في تاريخ ""اليابان""،","من اللحظه دي، اتولد اول حُكم عسكري مركزي في تاريخ ""اليابان""،"
"المعروف باسم ""شوجونية كاماكورا"".","المعروف باسم ""شوجونيه كاماكورا""."
الإمبراطور، يا عزيزي، فضِل موجود في قصره كرمز ديني مقدس،,الامبراطور، يا عزيزي، فضِل موجود في قصره كرمز ديني مقدس،
"ولكن السُلطة الحقيقية بقت في إيد الـ""شوجن"" والساموراي بتوعه،","ولكن السُلطه الحقيقيه بقت في ايد ال""شوجن"" والساموراي بتوعه،"
وقتها، سُلطة الساموراي وصلت للسما،,وقتها، سُلطه الساموراي وصلت للسما،
بقوا هُما الطبقة الحاكمة والمسيطرة،,بقوا هُما الطبقه الحاكمه والمسيطره،
لدرجة، يا عزيزي، إن كان هناك قوانين,لدرجه، يا عزيزي، ان كان هناك قوانين
بتسمح للساموراي إنه يقتل أي حد من الطبقات الأدنى،,بتسمح للساموراي انه يقتل اي حد من الطبقات الادني،
لو اعتبر إنه أهان شَرَفه.,لو اعتبر انه اهان شَرَفه.
ولكن، يا عزيزي، الوضع ما بيستمرش كدا،,ولكن، يا عزيزي، الوضع ما بيستمرش كدا،
اليابانيين هيتفاجئوا باختبار مخيف،,اليابانيين هيتفاجيوا باختبار مخيف،
خطر وجودي مرعب،,خطر وجودي مرعب،
مين؟ مين؟ المغول.,مين؟ مين؟ المغول.
"سنة 1274، ""اليابان"" بتتفاجئ بهجوم المغول عليها،","سنه 1274، ""اليابان"" بتتفاجي بهجوم المغول عليها،"
دا، يا عزيزي، هيخلّي اليابانيين ياخدوا قلم كدا، فيصحوا ويفوقوا،,دا، يا عزيزي، هيخلّي اليابانيين ياخدوا قلم كدا، فيصحوا ويفوقوا،
ويدركوا إن هُناك فرق كبير جدًا جدًا بين القوة بتاعتهم وبين قوة المغول،,ويدركوا ان هُناك فرق كبير جدًا جدًا بين القوه بتاعتهم وبين قوه المغول،
الساموراي وقتها، يا عزيزي، كانوا لسة عايشين في جو الفرسان بتاعهم،,الساموراي وقتها، يا عزيزي، كانوا لسه عايشين في جو الفرسان بتاعهم،
الواحد منهم كان يخرج قُدّام الجيش،,الواحد منهم كان يخرج قُدّام الجيش،
يصرُخ باسمه واسم عشيرته، ويقوم طالب مبارزة فردية شريفة.,يصرُخ باسمه واسم عشيرته، ويقوم طالب مبارزه فرديه شريفه.
المفاجأة، يا عزيزي، كانت إن هُما لمّا جُم يواجهوا جيش المغول،,المفاجاه، يا عزيزي، كانت ان هُما لمّا جُم يواجهوا جيش المغول،
فوجئوا إن دا جيش نظامي، جيش احترافي،,فوجيوا ان دا جيش نظامي، جيش احترافي،
دي كانت أكبر قوة عسكرية وقتها،,دي كانت اكبر قوه عسكريه وقتها،
بيهاجموا بسهام مسمومة،,بيهاجموا بسهام مسمومه،
بيهاجموا بقنابل بارود،,بيهاجموا بقنابل بارود،
كانوا بيعملوا أصوات انفجارات بترعب خيول الساموراي.,كانوا بيعملوا اصوات انفجارات بترعب خيول الساموراي.
وبالرغم، يا عزيزي، من هذا الفرق بين القُوَى،,وبالرغم، يا عزيزي، من هذا الفرق بين القُوَي،
إلا إن الساموراي ما انسحبوش،,الا ان الساموراي ما انسحبوش،
وقفوا بشجاعة جبارة أمام قوة كاسحة،,وقفوا بشجاعه جباره امام قوه كاسحه،
وبالرغم من التوقعات بالهزيمة والانسحاق،,وبالرغم من التوقعات بالهزيمه والانسحاق،
"إلا إنه بيحصل ""تويست"" تاريخي بيعكس مسار الأحداث،","الا انه بيحصل ""تويست"" تاريخي بيعكس مسار الاحداث،"
بتقوم، يا عزيزي، جاية عاصفة شديدة تدمّر جيوش المغول،,بتقوم، يا عزيزي، جايه عاصفه شديده تدمّر جيوش المغول،
وفجأة، الهزيمة بتتقلب لنصر.,وفجاه، الهزيمه بتتقلب لنصر.
اليابانيين، يا عزيزي، اعتبروا العاصفة حماية من الآلهة،,اليابانيين، يا عزيزي، اعتبروا العاصفه حمايه من الالهه،
"وسمّوها ""الرياح المقدسة""، أو الـKamikaze.","وسمّوها ""الرياح المقدسه""، او ال ."
الساموراي، يا عزيزي، بيطلعوا من هذه المعركة مستفيدين من درس مهم أوي،,الساموراي، يا عزيزي، بيطلعوا من هذه المعركه مستفيدين من درس مهم اوي،
الشجاعة الفردية حلوة، ما فيش كلام،,الشجاعه الفرديه حلوه، ما فيش كلام،
بس احنا في عصر الـteamwork والـgroup presentation،,بس احنا في عصر ال وال ،
من هذه اللحظة، من لحظة هجوم المغول،,من هذه اللحظه، من لحظه هجوم المغول،
كدا ينتهي القتال الاستعراضي لمُقاتلي الساموراي،,كدا ينتهي القتال الاستعراضي لمُقاتلي الساموراي،
ابتدوا يتعلّموا يحاربوا في تشكيلات،,ابتدوا يتعلّموا يحاربوا في تشكيلات،
وبدأوا يطوروا سيوفهم وأسلحتهم،,وبداوا يطوروا سيوفهم واسلحتهم،
وابتدوا يبنوا تحصينات وأسوار حَجَرية كبيرة،,وابتدوا يبنوا تحصينات واسوار حَجَريه كبيره،
"زي سور ""خليج (هاكاتا)"".","زي سور ""خليج هاكاتا ""."
ولمّا المغول بيرجعوا تاني سنة 1281،,ولمّا المغول بيرجعوا تاني سنه 1281،
اليابانيين والساموري كانوا مستعدين وقتها،,اليابانيين والساموري كانوا مستعدين وقتها،
قِدروا، يا عزيزي، يحبسوهم في البحر عند السور دا،,قِدروا، يا عزيزي، يحبسوهم في البحر عند السور دا،
واللي بيحصل، يا عزيزي، مرة تانية، الطبيعة بتتدخّل،,واللي بيحصل، يا عزيزي، مره تانيه، الطبيعه بتتدخّل،
بتيجي عاصفة كبيرة تدمر أسطول المغول.,بتيجي عاصفه كبيره تدمر اسطول المغول.
الهجومين دُول، يا عزيزي، عملوا تحوُّل مهم جدًا،,الهجومين دُول، يا عزيزي، عملوا تحوُّل مهم جدًا،
خلّوا الساموراي يبصوا لنفسهم كحُماة للأُمّة،,خلّوا الساموراي يبصوا لنفسهم كحُماه للاُمّه،
مش مجرد محاربين،,مش مجرد محاربين،
كمان، قدّروا جدًا فكرة الشرف والولاء،,كمان، قدّروا جدًا فكره الشرف والولاء،
اللي منعتهم إن هما يهربوا أو يخونوا،,اللي منعتهم ان هما يهربوا او يخونوا،
ومن هنا، الساموراي تحولت إلى هوية جواهم،,ومن هنا، الساموراي تحولت الي هويه جواهم،
والشعب بقى يشوفهم بيها.,والشعب بقي يشوفهم بيها.
بس، يا عزيزي، صعب أحكيلك عن هوية محاربين عظام,بس، يا عزيزي، صعب احكيلك عن هويه محاربين عظام
ومقاتلين أشداء صدّوا المغول،,ومقاتلين اشداء صدّوا المغول،
من غير ما أشرح أهم حاجة،,من غير ما اشرح اهم حاجه،
المقاتلين دُول بيحاربوا ازاي.,المقاتلين دُول بيحاربوا ازاي.
الساموراي مرتبط دايمًا في خيالنا بالسيف الطويل المقوّس اللي بيلمع،,الساموراي مرتبط دايمًا في خيالنا بالسيف الطويل المقوّس اللي بيلمع،
المفاجأة، يا عزيزي، إن السيف لم يكن السلاح رقم 1 في المعارك الحقيقية،,المفاجاه، يا عزيزي، ان السيف لم يكن السلاح رقم 1 في المعارك الحقيقيه،
الساموراي في الأساس كانوا فرسان رُماة،,الساموراي في الاساس كانوا فرسان رُماه،
يعني، بيحاربوا وهُما راكبين الخيل، والسلاح الرئيسي كان القوس والسهم،,يعني، بيحاربوا وهُما راكبين الخيل، والسلاح الرييسي كان القوس والسهم،
كانوا بيتمرنوا سنين طويلة، عشان يبقوا حرّيفة ضرب بالسهم.,كانوا بيتمرنوا سنين طويله، عشان يبقوا حرّيفه ضرب بالسهم.
مش بس كدا، لا،,مش بس كدا، لا،
دا وهو بيتحرك بسرعة على ضهر الحصان.,دا وهو بيتحرك بسرعه علي ضهر الحصان.
وبعد القوس والسهم، بقى بييجي الرمح كسلاح أساسي في الاشتباك،,وبعد القوس والسهم، بقي بييجي الرمح كسلاح اساسي في الاشتباك،
السيف، في حقيقة الأمر، كان آخر سلاح بيلجأله الساموراي،,السيف، في حقيقه الامر، كان اخر سلاح بيلجاله الساموراي،
"""أستخدم السيف بتاعي، لمّا بقى الأسهم تخلص","""استخدم السيف بتاعي، لمّا بقي الاسهم تخلص"
"أو لمّا أبقى قريب أوي من العدو، ساعتها، أستخدم السيف.""","او لمّا ابقي قريب اوي من العدو، ساعتها، استخدم السيف."""
بس دا، يا عزيزي، ما يمنعش إن السيف كان له مكانة مقدسة عندهم،,بس دا، يا عزيزي، ما يمنعش ان السيف كان له مكانه مقدسه عندهم،
لدرجة إن هما كانوا بيعتبروه روح الساموراي.,لدرجه ان هما كانوا بيعتبروه روح الساموراي.
"الساموراي كان هو الشخص الوحيد في ""اليابان""","الساموراي كان هو الشخص الوحيد في ""اليابان"""
اللي كان مسموحله إن هو يشيل سيفين في وسطه,اللي كان مسموحله ان هو يشيل سيفين في وسطه
ويمشي بيهم في الشارع، دا حق.,ويمشي بيهم في الشارع، دا حق.
"فيه سيف منهم طويل، بيبقى اسمه سيف الـ""كاتانا""،","فيه سيف منهم طويل، بيبقي اسمه سيف ال""كاتانا""،"
والسيف دا actually ظهر، بسبب حرب المغول،,والسيف دا ظهر، بسبب حرب المغول،
لمّا الساموراي أدركوا إن هما محتاجين يطوروا سيوفهم،,لمّا الساموراي ادركوا ان هما محتاجين يطوروا سيوفهم،
فأدركوا إن هُما محتاجين يعملوا سيف قوي متين يقدر يسدّ مع الأعداء،,فادركوا ان هُما محتاجين يعملوا سيف قوي متين يقدر يسدّ مع الاعداء،
ويساعدهم في المعارك والساحات المفتوحة،,ويساعدهم في المعارك والساحات المفتوحه،
دا، يا عزيزي، كان سيف.,دا، يا عزيزي، كان سيف.
السيف التاني كان سيف صغير شوية،,السيف التاني كان سيف صغير شويه،
"اسمه ""واكيزاشي""،","اسمه ""واكيزاشي""،"
دا، يا عزيزي، بيبقى رفيق الساموراي في الأماكن الضيّقة،,دا، يا عزيزي، بيبقي رفيق الساموراي في الاماكن الضيّقه،
الأماكن اللي زي البيوت أو الممرات،,الاماكن اللي زي البيوت او الممرات،
أو مثلًا، يستعمل هذا السيف، عشان يقطع بيه راس عدوه،,او مثلًا، يستعمل هذا السيف، عشان يقطع بيه راس عدوه،
ياخد الراس كـsouvenir، دليل على انتصاره.,ياخد الراس ك ، دليل علي انتصاره.
وجود السيفين دُول على وسط الساموراي,وجود السيفين دُول علي وسط الساموراي
كان، زي ما تقول كدا، بطاقته الشخصية،,كان، زي ما تقول كدا، بطاقته الشخصيه،
"""أنا، يا جماعة، ساموراي.","""انا، يا جماعه، ساموراي."
"دي رُتبتي العسكرية.""","دي رُتبتي العسكريه."""
دا اللي كان بيخلّي الناس توسّعله الطريق وهي باصة في الأرض.,دا اللي كان بيخلّي الناس توسّعله الطريق وهي باصه في الارض.
actually كل حتة في لبس الساموراي مُصممة عشان تعكس قوّته،,كل حته في لبس الساموراي مُصممه عشان تعكس قوّته،
وتحوّله في عين الأعداء إلى كابوس متحرك،,وتحوّله في عين الاعداء الي كابوس متحرك،
خوذة معدنية تقيلة، متزينة بأشكال مرعبة وشعارات،,خوذه معدنيه تقيله، متزينه باشكال مرعبه وشعارات،
بتخلّي شكل الساموراي كأنه شيطان طالع من جهنم،,بتخلّي شكل الساموراي كانه شيطان طالع من جهنم،
دا غير إنه بيبقى لابس قناع حديدي،,دا غير انه بيبقي لابس قناع حديدي،
قناع بيورّي ملامح غاضبة وأنياب بارزة،,قناع بيورّي ملامح غاضبه وانياب بارزه،
يا أمي! يا أمي! أمي!,يا امي! يا امي! امي!
السيفين مش مرعبين، لكن هذا الوجه الكرتوني هو اللي خلاص!,السيفين مش مرعبين، لكن هذا الوجه الكرتوني هو اللي خلاص!
دا، يا عزيزي، كان السيوف.,دا، يا عزيزي، كان السيوف.
خلّينا نخُش على الدروع،,خلّينا نخُش علي الدروع،
هنلاقي الدروع معمولة من شرايح معدنية مربوطة بخيوط حرير،,هنلاقي الدروع معموله من شرايح معدنيه مربوطه بخيوط حرير،
دا كان بيخلّيها خفيفة ومرنة، عشان المحارب يبقى بيتحرك براحته، free،,دا كان بيخلّيها خفيفه ومرنه، عشان المحارب يبقي بيتحرك براحته، ،
دا عكس الدروع التقيلة، اللي كانت منتشرة في الثقافات التانية،,دا عكس الدروع التقيله، اللي كانت منتشره في الثقافات التانيه،
واللي كانت بتحمي الجسم على حساب المرونة والسرعة.,واللي كانت بتحمي الجسم علي حساب المرونه والسرعه.
لو بصيت على شَعر الساموراي كمان، هتلاقي إنه كان له دور في منظومة القتال،,لو بصيت علي شَعر الساموراي كمان، هتلاقي انه كان له دور في منظومه القتال،
كانوا بيحلقوا، يا عزيزي، الجزء القُدّاماني في الراس،,كانوا بيحلقوا، يا عزيزي، الجزء القُدّاماني في الراس،
ويسيبوا باقي الشعر مربوط،,ويسيبوا باقي الشعر مربوط،
دي قَصّة شَعر اسمها الـChonmage،,دي قَصّه شَعر اسمها ال ،
بتخلّي الشعر يثبّت الخوذة مكانها.,بتخلّي الشعر يثبّت الخوذه مكانها.
"لو فاكر، يا عزيزي، إن المغول كانوا خلاص هما القوة العسكرية اللي هددت ""اليابان""،","لو فاكر، يا عزيزي، ان المغول كانوا خلاص هما القوه العسكريه اللي هددت ""اليابان""،"
والحمد لله، خلِصنا وأنجزنا،,والحمد لله، خلِصنا وانجزنا،
فأحب أقولّك إن دي كانت البداية!,فاحب اقولّك ان دي كانت البدايه!
النصر العظيم على المغول كان بداية نهاية الحُكم المركزي،,النصر العظيم علي المغول كان بدايه نهايه الحُكم المركزي،
"أو ""شوجونية كاماكورا""،","او ""شوجونيه كاماكورا""،"
حروب المغول كانت نصر بلا غنايم،,حروب المغول كانت نصر بلا غنايم،
الخَزنة فضيت،,الخَزنه فضيت،
والساموراي اللي حاربوا وكسبوا،,والساموراي اللي حاربوا وكسبوا،
كانوا مستنيين بقى شوية غنايم، شوية أراضي، رزق،,كانوا مستنيين بقي شويه غنايم، شويه اراضي، رزق،
"ولكن الـ""شوجن"" ما كانش عندهم حاجة يدّوهالهم،","ولكن ال""شوجن"" ما كانش عندهم حاجه يدّوهالهم،"
"فالغضب زاد، ودخلت ""اليابان"" في حالة من الانقلابات،","فالغضب زاد، ودخلت ""اليابان"" في حاله من الانقلابات،"
نفق مظلم من الصراعات الأهلية وعدم الاستقرار.,نفق مظلم من الصراعات الاهليه وعدم الاستقرار.
بيفضل، يا عزيزي، الوضع مستمر كدا، لحد ما بنوصل لآخر القرن الـ15،,بيفضل، يا عزيزي، الوضع مستمر كدا، لحد ما بنوصل لاخر القرن ال15،
لمّا بيحصل الانفجار الكبير،,لمّا بيحصل الانفجار الكبير،
"عصر الـ""سينجوكو جيداي""، أو عصر الممالك المتحاربة،","عصر ال""سينجوكو جيداي""، او عصر الممالك المتحاربه،"
صحيح، يا عزيزي، إن الفترة دي كانت دموية ووحشية جدًا،,صحيح، يا عزيزي، ان الفتره دي كانت دمويه ووحشيه جدًا،
ولكنها كانت العصر الذهبي للساموراي،,ولكنها كانت العصر الذهبي للساموراي،
حروب بقى في كُل حتة، غنايم،,حروب بقي في كُل حته، غنايم،
ملاحم فتحت الباب لأبطال وقادة عظام،,ملاحم فتحت الباب لابطال وقاده عظام،
في العصر دا، يا عزيزي، ظهرت شخصيات أسطورية،,في العصر دا، يا عزيزي، ظهرت شخصيات اسطوريه،
أسطورية بشكل يخلّيك ما تعرفش ما هو الحقيقي وما هو الخيال الشعبي.,اسطوريه بشكل يخلّيك ما تعرفش ما هو الحقيقي وما هو الخيال الشعبي.
"عندك مثلًا واحد اسمه ""داتي ماساموني""،","عندك مثلًا واحد اسمه ""داتي ماساموني""،"
"الملقّب بـ""التنين الأعور""،","الملقّب ب""التنين الاعور""،"
"""ماساموني""، بسبب الجُدَري، فقد عينه اليمين وهو طفل،","""ماساموني""، بسبب الجُدَري، فقد عينه اليمين وهو طفل،"
بس الإعاقة دي ما ضعفتهوش، لأ، دي زوّدته إصرار،,بس الاعاقه دي ما ضعفتهوش، لا، دي زوّدته اصرار،
أصبح، يا عزيزي، قائد مرعب،,اصبح، يا عزيزي، قايد مرعب،
سهل إن انت تميّزه في أي معركة، لمّا تلاقي حد عنده خوذة عليها هلال ضخم.,سهل ان انت تميّزه في اي معركه، لمّا تلاقي حد عنده خوذه عليها هلال ضخم.
"""ماساموني"" كان سابق عصره ومنفتح على العالم،","""ماساموني"" كان سابق عصره ومنفتح علي العالم،"
"في وقت ""اليابان"" كانت قافلة على نفسها تمامًا،","في وقت ""اليابان"" كانت قافله علي نفسها تمامًا،"
كان منفتح، يا عزيزي، لدرجة إن هو بعت,كان منفتح، يا عزيزي، لدرجه ان هو بعت
"بعثة ديبلوماسية وسفينة لـ""روما"" و""إسبانيا"" و""المكسيك""،","بعثه ديبلوماسيه وسفينه ل""روما"" و""اسبانيا"" و""المكسيك""،"
كان بيحاول يعمل علاقات تجارية وسياسية.,كان بيحاول يعمل علاقات تجاريه وسياسيه.
"""(أبو حميد)، الراجل دا داهية!""",""" ابو حميد ، الراجل دا داهيه!"""
"عندك كمان، ""مياموتو موساشي""،","عندك كمان، ""مياموتو موساشي""،"
"دا بيُعتبر أعظم سيّاف في تاريخ ""اليابان""،","دا بيُعتبر اعظم سيّاف في تاريخ ""اليابان""،"
دا بدأ المسيرة بتاعته من وهو طفل عنده 13 سنة،,دا بدا المسيره بتاعته من وهو طفل عنده 13 سنه،
من إحدى القصص، يا عزيزي، اللي بتُروى عنه,من احدي القصص، يا عزيزي، اللي بتُروي عنه
إنه قتل ساموراي ضخم باستخدام سيف من خشب،,انه قتل ساموراي ضخم باستخدام سيف من خشب،
وهو عنده كام؟ 13 سنة.,وهو عنده كام؟ 13 سنه.
وعلى مدار حياته، خاض أكتر من 60 مبارزة حياة أو موت،,وعلي مدار حياته، خاض اكتر من 60 مبارزه حياه او موت،
وما خسرش ولا واحدة.,وما خسرش ولا واحده.
دا، يا عزيزي، الراجل اللي اخترع أسلوب القتال بالسيفين في نفس الوقت،,دا، يا عزيزي، الراجل اللي اخترع اسلوب القتال بالسيفين في نفس الوقت،
وفي آخر حياته، اعتزل الناس خالص،,وفي اخر حياته، اعتزل الناس خالص،
"وكتب كتابه الشهير ""الحلقات الخَمس""،","وكتب كتابه الشهير ""الحلقات الخَمس""،"
الكتاب دا، يا عزيزي، لسة بيتقري لحد النهاردة,الكتاب دا، يا عزيزي، لسه بيتقري لحد النهارده
كمرجِع في التفكير الاستراتيجي واتخاذ القرارات.,كمرجِع في التفكير الاستراتيجي واتخاذ القرارات.
ومش بس، يا عزيزي، الموضوع كان عند الرجالة بس،,ومش بس، يا عزيزي، الموضوع كان عند الرجاله بس،
"كان هُناك محاربات اسمهم الـ""أونا بوجيشا""،","كان هُناك محاربات اسمهم ال""اونا بوجيشا""،"
ودا لقب للستات اللي بيتمرنوا على القتال,ودا لقب للستات اللي بيتمرنوا علي القتال
وبيحموا بيوتهم وعشائرهم بالسيوف،,وبيحموا بيوتهم وعشايرهم بالسيوف،
"وكانوا بيستخدموا حاجة كمان اسمها الـ""ناجيناتا""،","وكانوا بيستخدموا حاجه كمان اسمها ال""ناجيناتا""،"
دا، يا عزيزي، بيبقى رمح طويل بشفرة منحنية،,دا، يا عزيزي، بيبقي رمح طويل بشفره منحنيه،
دا بيسهّل عليهم يوقّعوا الفرسان من على الخيل،,دا بيسهّل عليهم يوقّعوا الفرسان من علي الخيل،
ويقوموا قاطعين رجليهم.,ويقوموا قاطعين رجليهم.
"ومن أشهر الـ""أونا بوجيشا"" واحدة اسمها ""توموي جوزين""،","ومن اشهر ال""اونا بوجيشا"" واحده اسمها ""توموي جوزين""،"
المؤرخين كانوا بيوصفوها إنها جميلة كالقمر، وقوية كألف رجُل،,المورخين كانوا بيوصفوها انها جميله كالقمر، وقويه كالف رجُل،
بسم الله، ما شاء الله، يا عزيزي، كانت سفّاحة!,بسم الله، ما شاء الله، يا عزيزي، كانت سفّاحه!
كانت تخُش وسط الجيوش وتقطع رؤوس!,كانت تخُش وسط الجيوش وتقطع رووس!
مهارات الساموراي القتالية وأبطالها,مهارات الساموراي القتاليه وابطالها
السينما والأفلام هتبروزهم،,السينما والافلام هتبروزهم،
وهتبروز معاها فكرة إن الساموراي ما بيحبوش الأسلحة النارية،,وهتبروز معاها فكره ان الساموراي ما بيحبوش الاسلحه الناريه،
وإن هما كانوا بيعتبروا الأسلحة النارية سلاح الجبناء،,وان هما كانوا بيعتبروا الاسلحه الناريه سلاح الجبناء،
لأنها ما بتخلّيش فيه مواجهة،,لانها ما بتخلّيش فيه مواجهه،
ما بتخلّيش فيه شجاعة،,ما بتخلّيش فيه شجاعه،
"""يا سلام! أنا أضرب من بعيد كداهو، تِك؟!","""يا سلام! انا اضرب من بعيد كداهو، تِك"
"كدا، بيتساوى الشجاع مع الجبان!""","كدا، بيتساوي الشجاع مع الجبان!"""
ولكن، يا عزيزي، دا كان misconception، دا لم يكُن صحيح،,ولكن، يا عزيزي، دا كان ، دا لم يكُن صحيح،
الساموراي كان محارب ذكي، مش متحجّر.,الساموراي كان محارب ذكي، مش متحجّر.
"سنة 1543، لمّا التجار البرتغاليين وصلوا ""اليابان""،","سنه 1543، لمّا التجار البرتغاليين وصلوا ""اليابان""،"
"كان معاهم بنادق بدائية اسمها الـ""أركيبوز""،","كان معاهم بنادق بداييه اسمها ال""اركيبوز""،"
وقتها، يا عزيزي، اليابانيين انبهروا بيها،,وقتها، يا عزيزي، اليابانيين انبهروا بيها،
والحرفيين اليابانيين، بسم الله، ما شاء الله، قِدروا بسرعة إن هُما يقلدوها،,والحرفيين اليابانيين، بسم الله، ما شاء الله، قِدروا بسرعه ان هُما يقلدوها،
"ويعملوا النسخة بتاعتهم، الـ""تانيجاشيما"".","ويعملوا النسخه بتاعتهم، ال""تانيجاشيما""."
الساموراي، يا عزيزي، مش بس استخدموا البنادق دي،,الساموراي، يا عزيزي، مش بس استخدموا البنادق دي،
دُول كمان طوروا بيها تكتيكات حرب كاملة،,دُول كمان طوروا بيها تكتيكات حرب كامله،
زي إن هُما مثلًا يوقّفوا الجنود صفوف،,زي ان هُما مثلًا يوقّفوا الجنود صفوف،
ويضربوا النار بالتبادل،,ويضربوا النار بالتبادل،
بحيث إن هُما يقدروا يعملوا سيل رصاص مستمر على العدو.,بحيث ان هُما يقدروا يعملوا سيل رصاص مستمر علي العدو.
اللي عايز أقوله يعني إن الساموراي كان مرحّب بأي سلاح موجود،,اللي عايز اقوله يعني ان الساموراي كان مرحّب باي سلاح موجود،
الساموراي مش أهطل!,الساموراي مش اهطل!
"""أودا نوبوناجا"" الموحّد الأول لـ""اليابان""","""اودا نوبوناجا"" الموحّد الاول ل""اليابان"""
كان من أوائل الناس اللي فهموا اللعبة دي،,كان من اوايل الناس اللي فهموا اللعبه دي،
"وفي إحدى المعارك، معركة ""ناجاشينو""، سنة 1575،","وفي احدي المعارك، معركه ""ناجاشينو""، سنه 1575،"
استخدم، يا عزيزي، حوالي 3000 بندقية،,استخدم، يا عزيزي، حوالي 30 بندقيه،
"عشان يهزم الجيش اللي قصاده، جيش ""تاكيدا""، اللي كان مكوّن من 15 ألف فارس.","عشان يهزم الجيش اللي قصاده، جيش ""تاكيدا""، اللي كان مكوّن من 15 الف فارس."
المعركة دي، يا عزيزي، كانت لحظة فارقة،,المعركه دي، يا عزيزي، كانت لحظه فارقه،
لأن فيها كان بينتهي عصر السيف والرمح، شكرًا!,لان فيها كان بينتهي عصر السيف والرمح، شكرًا!
ومن هنا، بيبدأ عصر البارود،,ومن هنا، بيبدا عصر البارود،
"ما تخلّيش الأوروبيين يضحكوا عليك ويقولولك: ""اليابانيين كانوا رافضين الفكرة""!","ما تخلّيش الاوروبيين يضحكوا عليك ويقولولك: ""اليابانيين كانوا رافضين الفكره""!"
أنا عايز أقولّك إن البنادق انتشرت،,انا عايز اقولّك ان البنادق انتشرت،
"لدرجة إن ""نويل بيرين"" في كتابه Giving Up the Gun","لدرجه ان ""نويل بيرين"" في كتابه"
قال إن على أواخر القرن الـ16,قال ان علي اواخر القرن ال16
"""اليابان"" كان فيها بنادق أكتر من أي دولة أوروبية.","""اليابان"" كان فيها بنادق اكتر من اي دوله اوروبيه."
"مش بس كدا، اليابانيين كمان عملوا مَدافع يدوية كبيرة اسمها الـ""أوزوتو""،","مش بس كدا، اليابانيين كمان عملوا مَدافع يدويه كبيره اسمها ال""اوزوتو""،"
ودا، يا عزيزي، بيثبتلك إن الساموراي كان آه محارب شجاع،,ودا، يا عزيزي، بيثبتلك ان الساموراي كان اه محارب شجاع،
ولكنه أيضًا كان محارب عملي وبراجماتي،,ولكنه ايضًا كان محارب عملي وبراجماتي،
شايف إن الشرف الحقيقي إنك تهزم العدو وتنتصر لسيدك،,شايف ان الشرف الحقيقي انك تهزم العدو وتنتصر لسيدك،
سواء بقى النصر دا جه بضربة سيف، أو بطلقة رصاص.,سواء بقي النصر دا جه بضربه سيف، او بطلقه رصاص.
بمناسبة الشرف، يا عزيزي،,بمناسبه الشرف، يا عزيزي،
كتير من دوَل العالم كان عندهم حاجات زي الساموراي كدا،,كتير من دوَل العالم كان عندهم حاجات زي الساموراي كدا،
ناس متمرنة كويس، ماهرة، محترفة في القتال،,ناس متمرنه كويس، ماهره، محترفه في القتال،
"ولكن ما يميز الساموراي هو الـ""كود"" الأخلاقي، الشرف.","ولكن ما يميز الساموراي هو ال""كود"" الاخلاقي، الشرف."
خلّيني، يا عزيزي، أحكيلك عن اتنين من أشهر قادة الساموراي،,خلّيني، يا عزيزي، احكيلك عن اتنين من اشهر قاده الساموراي،
"القائد ""تاكيدا شينجين""،","القايد ""تاكيدا شينجين""،"
"والقائد ""أوسوجي كينشين""،","والقايد ""اوسوجي كينشين""،"
"""الله يا (أبو حميد) على الياباني بتاعك بجد! أنا حاسس إن أنا قاعد قُدّام (كونان)!","""الله يا ابو حميد علي الياباني بتاعك بجد! انا حاسس ان انا قاعد قُدّام كونان !"
"والله يا (أبو حميد)، بجد، إيه البراعة في اليابانية دي بجد؟!""","والله يا ابو حميد ، بجد، ايه البراعه في اليابانيه دي بجد """
"ربنا يخلّيك، يا عزيزي، ""هاكوري ناكاموتو""!","ربنا يخلّيك، يا عزيزي، ""هاكوري ناكاموتو""!"
"""رائع! خُد يا (أبو حميد) لقب الـ(شوجونية) حالًا!""","""رايع! خُد يا ابو حميد لقب ال شوجونيه حالًا!"""
القائدين، يا عزيزي، اللي بتكلم عنهم دُول,القايدين، يا عزيزي، اللي بتكلم عنهم دُول
فضلوا يحاربوا بعض لسنين طويلة،,فضلوا يحاربوا بعض لسنين طويله،
وما حدش قدِر يهزم التاني،,وما حدش قدِر يهزم التاني،
وبالرغم من الحرب والدم اللي بينهم،,وبالرغم من الحرب والدم اللي بينهم،
إلا إن كان هُناك احترام كبير متبادَل،,الا ان كان هُناك احترام كبير متبادَل،
"ولمّا المقاطعة بتاعة ""تاكيدا"" حصل فيها نقص حاد في الملح،","ولمّا المقاطعه بتاعه ""تاكيدا"" حصل فيها نقص حاد في الملح،"
ودا، بالمناسبة، كان سلعة استراتيجية لحفظ الأكل،,ودا، بالمناسبه، كان سلعه استراتيجيه لحفظ الاكل،
"وقتها، القائد التاني ""كينشين"" رفض إنه يستغل الموقف لصالحه،","وقتها، القايد التاني ""كينشين"" رفض انه يستغل الموقف لصالحه،"
وبعت لعدوه شوالات ملح، وقالّه...,وبعت لعدوه شوالات ملح، وقالّه
"دا حتى لمّا ""تاكيدا"" مات،","دا حتي لمّا ""تاكيدا"" مات،"
"""كينشين"" رثاه وقال...","""كينشين"" رثاه وقال"
دي، يا عزيزي، كانت أخلاق الفرسان اللي بتميز الساموراي،,دي، يا عزيزي، كانت اخلاق الفرسان اللي بتميز الساموراي،
واللي كانت جزء من منظومة أخلاقية لا غنى عنها،,واللي كانت جزء من منظومه اخلاقيه لا غني عنها،
"""أنا آينعم بحارب،","""انا اينعم بحارب،"
أنا آينعم ممكن أقتل،,انا اينعم ممكن اقتل،
"ولكن بلتزم بالمعايير والأخلاقيات.""","ولكن بلتزم بالمعايير والاخلاقيات."""
قوة الساموراي الغاشمة وجرأته دي,قوه الساموراي الغاشمه وجراته دي
كانت محتاجة لجام يمسكها،,كانت محتاجه لجام يمسكها،
وإلا كانوا هيتحولوا بعد كدا لقُطّاع طرُق أو بلطجية!,والا كانوا هيتحولوا بعد كدا لقُطّاع طرُق او بلطجيه!
وعشان يضمنوا ولاء مقاتلين بهذه الكفاءة،,وعشان يضمنوا ولاء مقاتلين بهذه الكفاءه،
"ظهر، يا عزيزي، ""كود"" أخلاقي صارم ومُعقّد،","ظهر، يا عزيزي، ""كود"" اخلاقي صارم ومُعقّد،"
"الـ""كود"" دا اسمه Bushidō،","ال""كود"" دا اسمه ō،"
"دي كلمة، يا عزيزي، معناها ""طريق المحارب"".","دي كلمه، يا عزيزي، معناها ""طريق المحارب""."
"الـ""كود"" دا، يا عزيزي، لم يكُن مجرد قواعد أو قانون عسكري،","ال""كود"" دا، يا عزيزي، لم يكُن مجرد قواعد او قانون عسكري،"
لأ، دا كان أسلوب حياة استفاد من معظم الفلسفات الشرقية،,لا، دا كان اسلوب حياه استفاد من معظم الفلسفات الشرقيه،
خَد شوية مثلًا من البوذية،,خَد شويه مثلًا من البوذيه،
اللي بتدعو للهدوء والتحكّم بالنَّفس,اللي بتدعو للهدوء والتحكّم بالنَّفس
ومواجهة حاجة زي الموت بشجاعة.,ومواجهه حاجه زي الموت بشجاعه.
وخَد شوية من الشِنتِوية،,وخَد شويه من الشِنتِويه،
الشِنتِوية اللي بتقدس الولاء للأرض والإمبراطور.,الشِنتِويه اللي بتقدس الولاء للارض والامبراطور.
حُط على دا شوية مبادئ كونفيوشيوسية،,حُط علي دا شويه مبادي كونفيوشيوسيه،
بتقدس احترام الكبير وطاعة السيد،,بتقدس احترام الكبير وطاعه السيد،
كل هذه القِيَم شكّلت شخصية الساموراي،,كل هذه القِيَم شكّلت شخصيه الساموراي،
فبقى عندنا شخص بيتحلّى بصفات زي الشجاعة والشرف والنُبل والولاء،,فبقي عندنا شخص بيتحلّي بصفات زي الشجاعه والشرف والنُبل والولاء،
وجنبها، هُناك عدالة ورحمة في التعامل،,وجنبها، هُناك عداله ورحمه في التعامل،
الساموراي ما كانش مطلوب منه بس يكون جزّار في المعركة،,الساموراي ما كانش مطلوب منه بس يكون جزّار في المعركه،
كان لازم كمان يكون إنسان راقي ومثقف،,كان لازم كمان يكون انسان راقي ومثقف،
عشان كدا، يا عزيزي، كان بيتم تدريبهم على فنون تانية خالص غير الحرب،,عشان كدا، يا عزيزي، كان بيتم تدريبهم علي فنون تانيه خالص غير الحرب،
زي مثلًا، الخَط والرسم ونظم الشِعر،,زي مثلًا، الخَط والرسم ونظم الشِعر،
المحارب المثالي يجب أن يكون عنده توازن،,المحارب المثالي يجب ان يكون عنده توازن،
يكون قوي وعنيف، زي العاصفة، وقت الحرب،,يكون قوي وعنيف، زي العاصفه، وقت الحرب،
وفي نفس الوقت، مُسالم ومُرهَف الحس.,وفي نفس الوقت، مُسالم ومُرهَف الحس.
كانوا مؤمنين، يا عزيزي، إن السيف والريشة وجهين لعُملة واحدة،,كانوا مومنين، يا عزيزي، ان السيف والريشه وجهين لعُمله واحده،
العقل القوي هو اللي بيحرك السيف القوي،,العقل القوي هو اللي بيحرك السيف القوي،
ودا خلّى طبقة الساموراي مش بس طبقة عسكرية،,ودا خلّي طبقه الساموراي مش بس طبقه عسكريه،
دي كمان كانت الطبقة المثقفة،,دي كمان كانت الطبقه المثقفه،
"اللي قادت ""اليابان"" إداريًا وثقافيًا لقرون قُدّام.","اللي قادت ""اليابان"" اداريًا وثقافيًا لقرون قُدّام."
وعشان كدا، الرمز المفضّل للساموراي كان زهرة الكرز،,وعشان كدا، الرمز المفضّل للساموراي كان زهره الكرز،
زهرة رقيقة وجميلة، بس عُمرها قصير،,زهره رقيقه وجميله، بس عُمرها قصير،
بتفتح أيام قليلة، وبعد كدا، بتُقع وتموت وهي في عِز جمالها.,بتفتح ايام قليله، وبعد كدا، بتُقع وتموت وهي في عِز جمالها.
ودي كانت فلسفة حياة الساموراي بالظبط،,ودي كانت فلسفه حياه الساموراي بالظبط،
"""عيش اللحظة، اخدم سيدك بكل قوّتك،","""عيش اللحظه، اخدم سيدك بكل قوّتك،"
"وموت وانت في قمة مجدك وشبابك.""","وموت وانت في قمه مجدك وشبابك."""
مش محتاج، يا عزيزي، أقولّك على أد إيه الشرف مهم بالنسبة للساموراي،,مش محتاج، يا عزيزي، اقولّك علي اد ايه الشرف مهم بالنسبه للساموراي،
الساموراي لو خسر في حرب، أو خذل سيده، أو اتأسر،,الساموراي لو خسر في حرب، او خذل سيده، او اتاسر،
الحل الوحيد عشان يستعيد كرامته ويغسل عاره كان الانتحار.,الحل الوحيد عشان يستعيد كرامته ويغسل عاره كان الانتحار.
طقس Seppuku، اللي بدأنا بيه الحلقة، عملية بشعة ومؤلمة فوق الوصف،,طقس ، اللي بدانا بيه الحلقه، عمليه بشعه ومولمه فوق الوصف،
الساموراي بيلبس كيمونو أبيض،,الساموراي بيلبس كيمونو ابيض،
ويقعد في هدوء وسَكينة،,ويقعد في هدوء وسَكينه،
ويقوم كاتب قصيدة وداع أخيرة،,ويقوم كاتب قصيده وداع اخيره،
"وبعد كدا، يقوم مطلّع سيفه الصغير، الـ""واكيزاشي""،","وبعد كدا، يقوم مطلّع سيفه الصغير، ال""واكيزاشي""،"
ويقوم غارزه في جنبه الشِمال،,ويقوم غارزه في جنبه الشِمال،
ويقوم، يا عزيزي، قاطع بطنه بالعرض لحد اليمين!,ويقوم، يا عزيزي، قاطع بطنه بالعرض لحد اليمين!
اليابانيين، يا عزيزي، كانوا بيعتقدوا إن الروح والعواطف بتسكُن في البطن، هنا،,اليابانيين، يا عزيزي، كانوا بيعتقدوا ان الروح والعواطف بتسكُن في البطن، هنا،
وغالبًا، بيبقى واقف وراه صديق أو مُساعد،,وغالبًا، بيبقي واقف وراه صديق او مُساعد،
بيقوم بعدها قاطع راسه بضربة سيف سريعة،,بيقوم بعدها قاطع راسه بضربه سيف سريعه،
عشان بمجرد ما يخلَص الطقس، ينهي عذاب هذا المحارب.,عشان بمجرد ما يخلَص الطقس، ينهي عذاب هذا المحارب.
الـSeppuku، يا عزيزي، كانت قمة الشجاعة في نظرهم،,ال ، يا عزيزي، كانت قمه الشجاعه في نظرهم،
ونهاية مشرّفة لأي محارب.,ونهايه مشرّفه لاي محارب.
والمفارقة، أشهر تنفيذ لهذا الطقس,والمفارقه، اشهر تنفيذ لهذا الطقس
"هيقترن بأقل فئة محظوظة من الساموراي، الـ""رونين"".","هيقترن باقل فيه محظوظه من الساموراي، ال""رونين""."
خلّيني أقولّك، يا عزيزي، إن مش كُل الساموراي كانت حياتهم وردي وعايشين في قصور،,خلّيني اقولّك، يا عزيزي، ان مش كُل الساموراي كانت حياتهم وردي وعايشين في قصور،
لو الحروب خلصت، أو السيد الإقطاعي مات أو خسر أرضه،,لو الحروب خلصت، او السيد الاقطاعي مات او خسر ارضه،
الساموراي اللي كانوا بيخدموه فجأة، يا عزيزي، بيلاقوا نفسهم في الشارع،,الساموراي اللي كانوا بيخدموه فجاه، يا عزيزي، بيلاقوا نفسهم في الشارع،
لا دَخل ولا هدف ولا سيد،,لا دَخل ولا هدف ولا سيد،
"هنا، يا عزيزي، كانوا بيسموهم ""رونين""،","هنا، يا عزيزي، كانوا بيسموهم ""رونين""،"
"كلمة معناها ""رجُل الموجة""،","كلمه معناها ""رجُل الموجه""،"
تشبيه بليغ لواحد تايه بالظبط زي موجة البحر.,تشبيه بليغ لواحد تايه بالظبط زي موجه البحر.
"خلّيني أقولّك، يا عزيزي، إن انت لو بقيت ""رونين""،","خلّيني اقولّك، يا عزيزي، ان انت لو بقيت ""رونين""،"
انت في موقِف لا تُحسد عليه،,انت في موقِف لا تُحسد عليه،
لأن المجتمع الياباني أساسه الولاء،,لان المجتمع الياباني اساسه الولاء،
فالساموراي اللي ما لهوش سيد،,فالساموراي اللي ما لهوش سيد،
ما عندهوش حد يبقى عنده ولاء ليه،,ما عندهوش حد يبقي عنده ولاء ليه،
كأنه كلب في الشارع!,كانه كلب في الشارع!
"ولكن في نفس الوقت، الـ""رونين"" دُول كان عندهم كبرياء","ولكن في نفس الوقت، ال""رونين"" دُول كان عندهم كبرياء"
يمنعهم يشتغلوا فلاحين أو تُجّار،,يمنعهم يشتغلوا فلاحين او تُجّار،
فكتير منهم، يا عزيزي، actually,فكتير منهم، يا عزيزي،
كانوا بيضطروا إن هما يبيعوا دروعهم وسيوفهم، عشان ياكلوا،,كانوا بيضطروا ان هما يبيعوا دروعهم وسيوفهم، عشان ياكلوا،
وأحيانًا، كان فيه منهم اللي بيتحول إلى قُطّاع طرُق أو مرتزقة،,واحيانًا، كان فيه منهم اللي بيتحول الي قُطّاع طرُق او مرتزقه،
ما انت عندك talent بقى وعندك أسلحة، استغلّهم! اكسب بيهم!,ما انت عندك بقي وعندك اسلحه، استغلّهم! اكسب بيهم!
"ومن أشهر قصص الـ""رونين""، اللي هتربطهم بالـSeppuku","ومن اشهر قصص ال""رونين""، اللي هتربطهم بال"
"هي قِصة الـ47 ""رونين""، اللي حكيتلك عنهم في الأول.","هي قِصه ال47 ""رونين""، اللي حكيتلك عنهم في الاول."
"""ثانية واحدة يا (أبو حميد)، ما تضحكش عليا!","""ثانيه واحده يا ابو حميد ، ما تضحكش عليا!"
"انت قُلتلي كانوا 46 راجل، إيه اللي جاب الـ47؟!""","انت قُلتلي كانوا 46 راجل، ايه اللي جاب ال47 """
عشان تفهم، يا عزيزي، خلّيني أحكيلك القصة من الأول،,عشان تفهم، يا عزيزي، خلّيني احكيلك القصه من الاول،
"واللي بتُعتبر واحدة من أعظم قصص الولاء في تاريخ ""اليابان"".","واللي بتُعتبر واحده من اعظم قصص الولاء في تاريخ ""اليابان""."
"إقطاعي اسمه ""أسانو"" في قصر الـ""شوجن""","اقطاعي اسمه ""اسانو"" في قصر ال""شوجن"""
"اتخانق مع مسئول كبير اسمه ""كيرا""،","اتخانق مع مسيول كبير اسمه ""كيرا""،"
ليه؟ لأنه قدّمله هدية، فالراجل التاني قعد يتريق على الهدية بتاعته،,ليه؟ لانه قدّمله هديه، فالراجل التاني قعد يتريق علي الهديه بتاعته،
"""إيه الهدية اللي انت جايبها دي؟! أي كلام دا!""","""ايه الهديه اللي انت جايبها دي اي كلام دا!"""
"وقتها، يا عزيزي، ""أسانو"" اتنرفز جدًا،","وقتها، يا عزيزي، ""اسانو"" اتنرفز جدًا،"
فَقَد أعصابه، وعمل حاجة شديدة الحرمانية.,فَقَد اعصابه، وعمل حاجه شديده الحرمانيه.
"- ""عمل إيه يا (أبو حميد)؟!"" - رفع سيفه وهجم على ""كيرا"" وجرحه،","- ""عمل ايه يا ابو حميد "" - رفع سيفه وهجم علي ""كيرا"" وجرحه،"
وكل دا بيحصل جوا القلعة.,وكل دا بيحصل جوا القلعه.
القانون وقتها، يا عزيزي، كان صارم وما فيهوش تفاهُم،,القانون وقتها، يا عزيزي، كان صارم وما فيهوش تفاهُم،
كان بيقول إن اللي عمله دا ضد كل التقاليد.,كان بيقول ان اللي عمله دا ضد كل التقاليد.
"هنا، الـ""شوجن"" بيؤمره إن هو يعمل Seppuku وينتحر، عقابًا ليه،","هنا، ال""شوجن"" بيومره ان هو يعمل وينتحر، عقابًا ليه،"
ومش بس كدا، دا بيصادر أرضه وبيشرّد رجالته.,ومش بس كدا، دا بيصادر ارضه وبيشرّد رجالته.
"الـ47 ساموراي بتوع ""أسانو"" دلوقتي، أصبحوا ""رونين""،","ال47 ساموراي بتوع ""اسانو"" دلوقتي، اصبحوا ""رونين""،"
لأن فقدوا سيدهم،,لان فقدوا سيدهم،
سيدهم عمل الـSeppuku.,سيدهم عمل ال .
وكان ممنوع عليهم قانونًا إن هُما ينتقموا لسيدهم،,وكان ممنوع عليهم قانونًا ان هُما ينتقموا لسيدهم،
ولكنهم، يا عزيزي، كانوا رافضين إن هُما يقبلوا هذا الظلم،,ولكنهم، يا عزيزي، كانوا رافضين ان هُما يقبلوا هذا الظلم،
فضلوا، يا عزيزي، مستخبيين لمدة سنتين كاملين،,فضلوا، يا عزيزي، مستخبيين لمده سنتين كاملين،
"عملوا نفسهم سكرانين وضايعين، عشان يخدعوا جواسيس الحكومة وجواسيس ""كيرا""،","عملوا نفسهم سكرانين وضايعين، عشان يخدعوا جواسيس الحكومه وجواسيس ""كيرا""،"
"وفي ليلة شتوية، اتجمّعوا وهجموا على قصر ""كيرا""،","وفي ليله شتويه، اتجمّعوا وهجموا علي قصر ""كيرا""،"
"دبحوا الحُرّاس، وجابوا راس ""كيرا"" لقبر سيدهم ""أسانو""،","دبحوا الحُرّاس، وجابوا راس ""كيرا"" لقبر سيدهم ""اسانو""،"
كإثبات إن هُما وفّوا بالعهد.,كاثبات ان هُما وفّوا بالعهد.
وبعد، يا عزيزي، ما بينفّذوا انتقامهم وبيستعيدوا شرف سيدهم،,وبعد، يا عزيزي، ما بينفّذوا انتقامهم وبيستعيدوا شرف سيدهم،
"بيقوموا مسلّمين نفسهم للـ""شوجن""، اللي حَكَم عليهم بالموت.","بيقوموا مسلّمين نفسهم لل""شوجن""، اللي حَكَم عليهم بالموت."
واحترامًا، يا عزيزي، لهذا الولاء،,واحترامًا، يا عزيزي، لهذا الولاء،
إن هُما خدوا حق سيدهم،,ان هُما خدوا حق سيدهم،
سمحلهم إن هُما يموتوا عن طريق الـSeppuku،,سمحلهم ان هُما يموتوا عن طريق ال ،
إن هُما اللي يقتلوا نفسهم،,ان هُما اللي يقتلوا نفسهم،
وزي ما قُلتلك، اتوزعوا على 4 قصور،,وزي ما قُلتلك، اتوزعوا علي 4 قصور،
والقصور دي اتجهّزت لاستقبالهم في أفضل صورة،,والقصور دي اتجهّزت لاستقبالهم في افضل صوره،
"والـ46 ""رونين"" ماتوا بالـSeppuku.","وال46 ""رونين"" ماتوا بال ."
"بس واحد منهم اسمه ""تيراساكا كيتشيمون""","بس واحد منهم اسمه ""تيراساكا كيتشيمون"""
كان جزء من الـ47 من البداية،,كان جزء من ال47 من البدايه،
ولكن لأنه كان أقلهم رتبة،,ولكن لانه كان اقلهم رتبه،
"قاموا باعتينه في مهمة برة ""طوكيو""،","قاموا باعتينه في مهمه بره ""طوكيو""،"
عشان يوصّل أخبار انتقامهم للقرى،,عشان يوصّل اخبار انتقامهم للقري،
"""اعرفوا، يا جماعة، الرجالة بتاعتنا عملت إيه.""","""اعرفوا، يا جماعه، الرجاله بتاعتنا عملت ايه."""
ولحظه، دا الوحيد اللي اتعفى عنه،,ولحظه، دا الوحيد اللي اتعفي عنه،
ولمّا مات بعد سنين، اتدفن، يا عزيزي، مع الـ46 ساموراي، رفاقه.,ولمّا مات بعد سنين، اتدفن، يا عزيزي، مع ال46 ساموراي، رفاقه.
الساموراي، يا عزيزي، ما يخافش غير من اتنين.,الساموراي، يا عزيزي، ما يخافش غير من اتنين.
"""الفرامل والنسوان يا (أبو حميد)؟!""","""الفرامل والنسوان يا ابو حميد """
لأ، يا عزيزي. بيخاف، يا عزيزي، من النينجا والسوهي.,لا، يا عزيزي. بيخاف، يا عزيزي، من النينجا والسوهي.
النينجا، يا عزيزي، لم يكونوا محاربين بالمعنى التقليدي،,النينجا، يا عزيزي، لم يكونوا محاربين بالمعني التقليدي،
دُول كانوا جواسيس وقتلة مأجورين،,دُول كانوا جواسيس وقتله ماجورين،
الساموراي كان بيحتقرهم جدًا، بيعتبرهم غير شرفاء،,الساموراي كان بيحتقرهم جدًا، بيعتبرهم غير شرفاء،
ليه؟ لأن الساموراي لمّا ييجي يواجهك، لازم يواجهك وجهًا لوجه،,ليه؟ لان الساموراي لمّا ييجي يواجهك، لازم يواجهك وجهًا لوجه،
ويعرّفك بنفسه قبل ما يقتلك،,ويعرّفك بنفسه قبل ما يقتلك،
"""أهلًا وسهلًا، أنا هستلم تعازيك!""","""اهلًا وسهلًا، انا هستلم تعازيك!"""
النينجا بقى، يا عزيزي، خبيث،,النينجا بقي، يا عزيزي، خبيث،
بيعمل حركات مش direct، مش سالك،,بيعمل حركات مش ، مش سالك،
ممكن مثلًا يحُطلك سِم في الأكل،,ممكن مثلًا يحُطلك سِم في الاكل،
ممكن يقتلك وانت نايم،,ممكن يقتلك وانت نايم،
ممكن يولّع في مخازن الأكل بتاعتك.,ممكن يولّع في مخازن الاكل بتاعتك.
والنينجا، يا عزيزي، ما كانش بيلبس أسود في أسود,والنينجا، يا عزيزي، ما كانش بيلبس اسود في اسود
زي ما بنشوف في الأفلام كدا،,زي ما بنشوف في الافلام كدا،
لأن دا غباء وهيلفت النظر،,لان دا غباء وهيلفت النظر،
النينجا الحقيقي كان أستاذ في التنكر،,النينجا الحقيقي كان استاذ في التنكر،
بيلبس تاجر، مرة يلبس راهب،,بيلبس تاجر، مره يلبس راهب،
أي حاجة تساعده إنه يدخل القلاع أو المدن،,اي حاجه تساعده انه يدخل القلاع او المدن،
وإيه؟ ظابط مخابرات،,وايه؟ ظابط مخابرات،
بيجمّع المعلومات، من غير ما أي حد يشك فيه.,بيجمّع المعلومات، من غير ما اي حد يشك فيه.
ووقت الخطر، ما كانوش بيحاربوا بسيوف وشجاعة، زي الساموراي،,ووقت الخطر، ما كانوش بيحاربوا بسيوف وشجاعه، زي الساموراي،
"كانوا بيستخدموا أسلحة غريبة، زي مثلًا الـ""شوريكين""، أو النجوم الحديدية،","كانوا بيستخدموا اسلحه غريبه، زي مثلًا ال""شوريكين""، او النجوم الحديديه،"
ودي كانت مش مهمتها إنها تقتل،,ودي كانت مش مهمتها انها تقتل،
لأ، تعوّر، بتعطّل العدو.,لا، تعوّر، بتعطّل العدو.
"كان عندهم، يا عزيزي، كمان سلاح الـ""ماكيبيشي""،","كان عندهم، يا عزيزي، كمان سلاح ال""ماكيبيشي""،"
دي بتبقى أشواك حديد صغيرة بتترمي على الأرض،,دي بتبقي اشواك حديد صغيره بتترمي علي الارض،
بتقطع رجلين الخيول أو الجنود، تفسّيلهم الكاوتشات!,بتقطع رجلين الخيول او الجنود، تفسّيلهم الكاوتشات!
كان معاهم قنابل دُخان، بيضربوها عشان يختفوا بسرعة،,كان معاهم قنابل دُخان، بيضربوها عشان يختفوا بسرعه،
دُول، يا عزيزي، كانوا النينجا.,دُول، يا عزيزي، كانوا النينجا.
المُنافس التاني، اللي كان عامل صُداع للساموراي،,المُنافس التاني، اللي كان عامل صُداع للساموراي،
هُما الرُهبان المحاربين، أو السوهي،,هُما الرُهبان المحاربين، او السوهي،
وانسى بقى صورة الراهب المُسالم، اللي بيقعد يتأمل في الجبل دا،,وانسي بقي صوره الراهب المُسالم، اللي بيقعد يتامل في الجبل دا،
دُول، يا عزيزي، كانوا رُهبان بوذيين مسلحين،,دُول، يا عزيزي، كانوا رُهبان بوذيين مسلحين،
عايشين في معابد حصينة زي القلاع،,عايشين في معابد حصينه زي القلاع،
وعندهم جيوش خاصة محترفة،,وعندهم جيوش خاصه محترفه،
خطورتهم ما كانتش في قوّتهم،,خطورتهم ما كانتش في قوّتهم،
ولكن في إنهم رجال دين ومحاربين في نفس الوقت،,ولكن في انهم رجال دين ومحاربين في نفس الوقت،
ودا كان بيبقى حاجة محرجة جدًا للساموراي عشان يقتله.,ودا كان بيبقي حاجه محرجه جدًا للساموراي عشان يقتله.
"عشان كدا، قادة زي ""أودا نوبوناجا""","عشان كدا، قاده زي ""اودا نوبوناجا"""
اضطر إن هو يشنّ على السوهي حرب ويحرق معابدهم،,اضطر ان هو يشنّ علي السوهي حرب ويحرق معابدهم،
لأنهم أصبحوا قوّة مسلحة داخل الدولة.,لانهم اصبحوا قوّه مسلحه داخل الدوله.
بوصولونا للقرن الـ16، وتحديدًا، 1582،,بوصولونا للقرن ال16، وتحديدًا، 1582،
"بيتعرّض ""نوبوناجا""، الموحّد الأول لـ""اليابان""، للخيانة،","بيتعرّض ""نوبوناجا""، الموحّد الاول ل""اليابان""، للخيانه،"
ومن مين يا عزيزي؟ من واحد من قادته،,ومن مين يا عزيزي؟ من واحد من قادته،
"وبيخلّي ""نوبوناجا"" ينهي حياته بالـSeppuku!","وبيخلّي ""نوبوناجا"" ينهي حياته بال !"
بعدها، يا عزيزي، بيتولى الحُكم واحد من حلفائه،,بعدها، يا عزيزي، بيتولي الحُكم واحد من حلفايه،
"""تويوتومي هيدييوشي""،","""تويوتومي هيدييوشي""،"
ودا أنهى أغلب حروب الممالك المتحاربة،,ودا انهي اغلب حروب الممالك المتحاربه،
ويُعتبر الموحّد التاني.,ويُعتبر الموحّد التاني.
ولكن، يا عزيزي، بعد موته، بيحصل صراع على السُلطة،,ولكن، يا عزيزي، بعد موته، بيحصل صراع علي السُلطه،
"وبينتهي بوصول واحد اسمه ""توكوجاوا إيياسو""،","وبينتهي بوصول واحد اسمه ""توكوجاوا ايياسو""،"
بيوصل للحُكم سنة 1603،,بيوصل للحُكم سنه 1603،
"تخُش، يا عزيزي، ساعتها ""اليابان"" إلى مرحلة سلام واستقرار طويل،","تخُش، يا عزيزي، ساعتها ""اليابان"" الي مرحله سلام واستقرار طويل،"
بيمتد لأد إيه؟ 3 قرون،,بيمتد لاد ايه؟ 3 قرون،
"وبكدا، بيتم اعتبار ""توكوجاوا"" الموحّد الثالث لـ""اليابان"".","وبكدا، بيتم اعتبار ""توكوجاوا"" الموحّد الثالث ل""اليابان""."
عشان يِثبَت هذا السلام، الشوجونية الجديدة عملت نظام طَبَقي،,عشان يِثبَت هذا السلام، الشوجونيه الجديده عملت نظام طَبَقي،
"نظام اسمه الـ""شي نو كو شو""،","نظام اسمه ال""شي نو كو شو""،"
نظام الـ4 طبقات،,نظام ال4 طبقات،
"""شي نو كو شو""،","""شي نو كو شو""،"
"الـ""شي"" معناها طبقة المحاربين،","ال""شي"" معناها طبقه المحاربين،"
ودُول طبعًا بيبقوا الساموراي، اللي في القمة.,ودُول طبعًا بيبقوا الساموراي، اللي في القمه.
"بعديهم الـ""نو""، المزارعين.","بعديهم ال""نو""، المزارعين."
"وبعد كدا، الـ""كو""، الحرفيين.","وبعد كدا، ال""كو""، الحرفيين."
"وأخيرًا، في القاع، الـ""شو""، اللي هو التاجر،","واخيرًا، في القاع، ال""شو""، اللي هو التاجر،"
"أمثال بقى ""جيف بيزوس"" و""إيلون ماسك"" وكدا يعني!","امثال بقي ""جيف بيزوس"" و""ايلون ماسك"" وكدا يعني!"
وعشان، يا عزيزي، وقتها، الاقتصاد كان بسيط،,وعشان، يا عزيزي، وقتها، الاقتصاد كان بسيط،
العُملة الرئيسية، اللي كان الساموراي بيقبضوا بيها مُرتّباتهم,العُمله الرييسيه، اللي كان الساموراي بيقبضوا بيها مُرتّباتهم
كانت، يا عزيزي، الرُز،,كانت، يا عزيزي، الرُز،
ومكانة الساموراي الحقيقية بتتحدد بسؤال,ومكانه الساموراي الحقيقيه بتتحدد بسوال
بيجيله كام شِوال رُز في السَنة من الأراضي اللي تحت حمايته؟,بيجيله كام شِوال رُز في السَنه من الاراضي اللي تحت حمايته؟
في حسابك، فيه كام رُز؟,في حسابك، فيه كام رُز؟
الرُز، يا عزيزي، كان هو الحياة،,الرُز، يا عزيزي، كان هو الحياه،
كان هو الفلوس في نظام اقتصادي وزراعي.,كان هو الفلوس في نظام اقتصادي وزراعي.
"وبيحصل بعد كدا، يا عزيزي، ""تويست""،","وبيحصل بعد كدا، يا عزيزي، ""تويست""،"
"لمّا ""اليابان"" بتنتقل إلى نظام نقدي ونظام تجاري،","لمّا ""اليابان"" بتنتقل الي نظام نقدي ونظام تجاري،"
بتتحول، يا عزيزي، طبقة الساموراي من طبقة، زي ما شُفنا، غنيّة بشوالات الرُز،,بتتحول، يا عزيزي، طبقه الساموراي من طبقه، زي ما شُفنا، غنيّه بشوالات الرُز،
إلى طبقة عندها مكانتها عالية وجميلة وكل حاجة، والناس بتبصُلها لفوق كداهو،,الي طبقه عندها مكانتها عاليه وجميله وكل حاجه، والناس بتبصُلها لفوق كداهو،
ولكن مش معاها فلوس!,ولكن مش معاها فلوس!
لأن السلع والخدمات أصبحت بتتباع بفلوس،,لان السلع والخدمات اصبحت بتتباع بفلوس،
ومع الوقت، بقت تغلَى،,ومع الوقت، بقت تغلَي،
ولكن مرتّب الساموراي، الرُز، ثابت،,ولكن مرتّب الساموراي، الرُز، ثابت،
وعشان يحولوا الرُز لفلوس، كانوا بيعملوا إيه؟,وعشان يحولوا الرُز لفلوس، كانوا بيعملوا ايه؟
بيروحوا للتجار، أقل ناس في الطبقة،,بيروحوا للتجار، اقل ناس في الطبقه،
والتجار كانوا بيتحكّموا في السعر براحتهم.,والتجار كانوا بيتحكّموا في السعر براحتهم.
"فترة، يا عزيزي، الاستقرار دي اتعرفت باسم ""فترة (إيدو)""، فترة خمول،","فتره، يا عزيزي، الاستقرار دي اتعرفت باسم ""فتره ايدو ""، فتره خمول،"
دلوقتي، لم يعُد هناك حروب،,دلوقتي، لم يعُد هناك حروب،
فبالتالي، الساموراي هيشتغل إيه؟,فبالتالي، الساموراي هيشتغل ايه؟
وهنا، بيتحول الساموراي تدريجيًا من محاربين,وهنا، بيتحول الساموراي تدريجيًا من محاربين
إلى موظفين بيروقراطيين ومدرّسين وإداريين،,الي موظفين بيروقراطيين ومدرّسين واداريين،
ومع الوقت، بيتدهور بيهم الحال، وبيشتغلوا في وظايف أبسط،,ومع الوقت، بيتدهور بيهم الحال، وبيشتغلوا في وظايف ابسط،
"""ما انت ساموراي ومحارب جامد أد الدنيا،","""ما انت ساموراي ومحارب جامد اد الدنيا،"
احنا خلاص، ما عُدناش بنحارب،,احنا خلاص، ما عُدناش بنحارب،
يلّا بقى، تعالى شوفلك position هنا،,يلّا بقي، تعالي شوفلك هنا،
تعالى، اعمل profile على (لينكدإن)، اتصرّف!,تعالي، اعمل علي لينكدان ، اتصرّف!
"اخلق معنى لوجودك!""","اخلق معني لوجودك!"""
كُنا بنشوف، يا عزيزي، ناس من الساموراي,كُنا بنشوف، يا عزيزي، ناس من الساموراي
بيرهنوا سيوفهم، عشان يقدروا يوفروا فلوس،,بيرهنوا سيوفهم، عشان يقدروا يوفروا فلوس،
السيف اللي كان بيقطّر دم، بقى مجرد زينة،,السيف اللي كان بيقطّر دم، بقي مجرد زينه،
والبنادق اللي كانوا بيستخدموها اتمنعت، واستخدامها شَحّ،,والبنادق اللي كانوا بيستخدموها اتمنعت، واستخدامها شَحّ،
عشان الحكومة كانت خايفة إن البنادق دي تُستخدَم في أي تمرد،,عشان الحكومه كانت خايفه ان البنادق دي تُستخدَم في اي تمرد،
ومع الوقت، يا عزيزي، مهارتهم القتالية بقت زي سيوفهم،,ومع الوقت، يا عزيزي، مهارتهم القتاليه بقت زي سيوفهم،
بدأت تصدّي!,بدات تصدّي!
وابتدا الساموراي اللي عنده مهارة، يحوّلها إلى مهارة استعراضية، يكسب منها،,وابتدا الساموراي اللي عنده مهاره، يحوّلها الي مهاره استعراضيه، يكسب منها،
"""فُلكلور"" كدا، نجيبه في المناسبات والاحتفالات!","""فُلكلور"" كدا، نجيبه في المناسبات والاحتفالات!"
زي الراجل اللي بيرقص بالتنّورة كدا!,زي الراجل اللي بيرقص بالتنّوره كدا!
"بتوصل، يا عزيزي، الصدمة الحضارية لـ""اليابان"" سنة 1854،","بتوصل، يا عزيزي، الصدمه الحضاريه ل""اليابان"" سنه 1854،"
"لمّا بيوصل إلى سواحل ""اليابان"" الأسطول الأمريكي بقيادة ""ماثيو بيري""،","لمّا بيوصل الي سواحل ""اليابان"" الاسطول الامريكي بقياده ""ماثيو بيري""،"
سُفُن ضخمة، كبيرة، بمَدافع حديثة،,سُفُن ضخمه، كبيره، بمَدافع حديثه،
"""سلام عليكم! احنا بنجبركم تفتحوا موانيكم للتجارة مع العالم.","""سلام عليكم! احنا بنجبركم تفتحوا موانيكم للتجاره مع العالم."
"مش عايزين نتاجر، بقولّك: بنجبركم.""","مش عايزين نتاجر، بقولّك: بنجبركم."""
هنا، يا عزيزي، اليابانيين بيكتشفوا فجأة إنهم متأخرين قرون عن العالم،,هنا، يا عزيزي، اليابانيين بيكتشفوا فجاه انهم متاخرين قرون عن العالم،
وإن روح الساموراي والسيوف والسهام والشرف...,وان روح الساموراي والسيوف والسهام والشرف
مش هيكمّل،,مش هيكمّل،
خصوصًا، قُصاد السُفُن والمَدافع الغربية الحديدية!,خصوصًا، قُصاد السُفُن والمَدافع الغربيه الحديديه!
وهنا، يا عزيزي، بيحصل انقلاب في التفكير وفي السُلطة،,وهنا، يا عزيزي، بيحصل انقلاب في التفكير وفي السُلطه،
"الإمبراطور بيقرر إنه يستعيد سُطلته من الـ""شوجن""،","الامبراطور بيقرر انه يستعيد سُطلته من ال""شوجن""،"
"وبيعمل حركة تحديث كاملة، معروفة باسم ""إصلاح (ميجي)""،","وبيعمل حركه تحديث كامله، معروفه باسم ""اصلاح ميجي ""،"
والهدف منها كان بناء دولة حديثة وجيش نظامي،,والهدف منها كان بناء دوله حديثه وجيش نظامي،
"يعمل أسلحة متطورة، زي جيوش بتاعة ""أوروبا"" كدا.","يعمل اسلحه متطوره، زي جيوش بتاعه ""اوروبا"" كدا."
وعشان، يا عزيزي، الدولة الحديثة دي تقوم، كان لازم النظام القديم يتهَدّ،,وعشان، يا عزيزي، الدوله الحديثه دي تقوم، كان لازم النظام القديم يتهَدّ،
ولازم طبقة الساموراي، اللي احنا فرحانين بيها دي، تختفي تمامًا.,ولازم طبقه الساموراي، اللي احنا فرحانين بيها دي، تختفي تمامًا.
الحكومة الجديدة بتلغي كُل امتيازاتهم،,الحكومه الجديده بتلغي كُل امتيازاتهم،
وبتلغي كمان نظام الطبقات الـ4،,وبتلغي كمان نظام الطبقات ال4،
وبتمنعهم من إن هُما يشيلوا سيوف في الشارع،,وبتمنعهم من ان هُما يشيلوا سيوف في الشارع،
اللي كانت رمز عزّتهم وفخرهم.,اللي كانت رمز عزّتهم وفخرهم.
وقتها، يا عزيزي، الساموراي بيحسوا بالخيانة والإهانة،,وقتها، يا عزيزي، الساموراي بيحسوا بالخيانه والاهانه،
"""يعني احنا طبقتنا اللي كانت بتحمي البلد دي لمدة قرون،","""يعني احنا طبقتنا اللي كانت بتحمي البلد دي لمده قرون،"
"دلوقتي، بترمونا، عشان تقلّدوا الغرب؟!""","دلوقتي، بترمونا، عشان تقلّدوا الغرب """
فبطبيعة الحال، بدأت تحصل تمردات مسلحة،,فبطبيعه الحال، بدات تحصل تمردات مسلحه،
"كان أشهرها تمرد اسمه ""تمرد (ساتسوما)""، تمرد حصل سنة 1877،","كان اشهرها تمرد اسمه ""تمرد ساتسوما ""، تمرد حصل سنه 1877،"
"ودا اللي ألهم الفيلم الشهير، ""الساموراي الأخير"" لـ""توم كروز""،","ودا اللي الهم الفيلم الشهير، ""الساموراي الاخير"" ل""توم كروز""،"
الساموراي حاولوا إن هُما يقفوا,الساموراي حاولوا ان هُما يقفوا
قُدّام الجيش الإمبراطوري المسلح بالمَدافع والأسلحة الحديثة،,قُدّام الجيش الامبراطوري المسلح بالمَدافع والاسلحه الحديثه،
ولكن النتيجة كانت محسومة ومأساوية،,ولكن النتيجه كانت محسومه وماساويه،
الإمبراطور انتصر عليهم عسكريًا بالحرب،,الامبراطور انتصر عليهم عسكريًا بالحرب،
واجتماعيًا بالقوانين الجديدة،,واجتماعيًا بالقوانين الجديده،
وبكدا، بينتهي عصر الساموراي رسميًا،,وبكدا، بينتهي عصر الساموراي رسميًا،
وبتختفي طبقتهم للأبد كقوّة عسكرية وسياسية.,وبتختفي طبقتهم للابد كقوّه عسكريه وسياسيه.
بس الساموراي، يا عزيزي، برضه ما انتهوش.,بس الساموراي، يا عزيزي، برضه ما انتهوش.
المفارقة إن الحكومة اللي قتلت الساموراي كطبقة،,المفارقه ان الحكومه اللي قتلت الساموراي كطبقه،
هُما هُما اللي حاولوا يصحّوهم كعقيدة،,هُما هُما اللي حاولوا يصحّوهم كعقيده،
وحاولوا يستحضروا روحهم تاني، لمّا احتاجوهم امتى؟,وحاولوا يستحضروا روحهم تاني، لمّا احتاجوهم امتي؟
وقت الحرب العالمية التانية.,وقت الحرب العالميه التانيه.
قادة الجيش الياباني وقتها عملوا غسيل مُخ جماعي للجنود،,قاده الجيش الياباني وقتها عملوا غسيل مُخ جماعي للجنود،
"باستخدام ""كود البوشيدو""،","باستخدام ""كود البوشيدو""،"
أقنعوا الجندي البسيط اللي أصله فلّاح إنه وريث الساموراي العظيم،,اقنعوا الجندي البسيط اللي اصله فلّاح انه وريث الساموراي العظيم،
وإن شرفه الوحيد هو الموت عشان الإمبراطور،,وان شرفه الوحيد هو الموت عشان الامبراطور،
"وقتها، رجعنا تاني نشوف الظُبّاط شايلين سيوف ""كاتانا""،","وقتها، رجعنا تاني نشوف الظُبّاط شايلين سيوف ""كاتانا""،"
حتى لو معمولة في المصانع وجودتها أضعف،,حتي لو معموله في المصانع وجودتها اضعف،
بس الرمزية كانت أهم من الجودة.,بس الرمزيه كانت اهم من الجوده.
"والتقديس الأقصى للـ""كود"" دا كان في الـ""كاميكازي"".","والتقديس الاقصي لل""كود"" دا كان في ال""كاميكازي""."
فاكر، يا عزيزي، اسم الرياح المقدسة اللي دمرت المغول زمان؟,فاكر، يا عزيزي، اسم الرياح المقدسه اللي دمرت المغول زمان؟
أهو جيش اليابان بيقرر إن هو يدّي الاسم دا للطيارين الشباب،,اهو جيش اليابان بيقرر ان هو يدّي الاسم دا للطيارين الشباب،
اللي بيركبوا طيارات مليانة متفجرات،,اللي بيركبوا طيارات مليانه متفجرات،
بيبقى معاهم، يا عزيزي، بنزين يكفّي رحلة الذهاب بس،,بيبقي معاهم، يا عزيزي، بنزين يكفّي رحله الذهاب بس،
"ما فيش عودة، No return, one-way ticket!","ما فيش عوده، , - !"
وبكدا، يا عزيزي، بيبقى عندك رياح بشرية مدمرة من الانفجارات،,وبكدا، يا عزيزي، بيبقي عندك رياح بشريه مدمره من الانفجارات،
بتخُش وبتدمر سُفُن الحلفاء،,بتخُش وبتدمر سُفُن الحلفاء،
كانوا بيعملوا زي الـSeppuku، بس بالطيارات،,كانوا بيعملوا زي ال ، بس بالطيارات،
"""هقتل نفسي، بس المرادي، مش هقتل نفسي بس،","""هقتل نفسي، بس المرادي، مش هقتل نفسي بس،"
"هقتل معايا كذا حد من جنود العدو.""","هقتل معايا كذا حد من جنود العدو."""
استدعاء روح الساموراي في الوقت دا,استدعاء روح الساموراي في الوقت دا
خلّى الجيش الياباني خِصم عنيد ومخيف،,خلّي الجيش الياباني خِصم عنيد ومخيف،
جيش ما بيعرفش كلمة الاستسلام،,جيش ما بيعرفش كلمه الاستسلام،
لأن الساموراي يفضّل الموت، ولا إنه يتأسر عند العدو،,لان الساموراي يفضّل الموت، ولا انه يتاسر عند العدو،
"ودا اللي خلّى معارك ""المحيط الهادي"" الشهيرة في الحرب العالمية التانية دموية بشكل مرعب!","ودا اللي خلّي معارك ""المحيط الهادي"" الشهيره في الحرب العالميه التانيه دمويه بشكل مرعب!"
"بعد نهاية الحرب العالمية التانية، ""اليابان"" كانت متدمرة تمامًا،","بعد نهايه الحرب العالميه التانيه، ""اليابان"" كانت متدمره تمامًا،"
"فبدأوا يسألوا نَفسهُم: ""هنبدأ منين بعد هذا الدمار؟!""","فبداوا يسالوا نَفسهُم: ""هنبدا منين بعد هذا الدمار """
"""اليابان"" بتقرر لتاني مرة إنها تستدعي قِيَم الساموراي،","""اليابان"" بتقرر لتاني مره انها تستدعي قِيَم الساموراي،"
بس المرادي، قيم للحِيَاة والتقدُّم، مش للحرب والموت،,بس المرادي، قيم للحِيَاه والتقدُّم، مش للحرب والموت،
"""اليابان"" الحديثة قامت ونهضت من تحت الرماد على أكتاف أحفاد الساموراي،","""اليابان"" الحديثه قامت ونهضت من تحت الرماد علي اكتاف احفاد الساموراي،"
"قِيَم الـ""بوشيدو"" ما ماتتش،","قِيَم ال""بوشيدو"" ما ماتتش،"
ولكن اتحولت وخدِت شكل جديد،,ولكن اتحولت وخدِت شكل جديد،
الولاء للسيد الإقطاعي تحوّل إلى ولاء للشركة والوطن،,الولاء للسيد الاقطاعي تحوّل الي ولاء للشركه والوطن،
التفاني في القتال تحوّل إلى تفاني في العمل وإتقان الصناعة،,التفاني في القتال تحوّل الي تفاني في العمل واتقان الصناعه،
الشرف والسُمعة اللي كانت أهم من الحياة,الشرف والسُمعه اللي كانت اهم من الحياه
لسة هي المحرّك للاقتصاد الياباني.,لسه هي المحرّك للاقتصاد الياباني.
"ولمّا العالم شاف نهضة ""اليابان"" الغريبة،","ولمّا العالم شاف نهضه ""اليابان"" الغريبه،"
والتحول الكبير في مجتمعهم، وقعوا، يا عزيزي، في غرام أسطورتهم،,والتحول الكبير في مجتمعهم، وقعوا، يا عزيزي، في غرام اسطورتهم،
"أفلام ""كوروساوا"" و""كوباياشي"" بدأت تنشر سينما الساموراي في كل حتة،","افلام ""كوروساوا"" و""كوباياشي"" بدات تنشر سينما الساموراي في كل حته،"
"ومش بس الأفلام، كمان الـ""أنمي"" والـ""مانجا"" والـvideo games،","ومش بس الافلام، كمان ال""انمي"" وال""مانجا"" وال ،"
كل دي حاجات رسّخت صورة الساموراي كفارس نبيل،,كل دي حاجات رسّخت صوره الساموراي كفارس نبيل،
"وألهمت السينما في ""هوليوود"" والعالم إن هُما يتكلموا عنهم أكتر،","والهمت السينما في ""هوليوود"" والعالم ان هُما يتكلموا عنهم اكتر،"
ويبنوا نفس الصورة الجميلة عنهم.,ويبنوا نفس الصوره الجميله عنهم.
حتى عندنا ما بقيتش غريبة، لو حد استخدم الكلمة،,حتي عندنا ما بقيتش غريبه، لو حد استخدم الكلمه،
عشان يرمز لشخص نبيل، مش بيخاف،,عشان يرمز لشخص نبيل، مش بيخاف،
"زي ما ""كايروكي"" قالوا كدا: ""بس أنا مش خايف، أنا ساموراي.""","زي ما ""كايروكي"" قالوا كدا: ""بس انا مش خايف، انا ساموراي."""
في النهاية، يا عزيزي، السيوف اتكسرت،,في النهايه، يا عزيزي، السيوف اتكسرت،
والدروع بقت تُحف في المتاحف،,والدروع بقت تُحف في المتاحف،
لكن الروح فضلت عايشة ومحفورة في وجدان الشعب الياباني،,لكن الروح فضلت عايشه ومحفوره في وجدان الشعب الياباني،
قِيَم الساموراي لسة عايشة في كُل لاعب جودو أو كاراتيه،,قِيَم الساموراي لسه عايشه في كُل لاعب جودو او كاراتيه،
بيحترم خِصمه، وبيتدرّب بجدية،,بيحترم خِصمه، وبيتدرّب بجديه،
"وموجودة في كل ""أنمي"" وقصة ""مانجا"" بتعلّمنا معنى الصداقة والتضحية،","وموجوده في كل ""انمي"" وقصه ""مانجا"" بتعلّمنا معني الصداقه والتضحيه،"
وفي العائلات اليابانية لسة محتفظة بسيوف أجدادها،,وفي العايلات اليابانيه لسه محتفظه بسيوف اجدادها،
وبيعتبروه كنز لا يُقدّر بثمن.,وبيعتبروه كنز لا يُقدّر بثمن.
الساموراي علّمونا درس مهم جدًا،,الساموراي علّمونا درس مهم جدًا،
القوة مش بس في العضلات أو في السلاح المتطور،,القوه مش بس في العضلات او في السلاح المتطور،
القوة الحقيقية في السيطرة على النفس،,القوه الحقيقيه في السيطره علي النفس،
وفي المعنى اللي بتعيش عشانه،,وفي المعني اللي بتعيش عشانه،
وإن الحياة زي زهرة الكرز،,وان الحياه زي زهره الكرز،
قصيرة وممكن تنتهي في أي لحظة،,قصيره وممكن تنتهي في اي لحظه،
فمش المهم إن انت تعيش كتير،,فمش المهم ان انت تعيش كتير،
ولكن المهم إن انت تعيش بشَرَف، وتسيب أثر يفضل عايش بعدك.,ولكن المهم ان انت تعيش بشَرَف، وتسيب اثر يفضل عايش بعدك.
بس كدا، يا عزيزي. أخيرًا، وليس أخرًا،,بس كدا، يا عزيزي. اخيرًا، وليس اخرًا،
ما تنساش تشوف الحلقات اللي فاتت، تشوف الحلقات الجاية،,ما تنساش تشوف الحلقات اللي فاتت، تشوف الحلقات الجايه،
"تنزل تبص على المصادر، ولو احنا على الـ""يوتيوب""، نشترك على القناة.","تنزل تبص علي المصادر، ولو احنا علي ال""يوتيوب""، نشترك علي القناه."
ممكن تقوليلي أنا عملت إيه طيب؟,ممكن تقوليلي انا عملت ايه طيب؟
بعينك!,بعينك!
انت فاكر إن أنا هأقولّك بالسهولة دي؟,انت فاكر ان انا هاقولّك بالسهوله دي؟
خلاص، خلاص، خلّينا بُكرة، لمّا يـ...,خلاص، خلاص، خلّينا بُكره، لمّا ي
"شوف بقى يا سي ""سيد""...","شوف بقي يا سي ""سيد"""
خلّيها بعدين فعلًا، أنا مصدّع!,خلّيها بعدين فعلًا، انا مصدّع!
أنا عايز صرح.,انا عايز صرح.
- عايزة إيه يا فندم؟! - صرح كبير،,- عايزه ايه يا فندم - صرح كبير،
يبنيهولي جوزي، ويزوره ملايين الناس لمّا أموت،,يبنيهولي جوزي، ويزوره ملايين الناس لمّا اموت،
"زي ""تاج محل"" كدا.","زي ""تاج محل"" كدا."
دا جوزك بقى، احنا لسة على البر.,دا جوزك بقي، احنا لسه علي البر.
"- يعني مش هتبنيلي صرح؟ - صرح إيه يا ""أمل""؟!","- يعني مش هتبنيلي صرح؟ - صرح ايه يا ""امل"""
دا احنا هنستلم شقتنا نُص تشطيب.,دا احنا هنستلم شقتنا نُص تشطيب.
إيه دا؟! هو احنا هنسكن في شقة؟!,ايه دا هو احنا هنسكن في شقه
آه.,اه.
"- خُدي يا ""أمل"". - إيه دا؟!","- خُدي يا ""امل"". - ايه دا"
انتي لمّا بتجوعي، بتبقي عايزة تبني أصرحة وأضرحة،,انتي لمّا بتجوعي، بتبقي عايزه تبني اصرحه واضرحه،
وحاجات بمصاريف خيالية.,وحاجات بمصاريف خياليه.
إيه دا؟! أنا فين؟!,ايه دا انا فين
عارفة بقى أنا نفسي في إيه؟,عارفه بقي انا نفسي في ايه؟
- إيه؟! - هرم.,- ايه - هرم.
نبني هرم كبير أوي، لمّا أموت.,نبني هرم كبير اوي، لمّا اموت.
هرم إيه؟ 3.,هرم ايه؟ 3.
خُد.,خُد.
صيوان 3 أيام.,صيوان 3 ايام.
خُد تاني.,خُد تاني.
صيوان يوم واحد.,صيوان يوم واحد.
خُد، خُد، خُد، خُد.,خُد، خُد، خُد، خُد.
مش لازم صيوان،,مش لازم صيوان،
"صورة نعي على ""فيسبوك""، يوم واحد.","صوره نعي علي ""فيسبوك""، يوم واحد."
مد إيدك، ما تتكسفش.,مد ايدك، ما تتكسفش.
ممكن نعي من غير صورة.,ممكن نعي من غير صوره.
خُد اللي هي برتقالي دي.,خُد اللي هي برتقالي دي.
هأحاول ما أموتش، حاضر.,هاحاول ما اموتش، حاضر.
أعزائي المشاهدين، السلام عليكم ورحمة الله وبركاته،,اعزايي المشاهدين، السلام عليكم ورحمه الله وبركاته،
"أهلًا بكم في حلقة جديدة، من برنامج ""الدحّيح""!","اهلًا بكم في حلقه جديده، من برنامج ""الدحّيح""!"
في ليلة 17 يونيو سنة 1631،,في ليله 17 يونيو سنه 1631،
"بنلاقي السلطان المغولي ""شاه جهان""","بنلاقي السلطان المغولي ""شاه جهان"""
"قاعد جوا قصره في العاصمة ""أجرا"" في ""الهند""،","قاعد جوا قصره في العاصمه ""اجرا"" في ""الهند""،"
والراجل مستني إن دي تبقى ليلة سعيدة في حياته،,والراجل مستني ان دي تبقي ليله سعيده في حياته،
ليه؟ مراته بتولد ابنه الـ14.,ليه؟ مراته بتولد ابنه ال14.
الخبر الحلو، إن الـBaby بييجي بالسلامة،,الخبر الحلو، ان ال بييجي بالسلامه،
"ولكن الخبر الوحش، الأم ""ممتاز محل"" بتتعب وبتتوفى بسبب مضاعفات الولادة.","ولكن الخبر الوحش، الام ""ممتاز محل"" بتتعب وبتتوفي بسبب مضاعفات الولاده."
"""شاه جهان"" بيتلقى الخبر بحزن وبصدمة،","""شاه جهان"" بيتلقي الخبر بحزن وبصدمه،"
وبيبكي بكاء شديد،,وبيبكي بكاء شديد،
وبعدها، بيعزل نفسه لشهور.,وبعدها، بيعزل نفسه لشهور.
"""ياه يا (أبو حميد)! للدرجادي الست دي كانت كويسة؟!""","""ياه يا ابو حميد ! للدرجادي الست دي كانت كويسه """
يا عزيزي، دا عمل كدا وأكتر.,يا عزيزي، دا عمل كدا واكتر.
"صحيح ""شاه جهان"" كان متجوز 3،","صحيح ""شاه جهان"" كان متجوز 3،"
"وMadam ""ممتاز"" كانت نمرة 2 فيهم،","و ""ممتاز"" كانت نمره 2 فيهم،"
ولكنها كانت حُبه الحقيقي.,ولكنها كانت حُبه الحقيقي.
"من حُبه فيها، غيّرلها اسمها الأصلي ""أرجمان مانو""،","من حُبه فيها، غيّرلها اسمها الاصلي ""ارجمان مانو""،"
"لـ""ممتاز محل""، واللي معناه ""جوهرة القصر""،","ل""ممتاز محل""، واللي معناه ""جوهره القصر""،"
لأنها، يا عزيزي، كانت جوهرة حياته كلها.,لانها، يا عزيزي، كانت جوهره حياته كلها.
"قصة حُب ""شاه جهان"" لمراته ""ممتاز محل""","قصه حُب ""شاه جهان"" لمراته ""ممتاز محل"""
سهل جدًا نعتبرها من أهم قصص الحُب في التاريخ.,سهل جدًا نعتبرها من اهم قصص الحُب في التاريخ.
"""ازاي يا (أبو حميد)؟!","""ازاي يا ابو حميد"
راحوا فين (روميو) و(جولييت)؟!,راحوا فين روميو و جولييت
"(قيس) و(ليلى)؟ (عمر) و(سلمى)؟""","قيس و ليلي ؟ عمر و سلمي ؟"""
"يا عزيزي، ""روميو"" و""جولييت"" و""عمر"" و""سلمى""","يا عزيزي، ""روميو"" و""جولييت"" و""عمر"" و""سلمي"""
"شخصيات خيالية كتبها ""شكسبير"" والحاج ""أحمد السُبكي""،","شخصيات خياليه كتبها ""شكسبير"" والحاج ""احمد السُبكي""،"
"وبالمناسبة، ""قيس"" ما اتجوزش ""ليلى""،","وبالمناسبه، ""قيس"" ما اتجوزش ""ليلي""،"
فضلوا متعلقين في علاقتهم دي للأبد!,فضلوا متعلقين في علاقتهم دي للابد!
"ولكن قصة ""شاه جهان"" ومراته","ولكن قصه ""شاه جهان"" ومراته"
مش بس قصة عظيمة لأنها حقيقية،,مش بس قصه عظيمه لانها حقيقيه،
أو لأنها انتهت بجوزاة سعيدة،,او لانها انتهت بجوزاه سعيده،
بل وجوازة سعيدة كمّلت لحد ما جيبنا أول مولود،,بل وجوازه سعيده كمّلت لحد ما جيبنا اول مولود،
دا إنجاز!,دا انجاز!
إنما اللي بيخلّي القصة دي عظيمة,انما اللي بيخلّي القصه دي عظيمه
"هو قرار ""شاه جهان"" إن هو يخلد قصة حُبه،","هو قرار ""شاه جهان"" ان هو يخلد قصه حُبه،"
حتى بعد ما حبيبته ماتت،,حتي بعد ما حبيبته ماتت،
هيعملّها إيه؟ هيبنيلها أعظم صرح في تاريخ إمبراطوريته،,هيعملّها ايه؟ هيبنيلها اعظم صرح في تاريخ امبراطوريته،
عشان ذكراها تفضل عايشة للأبد،,عشان ذكراها تفضل عايشه للابد،
صرح هيتصنف لحد النهاردة إنه من عجايب الدنيا السبعة الحديثة،,صرح هيتصنف لحد النهارده انه من عجايب الدنيا السبعه الحديثه،
وكل سنة، هيزوره 7 مليون إنسان،,وكل سنه، هيزوره 7 مليون انسان،
عشان يشوفوا ويبصوا على جماله وروعته،,عشان يشوفوا ويبصوا علي جماله وروعته،
"صرح، يا عزيزي، اسمه ""تاج محل"".","صرح، يا عزيزي، اسمه ""تاج محل""."
ربما، يا عزيزي، أول حاجة محتاجين نسألها هنا,ربما، يا عزيزي، اول حاجه محتاجين نسالها هنا
هي اشمعنى العمارة؟,هي اشمعني العماره؟
ليه السلطان يقرر يخلد ذكرى حبيبته بإنه يبنيلها صرح؟,ليه السلطان يقرر يخلد ذكري حبيبته بانه يبنيلها صرح؟
"هو الـ""كولدير"" راح فين؟!","هو ال""كولدير"" راح فين"
دا سؤال، عشان نجاوبه، محتاجين نرجع لثقافة البلد،,دا سوال، عشان نجاوبه، محتاجين نرجع لثقافه البلد،
"ثقافة البلد اللي اتبنى فيها ""تاج محل"".","ثقافه البلد اللي اتبني فيها ""تاج محل""."
يمكن ناس كتيرة ما تعرفش إن واحدة من أكبر وأقوى الدول المسلمة تاريخيًا,يمكن ناس كتيره ما تعرفش ان واحده من اكبر واقوي الدول المسلمه تاريخيًا
"كانت، بالمناسبة، موجودة في ""الهند""،","كانت، بالمناسبه، موجوده في ""الهند""،"
وكان اسمها الإمبراطورية المغولية، أو The Mughals.,وكان اسمها الامبراطوريه المغوليه، او .
دي إمبراطورية اتأسست سنة 1526،,دي امبراطوريه اتاسست سنه 1526،
"على إيد السلطان ""ظهير الدين محمد بابر""،","علي ايد السلطان ""ظهير الدين محمد بابر""،"
"دا راجل من نسل ""تيمورلنك"" و""جنكيز خان""،","دا راجل من نسل ""تيمورلنك"" و""جنكيز خان""،"
الراجل دا عمل إمبراطورية استمرت لقرون،,الراجل دا عمل امبراطوريه استمرت لقرون،
وكانت مساحتها شاسعة،,وكانت مساحتها شاسعه،
"من ""الهند"" لـ""باكستان"" لـ""بنجلاديش"" و""أفغانستان""،","من ""الهند"" ل""باكستان"" ل""بنجلاديش"" و""افغانستان""،"
دولة، يا عزيزي، عدد رعاياها وصل لمئات الملايين.,دوله، يا عزيزي، عدد رعاياها وصل لميات الملايين.
لو بتحب المسلسلات الهندي، يا عزيزي،,لو بتحب المسلسلات الهندي، يا عزيزي،
"أكيد عدّى عليك مسلسل ""جودا أكبر""،","اكيد عدّي عليك مسلسل ""جودا اكبر""،"
"أهو دا تالت سلاطين المغول في ""الهند""،","اهو دا تالت سلاطين المغول في ""الهند""،"
"اسمه كان ""جلال الدين أكبر""،","اسمه كان ""جلال الدين اكبر""،"
هتلاقي المسلسل بيبالغ في بطولاته،,هتلاقي المسلسل بيبالغ في بطولاته،
ولكن بالرغم من هذه المبالغة،,ولكن بالرغم من هذه المبالغه،
إلا إنه في الحقيقة كان بطل فعلًا،,الا انه في الحقيقه كان بطل فعلًا،
دا، يا عزيزي، يوم ما تولى الحُكم، كان عنده 13 سنة، كان Teenager،,دا، يا عزيزي، يوم ما تولي الحُكم، كان عنده 13 سنه، كان ،
"وفي عهده، توسعت الإمبراطورية وسيطرت على ""الهند"" بالكامل.","وفي عهده، توسعت الامبراطوريه وسيطرت علي ""الهند"" بالكامل."
"""(أبو حميد)، بعد إذنك يا (أبو حميد)، انت مشكلتك إن انت بتسرح،",""" ابو حميد ، بعد اذنك يا ابو حميد ، انت مشكلتك ان انت بتسرح،"
إيه علاقة دا بالعمارة؟!,ايه علاقه دا بالعماره
"مش هنقعد نتكلم في مسلسلات هندي!""","مش هنقعد نتكلم في مسلسلات هندي!"""
يا عزيزي، أنا بأكلمك هنا على إمبراطورية مساحتها مهولة،,يا عزيزي، انا باكلمك هنا علي امبراطوريه مساحتها مهوله،
وكمان، في شبه القارة الهندية،,وكمان، في شبه القاره الهنديه،
يعني مئات الأديان والأعراق،,يعني ميات الاديان والاعراق،
سلاطين مسلمين بيحكُموا أغلبية مش مسلمة أصلًا،,سلاطين مسلمين بيحكُموا اغلبيه مش مسلمه اصلًا،
عشان كدا، هيعتبروا إن سياسة الحُكم المثالية,عشان كدا، هيعتبروا ان سياسه الحُكم المثاليه
لازم تبقى Mix كدا بين التسامح الديني والعدل،,لازم تبقي كدا بين التسامح الديني والعدل،
"يعني، المبدأ الإسلامي ""لا إكراه في الدين"".","يعني، المبدا الاسلامي ""لا اكراه في الدين""."
وكمان، لأنه يعني هناك تخيل,وكمان، لانه يعني هناك تخيل
أن الحرية الدينية سوف تصبح مفتاح للاستقرار،,ان الحريه الدينيه سوف تصبح مفتاح للاستقرار،
وعسى إن دا يقلل الصراعات الداخلية بين هذه الشعوب.,وعسي ان دا يقلل الصراعات الداخليه بين هذه الشعوب.
وكعادة التاريخ، يا عزيزي، زي ما أنا وانت عارفين،,وكعاده التاريخ، يا عزيزي، زي ما انا وانت عارفين،
أي مكان بيطبق هذه الوصفة السحرية،,اي مكان بيطبق هذه الوصفه السحريه،
شوية تسامح على برطمان عدل على شوية رخاء اقتصادي،,شويه تسامح علي برطمان عدل علي شويه رخاء اقتصادي،
تلاقي فجأة كدا الفنون ازدهرت،,تلاقي فجاه كدا الفنون ازدهرت،
أي جماعة من البشر بيحسوا بالأمان،,اي جماعه من البشر بيحسوا بالامان،
بيقرروا يقدّموا أجمل ما عندهم من علوم وفنون،,بيقرروا يقدّموا اجمل ما عندهم من علوم وفنون،
فتلاقي مثلًا، اشتهر عندهم فنون زي المنمنمات، عملنا عنها حلقة.,فتلاقي مثلًا، اشتهر عندهم فنون زي المنمنمات، عملنا عنها حلقه.
"ولكن أهم فن ازدهر تحت حُكم المغول في ""الهند""","ولكن اهم فن ازدهر تحت حُكم المغول في ""الهند"""
كان، بطبيعة الحال، العمارة،,كان، بطبيعه الحال، العماره،
لدرجة، يا عزيزي، إن بعض مؤرخين العمارة الإسلامية,لدرجه، يا عزيزي، ان بعض مورخين العماره الاسلاميه
كانوا بيشوفوا إن هذه الفترة هي الأجمل على الإطلاق,كانوا بيشوفوا ان هذه الفتره هي الاجمل علي الاطلاق
في تاريخ فن العمارة الإسلامي،,في تاريخ فن العماره الاسلامي،
ودا سهل جدًا نشوفه في الآثار.,ودا سهل جدًا نشوفه في الاثار.
لو بصيت، هتلاقي تقريبًا حُكم المغول,لو بصيت، هتلاقي تقريبًا حُكم المغول
"سايب أثر معماري بديع في كل مدينة كبيرة في ""الهند""،","سايب اثر معماري بديع في كل مدينه كبيره في ""الهند""،"
"عندك مثلًا، قلعة ""دلهي"" الحمراء،","عندك مثلًا، قلعه ""دلهي"" الحمراء،"
دا، يا عزيزي، عبارة عن قصر إمبراطوري كامل،,دا، يا عزيزي، عباره عن قصر امبراطوري كامل،
من برة، شكلها حصن حربي،,من بره، شكلها حصن حربي،
جدرانها الخارجية صلبة من الحَجَر الرملي الأحمر،,جدرانها الخارجيه صلبه من الحَجَر الرملي الاحمر،
"عشان كدا، متسمية بـ""الحصن الأحمر"".","عشان كدا، متسميه ب""الحصن الاحمر""."
لكن تيجي بقى، يا عزيزي، تخش من جوا،,لكن تيجي بقي، يا عزيزي، تخش من جوا،
تلاقي إيه دا؟! جنّة!,تلاقي ايه دا جنّه!
معمولة برخام أبيض ونقوش،,معموله برخام ابيض ونقوش،
ونوافير ميّه ماشية في الأرض.,ونوافير ميّه ماشيه في الارض.
"عندك برضه، مسجد ""بادشاهي""،","عندك برضه، مسجد ""بادشاهي""،"
"اللي اتبنى سنة 1671 في مدينة ""لاهور""،","اللي اتبني سنه 1671 في مدينه ""لاهور""،"
دا واحد من أكبر مساجد العالم الإسلامي،,دا واحد من اكبر مساجد العالم الاسلامي،
ساحته الخارجية بتتسع لحوالي 50 ألف مصلّي، دا استاد!,ساحته الخارجيه بتتسع لحوالي 50 الف مصلّي، دا استاد!
لون الرخام الأبيض في القبب التلاتة مع لون الحَجَر الرملي الأحمر,لون الرخام الابيض في القبب التلاته مع لون الحَجَر الرملي الاحمر
والمآذن العملاقة اللي طولها بيوصل لحوالي 50 متر،,والماذن العملاقه اللي طولها بيوصل لحوالي 50 متر،
كل دا، يا عزيزي، عامل تركيبة مريحة للعين،,كل دا، يا عزيزي، عامل تركيبه مريحه للعين،
وكل دا كوم، والزخرفة اللي موجودة جوا المسجد كوم تاني،,وكل دا كوم، والزخرفه اللي موجوده جوا المسجد كوم تاني،
حاجة كدا بتجمع ما بين التفاصيل الدقيقة والبساطة،,حاجه كدا بتجمع ما بين التفاصيل الدقيقه والبساطه،
تبص عليها، تلاقي زخارف نباتية متطعّمة بألوان بسيطة،,تبص عليها، تلاقي زخارف نباتيه متطعّمه بالوان بسيطه،
مديّة شكل جميل، من غير بهرجة، من غير تكلُّف،,مديّه شكل جميل، من غير بهرجه، من غير تكلُّف،
عشان ما أشتتش المصلّين.,عشان ما اشتتش المصلّين.
باختصار، يا عزيزي، عمارة هذا الزمن كانت ساحرة من برة ومن جوا،,باختصار، يا عزيزي، عماره هذا الزمن كانت ساحره من بره ومن جوا،
بتدّي جَمال للعين، بس من غير ما تخلّ بوظيفة المكان،,بتدّي جَمال للعين، بس من غير ما تخلّ بوظيفه المكان،
احنا في المكان دا، عشان نصلّي، عشان نركّز في العبادة،,احنا في المكان دا، عشان نصلّي، عشان نركّز في العباده،
سواء بقى دا مسجد أو حصن،,سواء بقي دا مسجد او حصن،
"عشان كدا، تقدر تفهم ليه ""شاه جهان"" اختار إنه يخلّد ذكرى حبيبته وزوجته بالعمارة.","عشان كدا، تقدر تفهم ليه ""شاه جهان"" اختار انه يخلّد ذكري حبيبته وزوجته بالعماره."
عشان، يا عزيزي، أشرحلك ليه هذا المبنى,عشان، يا عزيزي، اشرحلك ليه هذا المبني
بيتخطى كل مباني هذه الحقبة في الجمال والروعة،,بيتخطي كل مباني هذه الحقبه في الجمال والروعه،
لازم آخدك من إيدك، وأAsk You إن انت تفتح حوضك،,لازم اخدك من ايدك، وا ان انت تفتح حوضك،
عشان نعمل وثبة، قفزة، ونرجع لقصة السلطان بعد موت حبيبته.,عشان نعمل وثبه، قفزه، ونرجع لقصه السلطان بعد موت حبيبته.
"بعد 7 شهور من موت ""ممتاز محل""،","بعد 7 شهور من موت ""ممتاز محل""،"
"""شاه جهان"" بيصدر أوامره إن ""احنا، يا جماعة، هنبني مجمّع ضخم.","""شاه جهان"" بيصدر اوامره ان ""احنا، يا جماعه، هنبني مجمّع ضخم."
مش بس هيكون فيه ضريح للمرحومة،,مش بس هيكون فيه ضريح للمرحومه،
لأ، هيبقى فيه جناين وأسواق، ومجموعة خانات،,لا، هيبقي فيه جناين واسواق، ومجموعه خانات،
حاجة كدا نقدر نقول عليها استراحة،,حاجه كدا نقدر نقول عليها استراحه،
"فندق للمسافرين والتجار اللي هيعدّوا علينا.""","فندق للمسافرين والتجار اللي هيعدّوا علينا."""
وقتها، يا عزيزي، مجموعة المباني دي كانت غريبة جدًا وقتها،,وقتها، يا عزيزي، مجموعه المباني دي كانت غريبه جدًا وقتها،
والأغرب، إنها تتعمل حوالين ضريح،,والاغرب، انها تتعمل حوالين ضريح،
"ولكن ""شاه جهان"" كان شايف إن السوق والخانات والـ""بازار"" دا","ولكن ""شاه جهان"" كان شايف ان السوق والخانات وال""بازار"" دا"
هيعملوا حاجة جميلة أوي،,هيعملوا حاجه جميله اوي،
هيخلقوا حياة حوالين حبيبته،,هيخلقوا حياه حوالين حبيبته،
هتخلّي الضريح مكان مش كئيب،,هتخلّي الضريح مكان مش كييب،
وإنما مكان كله حياة وحركة،,وانما مكان كله حياه وحركه،
وبكدا، يفضل اسم مراته اللي حبها جزء من حياة الناس اليومية.,وبكدا، يفضل اسم مراته اللي حبها جزء من حياه الناس اليوميه.
"""ياه يا (أبو حميد)! إيه الحُب دا؟! يخرب بيته!","""ياه يا ابو حميد ! ايه الحُب دا يخرب بيته!"
هي دي الرومانسية المنسية! ش تقول (بيس كيك)!,هي دي الرومانسيه المنسيه! ش تقول بيس كيك !
"بدل ما تقولّها (إفّيه)، اعملّها ضريح.""","بدل ما تقولّها افّيه ، اعملّها ضريح."""
ولسة، يا عزيزي، لمّا نخش في العمارة نفسها،,ولسه، يا عزيزي، لمّا نخش في العماره نفسها،
المشروع هيُسند للمعماري بتاع البلاط،,المشروع هيُسند للمعماري بتاع البلاط،
"أستاذ ""أحمد اللاهوري"".","استاذ ""احمد اللاهوري""."
"خُد بالك، يا عزيزي، ""الأستاذية"" دي كانت لقب،","خُد بالك، يا عزيزي، ""الاستاذيه"" دي كانت لقب،"
ما حدش بياخده، إلا لو كان فنان بارع.,ما حدش بياخده، الا لو كان فنان بارع.
"وفعلًا، ""اللاهوري"" هينفّذ فكرة شعرية عبقرية،","وفعلًا، ""اللاهوري"" هينفّذ فكره شعريه عبقريه،"
"التصميم هيبقى مستوحى من وصف حدائق الجنة، اللي موجود في ""القرآن""،","التصميم هيبقي مستوحي من وصف حدايق الجنه، اللي موجود في ""القران""،"
"وعشان كدا، هيختاروا موقع مميز على نهر ""يامونا""،","وعشان كدا، هيختاروا موقع مميز علي نهر ""يامونا""،"
عشان يبقى جزء من مشهد الجنة وأنهارها.,عشان يبقي جزء من مشهد الجنه وانهارها.
"أهم حاجة هتشوفها أول ما تبص على ""تاج محل"" هي السيمترية،","اهم حاجه هتشوفها اول ما تبص علي ""تاج محل"" هي السيمتريه،"
التماثل التام، اليمين أد الشمال بالظبط،,التماثل التام، اليمين اد الشمال بالظبط،
"كل حاجة اتصممت في ""تاج محل"" بالسيمترية.","كل حاجه اتصممت في ""تاج محل"" بالسيمتريه."
"""اشمعنى يا (أبو حميد)؟!""","""اشمعني يا ابو حميد """
أسباب كتير، يا عزيزي،,اسباب كتير، يا عزيزي،
أولها إن المهندسين، زي ما قُلتلك،,اولها ان المهندسين، زي ما قُلتلك،
كانوا بيحاولوا يعملوا نسخة صغيرة من الجنة على الأرض،,كانوا بيحاولوا يعملوا نسخه صغيره من الجنه علي الارض،
ولأن الجنة كل شيء فيها مثالي،,ولان الجنه كل شيء فيها مثالي،
"كان لازم يبقى ""تاج محل"" برضه مثالي،","كان لازم يبقي ""تاج محل"" برضه مثالي،"
والسيمترية رمز للمثالية والكمال.,والسيمتريه رمز للمثاليه والكمال.
كمان، يا عزيزي، في ثقافة المغول،,كمان، يا عزيزي، في ثقافه المغول،
التماثل دا ما كانش مجرد ذوق معماري،,التماثل دا ما كانش مجرد ذوق معماري،
لأ، دا فلسفة حياة،,لا، دا فلسفه حياه،
ودا لأن كل حاجة في الكون ماشية بانسجام،,ودا لان كل حاجه في الكون ماشيه بانسجام،
من الذرّة للمجرة.,من الذرّه للمجره.
"أما بقى بالنسبة لـ""شاه جهان""،","اما بقي بالنسبه ل""شاه جهان""،"
التماثل كان إعلان سُلطة،,التماثل كان اعلان سُلطه،
السُلطان هو المركز،,السُلطان هو المركز،
وكل حاجة حواليه ماشية بانتظام.,وكل حاجه حواليه ماشيه بانتظام.
كمان، يا عزيزي، الموضوع كان له أبعاد صوفية،,كمان، يا عزيزي، الموضوع كان له ابعاد صوفيه،
التماثل بين اليمين والشمال رمز لاتحاد السما والأرض،,التماثل بين اليمين والشمال رمز لاتحاد السما والارض،
"أو الحُب اللي جمعه ""تاج محل""،","او الحُب اللي جمعه ""تاج محل""،"
حُب بيكمّل بعضه، زي روحين في جسد واحد.,حُب بيكمّل بعضه، زي روحين في جسد واحد.
والتماثل دا واضح جدًا لو جيت بصيت في أجزاء المجمع التلاتة،,والتماثل دا واضح جدًا لو جيت بصيت في اجزاء المجمع التلاته،
جزء خارجي فيه بيوت العاملين،,جزء خارجي فيه بيوت العاملين،
وقصاده، الناحية التانية، مقابر للعائلة المالكة،,وقصاده، الناحيه التانيه، مقابر للعايله المالكه،
والاتنين واخدين نفس الشكل بالظبط.,والاتنين واخدين نفس الشكل بالظبط.
هتعدّي من البوابات، هتلاقي الجناين،,هتعدّي من البوابات، هتلاقي الجناين،
وآخر حاجة، الجزء الأخير، اللي فيه ضريح ومسجد وخان للمسافرين.,واخر حاجه، الجزء الاخير، اللي فيه ضريح ومسجد وخان للمسافرين.
أول، يا عزيزي، ما تعدّي من بوابة المدخل الضخمة،,اول، يا عزيزي، ما تعدّي من بوابه المدخل الضخمه،
هتلاقي نفسك واقف قُدّام جنينة كبيرة،,هتلاقي نفسك واقف قُدّام جنينه كبيره،
"دي اسمها ""حديقة الجنة""،","دي اسمها ""حديقه الجنه""،"
متصممة على الطريقة الفارسية،,متصممه علي الطريقه الفارسيه،
ودي طريقة بتُستخدم فيها ممرات الميّه،,ودي طريقه بتُستخدم فيها ممرات الميّه،
عشان تقدر تقسّم مساحة الجنينة،,عشان تقدر تقسّم مساحه الجنينه،
فبمجرد ما تدخل، هتلاقي مجرى مائي مستقيم،,فبمجرد ما تدخل، هتلاقي مجري مايي مستقيم،
بيربط بين المدخل وبين الضريح اللي في الآخر،,بيربط بين المدخل وبين الضريح اللي في الاخر،
حديقة الجنة دي هتتقسّم لـ4 أجزاء،,حديقه الجنه دي هتتقسّم ل4 اجزاء،
"شبه أنهار الجنة الـ4 اللي مذكورين في ""القرآن""،","شبه انهار الجنه ال4 اللي مذكورين في ""القران""،"
هتلاقي في كل جزء فيها أشجار وورود وريحان وياسمين ونرجس،,هتلاقي في كل جزء فيها اشجار وورود وريحان وياسمين ونرجس،
ودي، يا عزيزي، مش محطوطة بشكل عشوائي،,ودي، يا عزيزي، مش محطوطه بشكل عشوايي،
إنما الأشجار دي بترمز للجمال الأبدي في الشعر الفارسي والشعر الصوفي.,انما الاشجار دي بترمز للجمال الابدي في الشعر الفارسي والشعر الصوفي.
المصممين كمان في تقسيم الجنينة عملوا حاجة أجمل،,المصممين كمان في تقسيم الجنينه عملوا حاجه اجمل،
وهو إنهم خلّوها، زي ما تكون كدا، خريطة روحية،,وهو انهم خلّوها، زي ما تكون كدا، خريطه روحيه،
طريق مستقيم يودّيك من بوابة الدنيا لقصر الآخرة،,طريق مستقيم يودّيك من بوابه الدنيا لقصر الاخره،
وطرُق متفرعة تاخدك من وقت للتاني بعيد عنها.,وطرُق متفرعه تاخدك من وقت للتاني بعيد عنها.
نيجي بقى للجزء الأخير، 3 مباني،,نيجي بقي للجزء الاخير، 3 مباني،
القصر الضخم في النُص،,القصر الضخم في النُص،
على يمينه مسجد، وعلى شماله خان للمسافرين.,علي يمينه مسجد، وعلي شماله خان للمسافرين.
لو ركّزنا، يا عزيزي، هنلاحظ حاجة غريبة جدًا،,لو ركّزنا، يا عزيزي، هنلاحظ حاجه غريبه جدًا،
القصر، على عكس الشائع والمتوقع،,القصر، علي عكس الشايع والمتوقع،
بدل ما يتحط في نُص الحديقة،,بدل ما يتحط في نُص الحديقه،
اتحط في الطرف، عشان تعرف تشوفه كويس وانت داخل من المدخل،,اتحط في الطرف، عشان تعرف تشوفه كويس وانت داخل من المدخل،
وعشان يخلّي النهر كمان جزء من المشروع.,وعشان يخلّي النهر كمان جزء من المشروع.
نيجي بقى نقوم مقرّبين للقصر الضخم,نيجي بقي نقوم مقرّبين للقصر الضخم
هنلاقيه مبني على منصة رخامية أعلى من اللي حواليه،,هنلاقيه مبني علي منصه رخاميه اعلي من اللي حواليه،
زي ما يكون كدا بيدّيك إحساس إن هو عايم فوق الأرض،,زي ما يكون كدا بيدّيك احساس ان هو عايم فوق الارض،
والأهم، عشان، لو لا قدّر الله، حصل فيضان، يفضل محمي.,والاهم، عشان، لو لا قدّر الله، حصل فيضان، يفضل محمي.
خُد بالك، يا عزيزي، لمّا أقولّك إن القصر ضخم,خُد بالك، يا عزيزي، لمّا اقولّك ان القصر ضخم
أنا فعلًا مش بأبالغ،,انا فعلًا مش بابالغ،
ارتفاع القُبة الرئيسية بيوصل لـ73 متر،,ارتفاع القُبه الرييسيه بيوصل ل73 متر،
أنا مش بأبيع، دا ارتفاع عمارة 24 دور!,انا مش بابيع، دا ارتفاع عماره 24 دور!
هتلاقي كمان الساحة حواليه متحاوطة بـ4 مآذن ارتفاعهم 40 متر،,هتلاقي كمان الساحه حواليه متحاوطه ب4 ماذن ارتفاعهم 40 متر،
كلهم متغطيين برخام أبيض،,كلهم متغطيين برخام ابيض،
ودا مش أي رخام، دا رخام بييجي من محاجر مخصوصة,ودا مش اي رخام، دا رخام بييجي من محاجر مخصوصه
في الوقت اللي كل حاجة في المشروع معمولة بالحَجَر الرملي الأحمر.,في الوقت اللي كل حاجه في المشروع معموله بالحَجَر الرملي الاحمر.
واستخدام الألوان دا ما كانش صُدفة،,واستخدام الالوان دا ما كانش صُدفه،
كان له دلالة قوية،,كان له دلاله قويه،
الأبيض، زي ما احنا عارفين، بيرمز للنقاء،,الابيض، زي ما احنا عارفين، بيرمز للنقاء،
والأحمر بيرمز للأسرة الحاكمة.,والاحمر بيرمز للاسره الحاكمه.
كمان، يا عزيزي، لو ركّزت في المآذن الـ4،,كمان، يا عزيزي، لو ركّزت في الماذن ال4،
هتلاقيها اتبنت وفيها نسبة ميول صغيرة.,هتلاقيها اتبنت وفيها نسبه ميول صغيره.
"""يا نهار أسود يا (أبو حميد)! صح! أنا شايفها!","""يا نهار اسود يا ابو حميد ! صح! انا شايفها!"
حد يغلط الغلطة دي وهو بيعمل تحفة معمارية؟!,حد يغلط الغلطه دي وهو بيعمل تحفه معماريه
"ولّا عشان الست ماتت؟!""","ولّا عشان الست ماتت """
يا عزيزي، انتظر، دي مقصودة،,يا عزيزي، انتظر، دي مقصوده،
دا، يا عزيزي، عشان لو حصل زلزال،,دا، يا عزيزي، عشان لو حصل زلزال،
المئذنة ما تقعش على الضريح، تقع بعيد عنه.,الميذنه ما تقعش علي الضريح، تقع بعيد عنه.
تعالى، يا عزيزي، نخش على مبنى الضريح نفسه،,تعالي، يا عزيزي، نخش علي مبني الضريح نفسه،
كتير من مؤرخي العمارة الإسلامية بيعتبروه أهم مبنى في العمارة الإسلامية.,كتير من مورخي العماره الاسلاميه بيعتبروه اهم مبني في العماره الاسلاميه.
"""يا نهار أسود يا (أبو حميد)، دا تصريح خطير!""","""يا نهار اسود يا ابو حميد ، دا تصريح خطير!"""
"زيه زي ""قصر الحمراء""، اللي عملنا عنه حلقة قبل كدا.","زيه زي ""قصر الحمراء""، اللي عملنا عنه حلقه قبل كدا."
من بعيد، هتلاقي الضريح أبيض منوّر،,من بعيد، هتلاقي الضريح ابيض منوّر،
بس لو قربت شوية،,بس لو قربت شويه،
هتلاقي السطح الرخامي الأبيض دا,هتلاقي السطح الرخامي الابيض دا
متغطي بآلاف الزخارف الدقيقة،,متغطي بالاف الزخارف الدقيقه،
محفورة ومنقوشة ومتطعّمة بأحجار كريمة،,محفوره ومنقوشه ومتطعّمه باحجار كريمه،
هنا، يا عزيزي، الفنانين استخدموا تقنية اسمها Pietra Dura،,هنا، يا عزيزي، الفنانين استخدموا تقنيه اسمها ،
"بالعربي معناها ""التطعيم الحَجَري""،","بالعربي معناها ""التطعيم الحَجَري""،"
دا، يا عزيزي، فن فارسي إيطالي الأصل،,دا، يا عزيزي، فن فارسي ايطالي الاصل،
كانوا بيجيبوا فيه الأحجار الكريمة، زي الياقوت والعقيق واللازورد والفيروز،,كانوا بيجيبوا فيه الاحجار الكريمه، زي الياقوت والعقيق واللازورد والفيروز،
ويبدأوا يقطّعوها شرايح رفيعة،,ويبداوا يقطّعوها شرايح رفيعه،
ويزرعوها جوا الرخام الأبيض،,ويزرعوها جوا الرخام الابيض،
كأنها لوحة فسيفساء مضيئة، منوّرة،,كانها لوحه فسيفساء مضييه، منوّره،
والنتيجة، يا عزيزي، ورود وأزهار وأوراق دقيقة،,والنتيجه، يا عزيزي، ورود وازهار واوراق دقيقه،
كلها معمولة بالحَجَر، مش باللون.,كلها معموله بالحَجَر، مش باللون.
وخُد بالك، الزهور اللي بتغطي الحيطة دي مش عشوائية،,وخُد بالك، الزهور اللي بتغطي الحيطه دي مش عشواييه،
دي رموز للجنة والخلود،,دي رموز للجنه والخلود،
هتلاقي الزنبق والسوسن والنرجس،,هتلاقي الزنبق والسوسن والنرجس،
دي كلها، لو جيت دوّرت يعني،,دي كلها، لو جيت دوّرت يعني،
هتجد إنها نباتات مذكورة في الشعر الصوفي والفارسي،,هتجد انها نباتات مذكوره في الشعر الصوفي والفارسي،
كرموز للحياة الأبدية والحُب الإلهي.,كرموز للحياه الابديه والحُب الالهي.
وزي ما بنلاحظ في الصور، هنلاقي النقش عليها مش مسطح،,وزي ما بنلاحظ في الصور، هنلاقي النقش عليها مش مسطح،
كانوا بيستخدموا تقنية النحت البارز،,كانوا بيستخدموا تقنيه النحت البارز،
بحيث الظل نفسه هو اللي يرسم شكل الزهرة كل ما الشمس تتحرك.,بحيث الظل نفسه هو اللي يرسم شكل الزهره كل ما الشمس تتحرك.
حوالين البوابات، هتلاقي آيات قرآنية، مكتوبة بخط الثُلُث،,حوالين البوابات، هتلاقي ايات قرانيه، مكتوبه بخط الثُلُث،
وبتتكلم عن رحمة ربنا والجنة ويوم القيامة،,وبتتكلم عن رحمه ربنا والجنه ويوم القيامه،
هنلاحظ هنا إن الخط بيكبر تدريجيًا كل ما بترتفع بمستوى النظر،,هنلاحظ هنا ان الخط بيكبر تدريجيًا كل ما بترتفع بمستوي النظر،
ودا عشان تفضل إيه؟ مقروءة من تحت،,ودا عشان تفضل ايه؟ مقروءه من تحت،
يعني، حتى الخط نفسه فيه هندسة بصرية.,يعني، حتي الخط نفسه فيه هندسه بصريه.
ويمكن، يا عزيزي، أغرب حاجة في المبنى,ويمكن، يا عزيزي، اغرب حاجه في المبني
إن لونه بيتغيّر، على حسب إيه؟ على حسب زاوية الشمس،,ان لونه بيتغيّر، علي حسب ايه؟ علي حسب زاويه الشمس،
الرخام الأبيض اللي مُستخدَم في المبنى دا,الرخام الابيض اللي مُستخدَم في المبني دا
بيقدر يمتص ضوء الشمس، ويعكسه بطريقة غريبة جدًا،,بيقدر يمتص ضوء الشمس، ويعكسه بطريقه غريبه جدًا،
الصبح، التاج لونه وردي وخفيف،,الصبح، التاج لونه وردي وخفيف،
بالليل، أزرق باهت،,بالليل، ازرق باهت،
وفي ضوء القمر، بيبقى شِبه فضي،,وفي ضوء القمر، بيبقي شِبه فضي،
كأنه، يا عزيزي، بيتغير مع الزمن زي الحياة بالظبط،,كانه، يا عزيزي، بيتغير مع الزمن زي الحياه بالظبط،
لمّا تخش جوا الضريح نفسه،,لمّا تخش جوا الضريح نفسه،
هتلاقي سلسلة من الأوض كل واحدة بتوصّل للتانية،,هتلاقي سلسله من الاوض كل واحده بتوصّل للتانيه،
وفي النُص بالظبط، فيه غرفة مُثَمّنة،,وفي النُص بالظبط، فيه غرفه مُثَمّنه،
يعني إيه؟ يعني فيها 8 أبواب، زي الأخطبوط كدا.,يعني ايه؟ يعني فيها 8 ابواب، زي الاخطبوط كدا.
بطبيعة الحال، كل باب بيودّي لأوضة من الأوض الـ8 اللي في المبنى،,بطبيعه الحال، كل باب بيودّي لاوضه من الاوض ال8 اللي في المبني،
كأن الأوضة اللي في النُص دي هي المركز اللي بيوزع للباقي،,كان الاوضه اللي في النُص دي هي المركز اللي بيوزع للباقي،
وزي ما أكيد توقعت، الأوضة اللي في النُص دي هي الغرفة الرئيسية،,وزي ما اكيد توقعت، الاوضه اللي في النُص دي هي الغرفه الرييسيه،
واللي فعلًا فيها شواهد القبور اللي الناس ممكن تزورها،,واللي فعلًا فيها شواهد القبور اللي الناس ممكن تزورها،
لكن القبور الحقيقية موجودة في أوضة تحتها مباشرةً،,لكن القبور الحقيقيه موجوده في اوضه تحتها مباشرهً،
ودي، يا عزيزي، بتبقى منطقة مقفولة، مش مفتوحة للزوار.,ودي، يا عزيزي، بتبقي منطقه مقفوله، مش مفتوحه للزوار.
"""(أبو حميد)، ما تخافش يا (أبو حميد)، أنا معايا واسطة.""",""" ابو حميد ، ما تخافش يا ابو حميد ، انا معايا واسطه."""
واسطة؟! عزيزي، والنبي، ركّز في الحلقة!,واسطه عزيزي، والنبي، ركّز في الحلقه!
ركّز في الحلقة، الراجل عامل مبنى لمراته،,ركّز في الحلقه، الراجل عامل مبني لمراته،
خلّينا نركّز ونتعظ،,خلّينا نركّز ونتعظ،
بنتكلم في الموت، بنتكلم في ضريح!,بنتكلم في الموت، بنتكلم في ضريح!
"""ما تخافش يا (أبو حميد) بس، أنا لمّا هأروح هناك، هأعرف أخش،","""ما تخافش يا ابو حميد بس، انا لمّا هاروح هناك، هاعرف اخش،"
"هأبقى أقولّهم (عزيزي)، هيقولولك: (آه طبعًا، اتفضل!)""","هابقي اقولّهم عزيزي ، هيقولولك: اه طبعًا، اتفضل! """
يا عنصري يا حقير!,يا عنصري يا حقير!
عزيزي؟ آه، اتفضل!,عزيزي؟ اه، اتفضل!
يا سلام يا أخويا!,يا سلام يا اخويا!
في الأوضة الرئيسية دي، هتلاقي زخارف متقسّمة لطبقات،,في الاوضه الرييسيه دي، هتلاقي زخارف متقسّمه لطبقات،
الجزء اللي تحت فيه زخارف نباتية،,الجزء اللي تحت فيه زخارف نباتيه،
فوقيها، هتلاقي الآيات القرآنية،,فوقيها، هتلاقي الايات القرانيه،
فوق خالص، هتلاقي الفتحات اللي بتدخّل النور.,فوق خالص، هتلاقي الفتحات اللي بتدخّل النور.
وكمان، يا عزيزي، بتاخدك في تدرج من الأرض للسما،,وكمان، يا عزيزي، بتاخدك في تدرج من الارض للسما،
هتبص فوق، هتلاقي القبة اللي في النُص،,هتبص فوق، هتلاقي القبه اللي في النُص،
ومعمولة بشكل استثنائي،,ومعموله بشكل استثنايي،
تصميم بيعمل صدى مش عادي،,تصميم بيعمل صدي مش عادي،
صدى، يا عزيزي، ممكن يفضل مستمر 30 ثانية،,صدي، يا عزيزي، ممكن يفضل مستمر 30 ثانيه،
دا، يا عزيزي، رقم مهول،,دا، يا عزيزي، رقم مهول،
انت ممكن تسمع الكلمة اللي انت قُلتها 7 مرات، دا الصوت.,انت ممكن تسمع الكلمه اللي انت قُلتها 7 مرات، دا الصوت.
بالنسبة للصورة حواليك،,بالنسبه للصوره حواليك،
فالأوضة متصممة بطريقة تخلّي العين ما تقدرش تميز الاتجاهات.,فالاوضه متصممه بطريقه تخلّي العين ما تقدرش تميز الاتجاهات.
"- ""ما كدا، يا (أبو حميد)، هأخش أتوه!"" - انت مش معاك واسطة؟","- ""ما كدا، يا ابو حميد ، هاخش اتوه!"" - انت مش معاك واسطه؟"
"""(أبو حميد)، بس مش عايز أتقّل على الواسطة!""",""" ابو حميد ، بس مش عايز اتقّل علي الواسطه!"""
Actually، يا عزيزي، بالعكس، دا بيخلقلك إحساس باللانهائية،,، يا عزيزي، بالعكس، دا بيخلقلك احساس باللانهاييه،
كأنك مش واقف في مكان، وفي لحظة اتجمّد فيها الزمن،,كانك مش واقف في مكان، وفي لحظه اتجمّد فيها الزمن،
"ودا Actually تقريبًا إحساسك في كل لحظة بتزور فيها ""تاج محل""،","ودا تقريبًا احساسك في كل لحظه بتزور فيها ""تاج محل""،"
مكان قادر يحبس أنفاسك، ويجمّد الزمن،,مكان قادر يحبس انفاسك، ويجمّد الزمن،
كأنك في رحلة أسطورية، بتتمنى ما تنتهيش.,كانك في رحله اسطوريه، بتتمني ما تنتهيش.
التحفة المعمارية دي، يا عزيزي، اتبنت في 22 سنة،,التحفه المعماريه دي، يا عزيزي، اتبنت في 22 سنه،
بإيدين حوالي 20 ألف عامل من أمهر البنّائين والحرفيين،,بايدين حوالي 20 الف عامل من امهر البنّايين والحرفيين،
المباني خلصت في 10 سنين،,المباني خلصت في 10 سنين،
والزخارف لوحدها خدت 10 سنين.,والزخارف لوحدها خدت 10 سنين.
بيتم افتتاح المبنى سنة 1653.,بيتم افتتاح المبني سنه 1653.
"ولكن، على حسب كلام الرحالة الفرنسي ""فرانسوا بيرنييه""،","ولكن، علي حسب كلام الرحاله الفرنسي ""فرانسوا بيرنييه""،"
اللي عاش في البلاط المغولي وقتها،,اللي عاش في البلاط المغولي وقتها،
"قال إن الصرح ومشاريع ""شاه جهان""...","قال ان الصرح ومشاريع ""شاه جهان"""
"""الست دي موتها جاي علينا بخسارة!""","""الست دي موتها جاي علينا بخساره!"""
الفقراء هما اللي دفعوا تمن أحلام الإمبراطور الرومانسية،,الفقراء هما اللي دفعوا تمن احلام الامبراطور الرومانسيه،
نفس الكلام قاله مؤرخين مغول عاشوا في هذه الفترة،,نفس الكلام قاله مورخين مغول عاشوا في هذه الفتره،
"زي ""محمد قزويني"" و""محمد كانبو""،","زي ""محمد قزويني"" و""محمد كانبو""،"
"اللي وصفوا تكلفة بناء ""تاج محل""","اللي وصفوا تكلفه بناء ""تاج محل"""
إنها كانت فوق قدرة العقل على التقدير.,انها كانت فوق قدره العقل علي التقدير.
"خلّيني أقولّك إن فترة حُكم ""شاه جهان"" استمرت حوالي 30 سنة،","خلّيني اقولّك ان فتره حُكم ""شاه جهان"" استمرت حوالي 30 سنه،"
واتوصفت بإنها العصر الذهبي للفن والعمارة،,واتوصفت بانها العصر الذهبي للفن والعماره،
ودا لأنه، يا عزيزي، بَنى مباني كتير جدًا مميزة،,ودا لانه، يا عزيزي، بَني مباني كتير جدًا مميزه،
مش بس القصر.,مش بس القصر.
بس لو بصينا من وجهة نظر السلطان،,بس لو بصينا من وجهه نظر السلطان،
هنلاقيه بيشوف الجمال مش بس حاجة على مستوى الرفاهية،,هنلاقيه بيشوف الجمال مش بس حاجه علي مستوي الرفاهيه،
لأ، دي سياسة الدولة،,لا، دي سياسه الدوله،
القصور والحدايق والمباني والأسواق,القصور والحدايق والمباني والاسواق
الجمال اللي فيها بيجسّد صورة الإمبراطورية في عقول وخيال المواطنين،,الجمال اللي فيها بيجسّد صوره الامبراطوريه في عقول وخيال المواطنين،
بيوصّل رسالة إن الإمبراطورية بلد الفن والعلوم والجمال والهندسة.,بيوصّل رساله ان الامبراطوريه بلد الفن والعلوم والجمال والهندسه.
"ولكن المفارقة، يا عزيزي، حُكم ""شاه جهان"" اللي كان مستقر سياسيًا وبديع معماريًا،","ولكن المفارقه، يا عزيزي، حُكم ""شاه جهان"" اللي كان مستقر سياسيًا وبديع معماريًا،"
هينتهي نهاية قاسية جدًا،,هينتهي نهايه قاسيه جدًا،
وعلى إيد مين؟ أقرب الناس ليه،,وعلي ايد مين؟ اقرب الناس ليه،
"ابنه من حبيبته ""ممتاز محل"".","ابنه من حبيبته ""ممتاز محل""."
"""يا لهوي يا (أبو حميد)!""","""يا لهوي يا ابو حميد !"""
"""أونزيب"" ابن ""شاه جهان""","""اونزيب"" ابن ""شاه جهان"""
هيقرر، يا عزيزي، يحط أبوه تحت الإقامة الجبرية،,هيقرر، يا عزيزي، يحط ابوه تحت الاقامه الجبريه،
وهو اللي يقعد على العرش.,وهو اللي يقعد علي العرش.
"""يا نهار أسود يا (أبو حميد)!","""يا نهار اسود يا ابو حميد !"
"يعني، الراجل اللي عمل المبنى دا لأمه، يعمل فيه كدا؟!""","يعني، الراجل اللي عمل المبني دا لامه، يعمل فيه كدا """
بصراحة، يا عزيزي، الواد كان ابن زمنه،,بصراحه، يا عزيزي، الواد كان ابن زمنه،
بينفّذ قوانين عصره،,بينفّذ قوانين عصره،
"خلّيني أقولّك إن ""شاه جهان"" نفسه وصل للحُكم بنفس الطريقة،","خلّيني اقولّك ان ""شاه جهان"" نفسه وصل للحُكم بنفس الطريقه،"
نظام توارث الحُكم في دولة المغول الهندية لم يكن واضح،,نظام توارث الحُكم في دوله المغول الهنديه لم يكن واضح،
على عكس معظم الأنظمة وقتها،,علي عكس معظم الانظمه وقتها،
اللي كانت عادةً الابن الكبير هو اللي بيتوارث الحُكم تلقائيًا،,اللي كانت عادهً الابن الكبير هو اللي بيتوارث الحُكم تلقاييًا،
هنا كان الحُكم للي بيقدر،,هنا كان الحُكم للي بيقدر،
The One Who Can.,.
"وبالتالي، لمّا مرض ""شاه جهان"" سنة 1657،","وبالتالي، لمّا مرض ""شاه جهان"" سنه 1657،"
4 من أولاده اتنافسوا على العرش،,4 من اولاده اتنافسوا علي العرش،
"""أونزيب"" تحالف مع أخوه الكبير ""مراد""،","""اونزيب"" تحالف مع اخوه الكبير ""مراد""،"
وهزم الأخين التانيين،,وهزم الاخين التانيين،
"بعدها، ""أونزيب"" نحّى أبوه عن العرش،","بعدها، ""اونزيب"" نحّي ابوه عن العرش،"
"وحدد إقامته في قلعة ""أجرا""،","وحدد اقامته في قلعه ""اجرا""،"
"في موقع مميز على الضفة اللي قصاد ""تاج محل""،","في موقع مميز علي الضفه اللي قصاد ""تاج محل""،"
وفرله كل سبل الراحة، ادّاله خدمة مميزة،,وفرله كل سبل الراحه، ادّاله خدمه مميزه،
لأن غرضه ما كانش إن هو يسجن أبوه أو يذله، إنما يحيّده،,لان غرضه ما كانش ان هو يسجن ابوه او يذله، انما يحيّده،
"يقولّه: ""يا راجل يا بركة انت، خلّيك على جنب.""","يقولّه: ""يا راجل يا بركه انت، خلّيك علي جنب."""
"وفي سنة 1666، أخيرًا بيموت ""شاه جهان""،","وفي سنه 16، اخيرًا بيموت ""شاه جهان""،"
"وبيتدفن جنب مراته ""ممتاز محل"".","وبيتدفن جنب مراته ""ممتاز محل""."
"الملفت، يا عزيزي، في مكان دفن ""شاه جهان""","الملفت، يا عزيزي، في مكان دفن ""شاه جهان"""
إنه على عكس الشائع، بدل ما يكون شاهد قبره في النُص،,انه علي عكس الشايع، بدل ما يكون شاهد قبره في النُص،
باعتبار إن هو السلطان،,باعتبار ان هو السلطان،
"وشاهد مراته ""ممتاز محل""، اللي هو بتاع مراته، يبقى جنبه،","وشاهد مراته ""ممتاز محل""، اللي هو بتاع مراته، يبقي جنبه،"
هنلاقي، يا عزيزي، حاجة عجيبة،,هنلاقي، يا عزيزي، حاجه عجيبه،
هي اللي فضلت في المركز، في النُص بالظبط،,هي اللي فضلت في المركز، في النُص بالظبط،
وهو اللي اتحط على جنب.,وهو اللي اتحط علي جنب.
مش بس كدا، الضريحين ما اتحطوش بطريقة فيها تناظر وسيمترية زي كل حاجة في المكان،,مش بس كدا، الضريحين ما اتحطوش بطريقه فيها تناظر وسيمتريه زي كل حاجه في المكان،
اللي زي ما شُفنا، من أول البوابة لحد أوض الضريح.,اللي زي ما شُفنا، من اول البوابه لحد اوض الضريح.
الله! اشمعنى الضريحين دُول ما اتحطوش بسيمترية؟,الله! اشمعني الضريحين دُول ما اتحطوش بسيمتريه؟
أحد التفسيرات بتقول إن مكان ضريح السلطان,احد التفسيرات بتقول ان مكان ضريح السلطان
ما كانش متخططله، هو اتحط هنا، وخلاص،,ما كانش متخططله، هو اتحط هنا، وخلاص،
خصوصًا إن ابنه كان على عكس أبوه،,خصوصًا ان ابنه كان علي عكس ابوه،
ما كانش مهتم بالعمارة،,ما كانش مهتم بالعماره،
وكان غضبان جدًا إن فلوس الإمبراطورية راحت في إنها تبني حَجَر،,وكان غضبان جدًا ان فلوس الامبراطوريه راحت في انها تبني حَجَر،
بدل ما تتصرف على الدين.,بدل ما تتصرف علي الدين.
ولأن الولد كان عارف حُب أبوه لأمه،,ولان الولد كان عارف حُب ابوه لامه،
فقام قرر يدفنه جنبها وخلاص، من غير ما يخطط،,فقام قرر يدفنه جنبها وخلاص، من غير ما يخطط،
"""بلا تناظر بلا بتاع، احنا فاضيين؟!""","""بلا تناظر بلا بتاع، احنا فاضيين """
المفارقة، يا عزيزي، لو التفسير دا صح،,المفارقه، يا عزيزي، لو التفسير دا صح،
فالطريقة اللي اتدفن بيها السلطان,فالطريقه اللي اتدفن بيها السلطان
أكدت، بشكل أو بآخر، بشكل يمكن حزين شوية،,اكدت، بشكل او باخر، بشكل يمكن حزين شويه،
"إن وجوده في ""تاج محل"" وجود زائر، خارج نظام المكان، اللي هو بناه،","ان وجوده في ""تاج محل"" وجود زاير، خارج نظام المكان، اللي هو بناه،"
ودا، زي ما تقول كدا، خلق إشارة واضحة,ودا، زي ما تقول كدا، خلق اشاره واضحه
"إن ""ممتاز محل"" هي مركز ""تاج محل"" لوحدها.","ان ""ممتاز محل"" هي مركز ""تاج محل"" لوحدها."
"ودي للمفارقة، يا عزيزي، ممكن تكون حاجة عمر ما ""شاه جهان"" كان هيعترض عليها،","ودي للمفارقه، يا عزيزي، ممكن تكون حاجه عمر ما ""شاه جهان"" كان هيعترض عليها،"
لأنه عمل هذا المكان لذكراها، مش لمجده،,لانه عمل هذا المكان لذكراها، مش لمجده،
ودا على عكس أكاذيب تاريخية كان المستشرقين بيروجوها،,ودا علي عكس اكاذيب تاريخيه كان المستشرقين بيروجوها،
"زي مثلًا ""جان بيبتيس ترافنييه""،","زي مثلًا ""جان بيبتيس ترافنييه""،"
"اللي كان بيقول إن ""شاه جهان"" كان عايز يبني لنفسه هو ""تاج محل"" تاني،","اللي كان بيقول ان ""شاه جهان"" كان عايز يبني لنفسه هو ""تاج محل"" تاني،"
عشان يتدفن فيه،,عشان يتدفن فيه،
متغطي بقى بالرخام الأسود على الضفة التانية من النهر،,متغطي بقي بالرخام الاسود علي الضفه التانيه من النهر،
"ويربط بينه وبين ""تاج محل"" كوبري.","ويربط بينه وبين ""تاج محل"" كوبري."
ولكن اللي احنا نعرفه دلوقتي إن الكلام دا لم يكن حقيقي،,ولكن اللي احنا نعرفه دلوقتي ان الكلام دا لم يكن حقيقي،
"المؤكد عندنا إن ""شاه جهان"" بنى هذه التحفة،","الموكد عندنا ان ""شاه جهان"" بني هذه التحفه،"
عشان حُبه بس، لا لمجده، ولا لذكراه،,عشان حُبه بس، لا لمجده، ولا لذكراه،
بل لذكرى حبيبته، زوجته التانية.,بل لذكري حبيبته، زوجته التانيه.
عشان كدا، يا عزيزي، سهل نتخيله سعيد بالقرب من حبيبته،,عشان كدا، يا عزيزي، سهل نتخيله سعيد بالقرب من حبيبته،
حتى لو كان قُرب ثانوي، مش في قلب المكان ولا في نظامه.,حتي لو كان قُرب ثانوي، مش في قلب المكان ولا في نظامه.
حُكم إمبراطورية المغول هينتهي بعد قرنين، سنة 1857،,حُكم امبراطوريه المغول هينتهي بعد قرنين، سنه 1857،
"في عهد الحفيد الخامس لـ""شاه جهان""،","في عهد الحفيد الخامس ل""شاه جهان""،"
آخر السلاطين المغول،,اخر السلاطين المغول،
"""أبو المظفر سراج الدين محمد بهادر شاه""،","""ابو المظفر سراج الدين محمد بهادر شاه""،"
"في السنة دي، طلعت أول ثورة لـ""الهند"" ضد الاستعمار الإنجليزي،","في السنه دي، طلعت اول ثوره ل""الهند"" ضد الاستعمار الانجليزي،"
"وقتها، ""بهادر شاه"" دا كان عكس أجداده الأقويا،","وقتها، ""بهادر شاه"" دا كان عكس اجداده الاقويا،"
للأسف، كان إمبراطور عجوز تمانيني بيحكُم بالاسم بس،,للاسف، كان امبراطور عجوز تمانيني بيحكُم بالاسم بس،
ملك صوري بيحكُم تحت سيطرة الاستعمار البريطاني!,ملك صوري بيحكُم تحت سيطره الاستعمار البريطاني!
وبرغم كدا، الثوار شافوا فيه,وبرغم كدا، الثوار شافوا فيه
وفي سلالته المغولية، اللي مجدها حاضر في كل المعمار حواليهم،,وفي سلالته المغوليه، اللي مجدها حاضر في كل المعمار حواليهم،
"شافوا، زي ما تقول كدا، رمز لـ""الهند"" القوية القديمة،","شافوا، زي ما تقول كدا، رمز ل""الهند"" القويه القديمه،"
وشافوا إن وجوده، برغم ضعفه،,وشافوا ان وجوده، برغم ضعفه،
إلا إنه ممكن يوحّدهم،,الا انه ممكن يوحّدهم،
وبالفعل، يا عزيزي، السلطان بينضم للثوار،,وبالفعل، يا عزيزي، السلطان بينضم للثوار،
وبيرفعوا رايته كآخر حاكم شرعي للبلاد.,وبيرفعوا رايته كاخر حاكم شرعي للبلاد.
ولكن، للأسف، يا عزيزي، الثورة بتفشل!,ولكن، للاسف، يا عزيزي، الثوره بتفشل!
السلطان بيتقبض عليه، وبيتاخد بسلاسل للمحاكمة،,السلطان بيتقبض عليه، وبيتاخد بسلاسل للمحاكمه،
بيتقدمله رؤوس أولاده وأحفاده على أطباق،,بيتقدمله رووس اولاده واحفاده علي اطباق،
في محاولة لكسره وكسر سلالته،,في محاوله لكسره وكسر سلالته،
ولكنه، يا عزيزي، بيقول وقتها جملته الشهيرة...,ولكنه، يا عزيزي، بيقول وقتها جملته الشهيره
يعني أولاد الأسرة المحاربة دي,يعني اولاد الاسره المحاربه دي
يا بينتصروا، يا بيستشهدوا وهما بيحاربوا.,يا بينتصروا، يا بيستشهدوا وهما بيحاربوا.
"في النهاية، بيتم نفي ""بهادر شاه"" إلى ""ميانمار""،","في النهايه، بيتم نفي ""بهادر شاه"" الي ""ميانمار""،"
وبيموت هناك بعد 4 سنين،,وبيموت هناك بعد 4 سنين،
وخبر وفاته بيمر بهدوء،,وخبر وفاته بيمر بهدوء،
"ولا يتم الإعلان عنه سواء في ""الهند"" أو في ""بريطانيا""،","ولا يتم الاعلان عنه سواء في ""الهند"" او في ""بريطانيا""،"
كانوا خايفين للجماهير تعرف، فتغضب.,كانوا خايفين للجماهير تعرف، فتغضب.
"للمفارقة، يا عزيزي، ""بهادر شاه"" كان أول سلطان مغولي يتصور بالكاميرا،","للمفارقه، يا عزيزي، ""بهادر شاه"" كان اول سلطان مغولي يتصور بالكاميرا،"
وللأسف، يا عزيزي، كان آخر واحد!,وللاسف، يا عزيزي، كان اخر واحد!
"وبرحيله، بينتهي حُكم آخر أباطرة المغول المسلمين في ""الهند""،","وبرحيله، بينتهي حُكم اخر اباطره المغول المسلمين في ""الهند""،"
وبتنتهي سلالة دامت أكتر من 800 سنة.,وبتنتهي سلاله دامت اكتر من 800 سنه.
ولكن بالرغم من زوال حُكم الأباطرة،,ولكن بالرغم من زوال حُكم الاباطره،
وحتى زوال حُكم الاستعمار من بعدهم،,وحتي زوال حُكم الاستعمار من بعدهم،
"اللي فضل، يا عزيزي، من كل دا كان ""تاج محل""،","اللي فضل، يا عزيزي، من كل دا كان ""تاج محل""،"
مش بس، يا عزيزي، رمز لحكاية حُب،,مش بس، يا عزيزي، رمز لحكايه حُب،
"ولكنه كان طول السنين دي، مراية، زي ما تقول كدا، بتعكس حال ""الهند"" نفسها،","ولكنه كان طول السنين دي، مرايه، زي ما تقول كدا، بتعكس حال ""الهند"" نفسها،"
وتحولاتها من إمبراطورية لدولة حديثة، Modern State.,وتحولاتها من امبراطوريه لدوله حديثه، .
"في ظل دولة ""الهند"" الحديثة المستقلة","في ظل دوله ""الهند"" الحديثه المستقله"
"هنلاقي إن ""تاج محل"" لأول مرة في تاريخه يكون في خطر،","هنلاقي ان ""تاج محل"" لاول مره في تاريخه يكون في خطر،"
"زي ما قُلتلك، ""تاج محل"" لمّا اتبنى، اتبنى في ظل وجود إمبراطورية متسامحة دينيًا،","زي ما قُلتلك، ""تاج محل"" لمّا اتبني، اتبني في ظل وجود امبراطوريه متسامحه دينيًا،"
وقادرة تدمج فنون من كل بلد في معمار واحد.,وقادره تدمج فنون من كل بلد في معمار واحد.
"ولكن لو رُحنا لـ""الهند"" حاليًا،","ولكن لو رُحنا ل""الهند"" حاليًا،"
هنلاقي موجة عنف كبيرة ضد المعالم والآثار الإسلامية،,هنلاقي موجه عنف كبيره ضد المعالم والاثار الاسلاميه،
بتقود هذه الحركة مجموعات هندوسية متطرفة،,بتقود هذه الحركه مجموعات هندوسيه متطرفه،
عندهم منطق بسيط، ولكنه خطير،,عندهم منطق بسيط، ولكنه خطير،
"""(الهند) هندوسية،",""" الهند هندوسيه،"
والمباني اللي بناها المغول والمسلمين,والمباني اللي بناها المغول والمسلمين
"رموز لفترة احتلال أجنبي، وهذا الاحتلال هو الاحتلال المغولي!""","رموز لفتره احتلال اجنبي، وهذا الاحتلال هو الاحتلال المغولي!"""
لمّا المتطرفين بيبصوا للمباني دي، ما بيشوفوش عمارة بديعة،,لمّا المتطرفين بيبصوا للمباني دي، ما بيشوفوش عماره بديعه،
ولا دليل مادي على فترة ازدهار,ولا دليل مادي علي فتره ازدهار
وتعايش بين ناس مختلفة استمر لقرون،,وتعايش بين ناس مختلفه استمر لقرون،
إنما بيشوفوا تاريخ حد تاني، وإنه لازم يتمحي!,انما بيشوفوا تاريخ حد تاني، وانه لازم يتمحي!
"يمكن المكانة العالمية لـ""تاج محل"" حمته،","يمكن المكانه العالميه ل""تاج محل"" حمته،"
حمته من إنه يتعرّض للتخريب،,حمته من انه يتعرّض للتخريب،
ولكن لو جيت، يا عزيزي، بصيت على بعض المباني اللي حواليه،,ولكن لو جيت، يا عزيزي، بصيت علي بعض المباني اللي حواليه،
هتلاقي كتير منها اتهد،,هتلاقي كتير منها اتهد،
"أشهرها مسجد ""بابري""،","اشهرها مسجد ""بابري""،"
واللي عمره بيرجع لأكتر من 500 سنة،,واللي عمره بيرجع لاكتر من 500 سنه،
واتهدم سنة 1992،,واتهدم سنه 1992،
تحت مزاعم إنه اتبنى على موقع معبد هندوسي!,تحت مزاعم انه اتبني علي موقع معبد هندوسي!
مؤخرًا، يا عزيزي، الحملات دي رجعت للحياة وبقوة،,موخرًا، يا عزيزي، الحملات دي رجعت للحياه وبقوه،
"وبتهدد حاجة مثلًا زي مسجد ""شمسي جماعة""،","وبتهدد حاجه مثلًا زي مسجد ""شمسي جماعه""،"
اللي تاريخه بيرجع لحوالي 800 سنة،,اللي تاريخه بيرجع لحوالي 800 سنه،
بدعوى إن هو كمان مكانه معبد هندوسي!,بدعوي ان هو كمان مكانه معبد هندوسي!
"الملفت، يا عزيزي، ولأول مرة، إن ""تاج محل"" نفسه اتحط على هذه القائمة،","الملفت، يا عزيزي، ولاول مره، ان ""تاج محل"" نفسه اتحط علي هذه القايمه،"
وبدأ يتم الترويج لنفس الفكرة،,وبدا يتم الترويج لنفس الفكره،
"إنه ""تحته معبد، ويا جماعة، لازم نهدّه!""","انه ""تحته معبد، ويا جماعه، لازم نهدّه!"""
وإن الأثر اللي تحته أعظم منه بكتير!,وان الاثر اللي تحته اعظم منه بكتير!
طبعًا، يا عزيزي، مش محتاج أقولّك إن القصة أعمق من كدا،,طبعًا، يا عزيزي، مش محتاج اقولّك ان القصه اعمق من كدا،
"""الهند"" بعد الاستقلال حاولت تعمل هوية وطنية متوازنة،","""الهند"" بعد الاستقلال حاولت تعمل هويه وطنيه متوازنه،"
هوية بتجمع فيها كل الديانات،,هويه بتجمع فيها كل الديانات،
ولكن أحزاب كتير بدأت تستعمل الرموز الدينية والتاريخية,ولكن احزاب كتير بدات تستعمل الرموز الدينيه والتاريخيه
كسلاح لتثبيت الهوية، وهدم هوية الآخرين،,كسلاح لتثبيت الهويه، وهدم هويه الاخرين،
فتحولت الآثار الإسلامية،,فتحولت الاثار الاسلاميه،
"اللي هي، تاني، جزء من تراث ""الهند"" العريق،","اللي هي، تاني، جزء من تراث ""الهند"" العريق،"
"""الهند"" حضارة كبيرة، واسعة، مختلفة، جالها ناس من كل حتة،","""الهند"" حضاره كبيره، واسعه، مختلفه، جالها ناس من كل حته،"
تحولت هذه الآثار من رمز تعايش,تحولت هذه الاثار من رمز تعايش
إلى رمز لازم يتمحي، عشان صوت واحد بس اللي يسود!,الي رمز لازم يتمحي، عشان صوت واحد بس اللي يسود!
اللي بيحصل هنا مش بس نزاع على مبنى،,اللي بيحصل هنا مش بس نزاع علي مبني،
لأ، دا نزاع على مَن يملك الماضي،,لا، دا نزاع علي مَن يملك الماضي،
"مين اللي له الحق يحكي حكاية ""الهند""،","مين اللي له الحق يحكي حكايه ""الهند""،"
هل هي بلد الحضارة المشتركة اللي بناها المسلمين والهندوس سوا؟,هل هي بلد الحضاره المشتركه اللي بناها المسلمين والهندوس سوا؟
"ولّا بلد ""نقية"" محتاجة تمسح فصول معيّنة من تاريخها؟","ولّا بلد ""نقيه"" محتاجه تمسح فصول معيّنه من تاريخها؟"
جزء، يا عزيزي، من ضيق المتطرفين,جزء، يا عزيزي، من ضيق المتطرفين
"إن صرح معماري زي ""تاج محل""","ان صرح معماري زي ""تاج محل"""
كان وما زال أهم رمز هندي عالمي،,كان وما زال اهم رمز هندي عالمي،
وزي ما قُلتلك، بيجيله 7 مليون إنسان سنويًا.,وزي ما قُلتلك، بيجيله 7 مليون انسان سنويًا.
"بل إن، يا عزيزي، قلعة ""دلهي"" الحمراء، اللي حكيتلك عنها،","بل ان، يا عزيزي، قلعه ""دلهي"" الحمراء، اللي حكيتلك عنها،"
بيترفع عليها علم الاستقلال كل سنة يوم 15 أغسطس.,بيترفع عليها علم الاستقلال كل سنه يوم 15 اغسطس.
"يمكن، يا عزيزي، أهم درس بيعلمهولنا ""تاج محل""","يمكن، يا عزيزي، اهم درس بيعلمهولنا ""تاج محل"""
مش بس إنه رمز معمار،,مش بس انه رمز معمار،
وإنما أنه رمز الحُب،,وانما انه رمز الحُب،
سواء حُب صادق بين زوج وزوجته،,سواء حُب صادق بين زوج وزوجته،
أو حتى حُب للفن والجمال والعمارة،,او حتي حُب للفن والجمال والعماره،
اللي قادر يعملها آلاف من البشر,اللي قادر يعملها الاف من البشر
على مر سنين، من كل هوية وكل دين،,علي مر سنين، من كل هويه وكل دين،
ويحفظه في مبنى واحد.,ويحفظه في مبني واحد.
"""تاج محل"" مش بس رخام أبيض ومئذنة عالية،","""تاج محل"" مش بس رخام ابيض وميذنه عاليه،"
وإنما، يا عزيزي، مبنى شاهد على الذاكرة،,وانما، يا عزيزي، مبني شاهد علي الذاكره،
ذاكرة بتفكرنا بمعنى جميل،,ذاكره بتفكرنا بمعني جميل،
إن الحُب والجمال، اللي بيجمعنا كبشر,ان الحُب والجمال، اللي بيجمعنا كبشر
أهم بكتير من الهويات، اللي ممكن تفرّقنا،,اهم بكتير من الهويات، اللي ممكن تفرّقنا،
والعصبيات اللي بتخلّي شرط إثبات وجودنا,والعصبيات اللي بتخلّي شرط اثبات وجودنا
هو محو كل حد مش شبهنا،,هو محو كل حد مش شبهنا،
ومحو كل حاجة عملها الحد اللي مش شبهنا،,ومحو كل حاجه عملها الحد اللي مش شبهنا،
المعمار، يا عزيزي، بيكون أهم شاهد يحفظ الحكاية ومعانيها،,المعمار، يا عزيزي، بيكون اهم شاهد يحفظ الحكايه ومعانيها،
من غير ما تتشوه أو تتمحي.,من غير ما تتشوه او تتمحي.
بس كدا، يا عزيزي. أخيرًا، وليس آخرًا،,بس كدا، يا عزيزي. اخيرًا، وليس اخرًا،
ما تنساش تشوف الحلقات اللي فاتت، تشوف الحلقات الجاية،,ما تنساش تشوف الحلقات اللي فاتت، تشوف الحلقات الجايه،
"تنزل تبص على المصادر، ولو احنا على الـ""يوتيوب""، نشترك على القناة.","تنزل تبص علي المصادر، ولو احنا علي ال""يوتيوب""، نشترك علي القناه."
"يا حبيبي يا ""كينيدي""، يا حبيبي!","يا حبيبي يا ""كينيدي""، يا حبيبي!"
كنا لسة هنتغدّى،,كنا لسه هنتغدّي،
كان نفسه يتغدى.,كان نفسه يتغدي.
كان هَفتان!,كان هَفتان!
"مدام ""جاكلين""، البقاء والدوام الله،","مدام ""جاكلين""، البقاء والدوام الله،"
أنا مقدّر جدًا حالة الحزن اللي انتي فيها،,انا مقدّر جدًا حاله الحزن اللي انتي فيها،
بالنيابة عن الـFBI، حابب أوصلّك تعازينا.,بالنيابه عن ال ، حابب اوصلّك تعازينا.
بدل ما تَعزّوني، امسكوا اللي موّته.,بدل ما تَعزّوني، امسكوا اللي موّته.
- ما احنا مسكنا اللي موّته. - يا سلام! وإيه بقى اللي حصل؟,- ما احنا مسكنا اللي موّته. - يا سلام! وايه بقي اللي حصل؟
ما هو اللي موّته...,ما هو اللي موّته
فيه واحد موّته.,فيه واحد موّته.
عشان انتم فَشَلة!,عشان انتم فَشَله!
"يا مدام ""جاكلين""، احنا مش ناقصين!","يا مدام ""جاكلين""، احنا مش ناقصين!"
الناس واكلة وشّنا!,الناس واكله وشّنا!
أنا عايزة أعرف إيه الطلقة الواحدة اللي تقتل جوزي,انا عايزه اعرف ايه الطلقه الواحده اللي تقتل جوزي
وتعوّر المُحافظ في كذا حتة في جسمه، هه؟!,وتعوّر المُحافظ في كذا حته في جسمه، هه
فهّمني، طلقة واحدة ماشية تتفسّح في كل الناس، ولّا إيه؟!,فهّمني، طلقه واحده ماشيه تتفسّح في كل الناس، ولّا ايه
على فكرة، دي نظرية مؤامرة،,علي فكره، دي نظريه موامره،
الروس هُما اللي عاملينها، أنا عارف كويس.,الروس هُما اللي عاملينها، انا عارف كويس.
مؤامرة، آه،,موامره، اه،
قول بقى إنكم جُبَنا،,قول بقي انكم جُبَنا،
ومش عايزين صورة الـFBI تبقى وحشة،,ومش عايزين صوره ال تبقي وحشه،
"وخايفين تكسفوا ""أمريكا"" أكتر ما هي تكسف!","وخايفين تكسفوا ""امريكا"" اكتر ما هي تكسف!"
احنا اللي جُبَنا؟!,احنا اللي جُبَنا
دي حرفيًا انتي وانتي بتهربي من العربية لمّا اتضرب بالنار.,دي حرفيًا انتي وانتي بتهربي من العربيه لمّا اتضرب بالنار.
"الصورة دي، على فكرة، متعدّلة بالـ""فوتوشوب""!","الصوره دي، علي فكره، متعدّله بال""فوتوشوب""!"
"""فوتوشوب"" إيه؟! احنا في الستينات!","""فوتوشوب"" ايه احنا في الستينات!"
وبعدين، انت عايزني يعني أعمل إيه؟!,وبعدين، انت عايزني يعني اعمل ايه
أقف أندب جنبه؟!,اقف اندب جنبه
يبقى لا تعايرينا، ولا نعايرك.,يبقي لا تعايرينا، ولا نعايرك.
أنا غلطانة إني جيت الجهاز الفاشل المجنون المُهزّأ بالشكل دا!,انا غلطانه اني جيت الجهاز الفاشل المجنون المُهزّا بالشكل دا!
لأ، لو سمحتي، اعرفي حدودك!,لا، لو سمحتي، اعرفي حدودك!
إيه دا؟!,ايه دا
"فين الرئيس ""ترامب"" ييجي ينقذ الموقف اللي احنا فيه؟!","فين الرييس ""ترامب"" ييجي ينقذ الموقف اللي احنا فيه"
أعزائي المُشاهدين، السلام عليكم ورحمة الله وبركاته،,اعزايي المُشاهدين، السلام عليكم ورحمه الله وبركاته،
"أهلًا بكم في حلقة جديدة، من برنامج ""الدحّيح""!","اهلًا بكم في حلقه جديده، من برنامج ""الدحّيح""!"
عزيزي المُشاهد الجميل، تعالى نقف من بعيد، نتفرج من بعيد،,عزيزي المُشاهد الجميل، تعالي نقف من بعيد، نتفرج من بعيد،
يوم 22 نوفمبر سنة 1963،,يوم 22 نوفمبر سنه 1963،
"الساعة 12 الضهر، وفين؟ في ""دالاس""، ""تكساس""،","الساعه 12 الضهر، وفين؟ في ""دالاس""، ""تكساس""،"
"بيتحرك موكب الرئيس ""جون كينيدي"" في موكب ""ديلي بلازا""،","بيتحرك موكب الرييس ""جون كينيدي"" في موكب ""ديلي بلازا""،"
ماشي وسط الساحة، وسط تصفيق وهتافات من الجمهور،,ماشي وسط الساحه، وسط تصفيق وهتافات من الجمهور،
الناس بتحيّي الرئيس اللي كان وقتها في عز شعبيته،,الناس بتحيّي الرييس اللي كان وقتها في عز شعبيته،
في عز الـpeak بتاعه.,في عز ال بتاعه.
"""كينيدي""، يا عزيزي، طالع في ""ليموزين"" مكشوفة، ولا اللي بتنقل عزالها،","""كينيدي""، يا عزيزي، طالع في ""ليموزين"" مكشوفه، ولا اللي بتنقل عزالها،"
"وجنبه مراته ""جاكي""،","وجنبه مراته ""جاكي""،"
أمير وأميرة في قصة خيالية ساحرة.,امير واميره في قصه خياليه ساحره.
وفجأة، يا عزيزي، هذا المشهد المثالي بينهار أمامنا،,وفجاه، يا عزيزي، هذا المشهد المثالي بينهار امامنا،
في أقل من 8 ثواني، بنشوف طلقة، والتانية، وأخيرًا التالتة،,في اقل من 8 ثواني، بنشوف طلقه، والتانيه، واخيرًا التالته،
الموكب الجميل بيتحول إلى فوضى عارمة،,الموكب الجميل بيتحول الي فوضي عارمه،
الناس، يا عزيزي، بتفضل في حالة من الذهول،,الناس، يا عزيزي، بتفضل في حاله من الذهول،
ما حدش فاهم إيه اللي حصل دا،,ما حدش فاهم ايه اللي حصل دا،
الرئيس الأمريكي اتضرب عليه نار هو ومراته!,الرييس الامريكي اتضرب عليه نار هو ومراته!
الساعة 1، يا عزيزي، بالظبط، بعد تقريبًا نُص ساعة،,الساعه 1، يا عزيزي، بالظبط، بعد تقريبًا نُص ساعه،
بيطلع المذيع ويعلن الخبر الآتي،,بيطلع المذيع ويعلن الخبر الاتي،
"بعيون مليانة دموع بيخرج ""والتر كرونكايت""","بعيون مليانه دموع بيخرج ""والتر كرونكايت"""
"ويعلن إن الرئيس ""جيه. إف. كينيدي"" مات.","ويعلن ان الرييس ""جيه. اف. كينيدي"" مات."
بعد ساعات، الشرطة بتعلن إنها قبضت على المشتبه فيه الأول،,بعد ساعات، الشرطه بتعلن انها قبضت علي المشتبه فيه الاول،
"واحد اسمه ""لي هارفي أوزوالد""،","واحد اسمه ""لي هارفي اوزوالد""،"
"الراجل دا هيُخلّد للأبد كقاتل الرئيس الأمريكي ""جون إف. كينيدي"".","الراجل دا هيُخلّد للابد كقاتل الرييس الامريكي ""جون اف. كينيدي""."
الحقيقة، يا عزيزي، إن القصة ما خلصتش هنا،,الحقيقه، يا عزيزي، ان القصه ما خلصتش هنا،
وحلقتنا بتبدأ من هنا،,وحلقتنا بتبدا من هنا،
"على حسب كلام المؤرخ ""آرثر شليزنجر""،","علي حسب كلام المورخ ""ارثر شليزنجر""،"
فيه كدا لحظات غيّرت حياة الأمريكان،,فيه كدا لحظات غيّرت حياه الامريكان،
"زي مثلًا لحظة ""بيرل هاربر""،","زي مثلًا لحظه ""بيرل هاربر""،"
"لمّا ""اليابان"" دخلت بطياراتها في مينا أمريكي.","لمّا ""اليابان"" دخلت بطياراتها في مينا امريكي."
وفيه مثلًا لحظة الهبوط على القمر.,وفيه مثلًا لحظه الهبوط علي القمر.
"المؤرخ، يا عزيزي، اللي بتكلم عنه، حط لحظة وفاة ""جون. إف. كينيدي""","المورخ، يا عزيزي، اللي بتكلم عنه، حط لحظه وفاه ""جون. اف. كينيدي"""
"من هذه اللحظات الملحمية في تاريخ ""أمريكا""،","من هذه اللحظات الملحميه في تاريخ ""امريكا""،"
اللحظة دي قَضِت على وهم الأمان عند الأمريكان،,اللحظه دي قَضِت علي وهم الامان عند الامريكان،
الفكرة اللي كان الأمريكان بيحاولوا يبيعوها للعالَم،,الفكره اللي كان الامريكان بيحاولوا يبيعوها للعالَم،
"""نحن وطن آمن،","""نحن وطن امن،"
(أمريكا) استثناء من كل الفوضى،,امريكا استثناء من كل الفوضي،
(أمريكا) ما بيحصلش فيها حروب زي ما بيحصل في (أوروبا),امريكا ما بيحصلش فيها حروب زي ما بيحصل في اوروبا
(أمريكا) ما بتتعرّضش للاغتيالات،,امريكا ما بتتعرّضش للاغتيالات،
اللي احنا كنا بنشوفها في أماكن مختلفة من العالم.,اللي احنا كنا بنشوفها في اماكن مختلفه من العالم.
لكن احنا النهاردة بنشوف الرئيس الأمريكي،,لكن احنا النهارده بنشوف الرييس الامريكي،
رئيس أكبر قوة عُظمى في العالم بيموت قُدّامنا على الشاشات!,رييس اكبر قوه عُظمي في العالم بيموت قُدّامنا علي الشاشات!
احنا في عز الستينات، بنحاول نبيع للعالَم,احنا في عز الستينات، بنحاول نبيع للعالَم
إن احنا القوة الجديدة، احنا القوة اللي بتحكُم،,ان احنا القوه الجديده، احنا القوه اللي بتحكُم،
احنا القوة اللي بتوفرلك أمان،,احنا القوه اللي بتوفرلك امان،
"فإيه بقى القفا دا؟!""","فايه بقي القفا دا """
وهنا بقى، يا عزيزي، هيبدأ يبقى هُناك أسئلة،,وهنا بقي، يا عزيزي، هيبدا يبقي هُناك اسيله،
"هل ""أوزوالد"" دا قاتل فردي كدا لوحده، مع نفسه؟","هل ""اوزوالد"" دا قاتل فردي كدا لوحده، مع نفسه؟"
"ولّا الراجل دا وراه قوة خفية ما عايزة تقتل ""كينيدي""؟","ولّا الراجل دا وراه قوه خفيه ما عايزه تقتل ""كينيدي""؟"
"وهل كانت الخسارة ""كينيدي"" نفسه؟","وهل كانت الخساره ""كينيدي"" نفسه؟"
ولّا حاجة أكبر،,ولّا حاجه اكبر،
حاجة بترمز للقوة والأمان،,حاجه بترمز للقوه والامان،
اللي الحلم الأمريكي بيوفره؟,اللي الحلم الامريكي بيوفره؟
دي، يا عزيزي، مجموعة من الأسئلة،,دي، يا عزيزي، مجموعه من الاسيله،
"اللي ""أمريكا"" لحد النهاردة مش عارفة تجاوب عليها،","اللي ""امريكا"" لحد النهارده مش عارفه تجاوب عليها،"
"بعض المحللين مثلًا وصفوا موت ""كينيدي"" بإنه...","بعض المحللين مثلًا وصفوا موت ""كينيدي"" بانه"
نهاية فكرة إن التاريخ واضح، وإن الحقايق قُدّامهم،,نهايه فكره ان التاريخ واضح، وان الحقايق قُدّامهم،
فجأة كدا، كل حاجة بقت محل شك.,فجاه كدا، كل حاجه بقت محل شك.
"بنهاية الحرب العالمية التانية، ""أمريكا"" خرجت نافشة ريشها،","بنهايه الحرب العالميه التانيه، ""امريكا"" خرجت نافشه ريشها،"
قوة عُظمى على المستويين، السياسي والاقتصادي،,قوه عُظمي علي المستويين، السياسي والاقتصادي،
الناتج القومي، يا عزيزي، زاد، بسم الله، ما شاء الله، 150%،,الناتج القومي، يا عزيزي، زاد، بسم الله، ما شاء الله، 150 ،
دخل الأُسَر عِلي 60%،,دخل الاُسَر عِلي 60 ،
المصانع شغالة بكُل طاقتها،,المصانع شغاله بكُل طاقتها،
وظايف في كل حتة،,وظايف في كل حته،
ملايين الجنود اللي رجعوا من الحرب,ملايين الجنود اللي رجعوا من الحرب
اتشجّعوا إن هُما يتجوزوا ويخلّفوا.,اتشجّعوا ان هُما يتجوزوا ويخلّفوا.
"جيل جديد، يا عزيزي، عُرف بـ""جيل الطفرة""،","جيل جديد، يا عزيزي، عُرف ب""جيل الطفره""،"
دا، يا عزيزي، الجيل اللي ما شافش شَقا،,دا، يا عزيزي، الجيل اللي ما شافش شَقا،
دا الجيل اللي ما حضرش حرب عالمية تانية وكساد عظيم.,دا الجيل اللي ما حضرش حرب عالميه تانيه وكساد عظيم.
بنشوف في الخمسينات ظهور لأول مرة للطبقة الوسطى،,بنشوف في الخمسينات ظهور لاول مره للطبقه الوسطي،
الطبقة اللي بتعيش الحلم الأمريكي بتاع الأفلام،,الطبقه اللي بتعيش الحلم الامريكي بتاع الافلام،
عربية، جنينة، بيت في الضواحي، خطة تقاعد.,عربيه، جنينه، بيت في الضواحي، خطه تقاعد.
ولكن ورا هذا المشهد المثالي، زي ما احنا عارفين،,ولكن ورا هذا المشهد المثالي، زي ما احنا عارفين،
كان هُناك توتر مكتوم تحت السطح، مستني ينفجر في أي لحظة،,كان هُناك توتر مكتوم تحت السطح، مستني ينفجر في اي لحظه،
كما تعلم، يا عزيزي، أول قاعدة في المدينة الفاضلة،,كما تعلم، يا عزيزي، اول قاعده في المدينه الفاضله،
إنه لا توجد مدينة فاضلة!,انه لا توجد مدينه فاضله!
المجتمع دا، يا عزيزي، كان مثالي،,المجتمع دا، يا عزيزي، كان مثالي،
لأنه لم يكُن مسموح لأي شيء غير مثالي أن يظهر،,لانه لم يكُن مسموح لاي شيء غير مثالي ان يظهر،
الشيء الغير مثالي ممكن يبقى موجود، ولكن ما يظهرش،,الشيء الغير مثالي ممكن يبقي موجود، ولكن ما يظهرش،
"كل الرجالة في ""أمريكا"" هُما موظفين في مشروع الحلم الأمريكي الكبير،","كل الرجاله في ""امريكا"" هُما موظفين في مشروع الحلم الامريكي الكبير،"
"""نصحى الصبح، نروح الشغل، نخلّص الشغل ونرجع من الشغل،","""نصحي الصبح، نروح الشغل، نخلّص الشغل ونرجع من الشغل،"
"ما نفكرش برة هذه الحدود.""","ما نفكرش بره هذه الحدود."""
أما الستات اللي شالوا المصانع وقت الحرب، وقت ما كان الرجالة بيحاربوا،,اما الستات اللي شالوا المصانع وقت الحرب، وقت ما كان الرجاله بيحاربوا،
فبعد الحرب، اتقالّهم نفس الجملة اللي بتعبّر عن العجز الذكوري،,فبعد الحرب، اتقالّهم نفس الجمله اللي بتعبّر عن العجز الذكوري،
"""انتي ترجعي المطبخ!""","""انتي ترجعي المطبخ!"""
لو واحدة عندها طموح وقدرات إنها تشتغل،,لو واحده عندها طموح وقدرات انها تشتغل،
هتُقابَل بنظرة دونية وضغط من المجتمع,هتُقابَل بنظره دونيه وضغط من المجتمع
"إن هي ""لأ، اقعدي انتي في البيت.""","ان هي ""لا، اقعدي انتي في البيت."""
ودي الصورة اللي كانت القوى الناعمة بتحاول تظهرها،,ودي الصوره اللي كانت القوي الناعمه بتحاول تظهرها،
في السينما، في التليفزيون، وفي كل حتة، بنشوف رسالة واضحة،,في السينما، في التليفزيون، وفي كل حته، بنشوف رساله واضحه،
الست بتظهر كأنها poster من جزء في حدوتة جميلة،,الست بتظهر كانها من جزء في حدوته جميله،
ربة منزل بتنضّف وبتربّي العيال، واقفة بالريشة كدا.,ربه منزل بتنضّف وبتربّي العيال، واقفه بالريشه كدا.
بنسيب الرجالة والستات، ونرجع للشباب الصغير، النشء، البراعم،,بنسيب الرجاله والستات، ونرجع للشباب الصغير، النشء، البراعم،
هتلاقيهم، يا عزيزي، جواهم بيغلوا،,هتلاقيهم، يا عزيزي، جواهم بيغلوا،
كل حاجة ممنوعة، كل الأفكار بتاعتهم بيتقالّها لأ،,كل حاجه ممنوعه، كل الافكار بتاعتهم بيتقالّها لا،
عشان كدا، هتلاقي المجتمع بيتفاجأ بتمرُّد بيظهر فجأة،,عشان كدا، هتلاقي المجتمع بيتفاجا بتمرُّد بيظهر فجاه،
بيظهر عن طريق الموسيقى الثورية،,بيظهر عن طريق الموسيقي الثوريه،
"موسيقى مثلًا زي الـ""روك آند رول""،","موسيقي مثلًا زي ال""روك اند رول""،"
"وفي أفلام مثلًا، زي فيلم ""متمرد بلا قضية""،","وفي افلام مثلًا، زي فيلم ""متمرد بلا قضيه""،"
"اللي العنوان بتاعه بيعبّر عن ملايين الشباب في ""أمريكا""،","اللي العنوان بتاعه بيعبّر عن ملايين الشباب في ""امريكا""،"
"""أنا عايز أتمرد وخلاص!""","""انا عايز اتمرد وخلاص!"""
كدا، يا عزيزي، أنا ورّيتك هذه الصورة على مستوى الأفراد،,كدا، يا عزيزي، انا ورّيتك هذه الصوره علي مستوي الافراد،
في الخلفية بقى، فيه حاجة كبيرة جدًا جدًا جدًا جدًا جدًا بتحصل،,في الخلفيه بقي، فيه حاجه كبيره جدًا جدًا جدًا جدًا جدًا بتحصل،
"في الخلفية اسمها ""الحرب الباردة"".","في الخلفيه اسمها ""الحرب البارده""."
"""أمريكا""، يا عزيزي، بعد مشروع ""مانهاتن"" كانت متطمنة","""امريكا""، يا عزيزي، بعد مشروع ""مانهاتن"" كانت متطمنه"
إنها الدولة الوحيدة اللي معاها سلاح نووي،,انها الدوله الوحيده اللي معاها سلاح نووي،
"عشان فجأة كدا، يجيلهم السوفييت يقولولهم: ""سلام عليكم!","عشان فجاه كدا، يجيلهم السوفييت يقولولهم: ""سلام عليكم!"
"احنا كمان معانا سلاح نووي.""","احنا كمان معانا سلاح نووي."""
السوفييت بيفجروا أول قنبلة نووية سنة 1949،,السوفييت بيفجروا اول قنبله نوويه سنه 1949،
من ساعتها، يا عزيزي، والناس عايشة في رعب شديد،,من ساعتها، يا عزيزي، والناس عايشه في رعب شديد،
"فبتلاقي المدارس في ""أمريكا"" بتمرّن العيال على حالات الطوارئ،","فبتلاقي المدارس في ""امريكا"" بتمرّن العيال علي حالات الطواري،"
زي إيه؟ مش تسريب غاز، مش حريقة في فصل،,زي ايه؟ مش تسريب غاز، مش حريقه في فصل،
مش حريقة في أوضة الكِوَر،,مش حريقه في اوضه الكِوَر،
لأ، احنا بنتمرن على الانفجارات النووية!,لا، احنا بنتمرن علي الانفجارات النوويه!
"""أيوة، يا (أبو حميد)، ممكن تقولّي على التمرين يا (أبو حميد)؟!""","""ايوه، يا ابو حميد ، ممكن تقولّي علي التمرين يا ابو حميد """
أه، يا عزيزي، تعمل كداهو...,اه، يا عزيزي، تعمل كداهو
استرها معانا يا رب.,استرها معانا يا رب.
"البيوت في ""أمريكا"" بقت بتبني ملاجئ من القنابل،","البيوت في ""امريكا"" بقت بتبني ملاجي من القنابل،"
الخوف مع الوقت تحوّل إلى هَوَس، obsession،,الخوف مع الوقت تحوّل الي هَوَس، ،
الأمريكان ظهرلهم بُعبُع، معاه قنبلة نووية، عايش في قارة بعيدة،,الامريكان ظهرلهم بُعبُع، معاه قنبله نوويه، عايش في قاره بعيده،
"ومش طايق حاجة اسمها ""أمريكا""!","ومش طايق حاجه اسمها ""امريكا""!"
بنشوف، يا عزيزي، الأمريكان من كتر الخوف بيدخلوا في حالة من البارانويا،,بنشوف، يا عزيزي، الامريكان من كتر الخوف بيدخلوا في حاله من البارانويا،
"أي حد عنده أفكار مشابهة لأفكار ""الاتحاد السوفييتي""،","اي حد عنده افكار مشابهه لافكار ""الاتحاد السوفييتي""،"
بيتقال إنه خاين وعميل وإنه خطر،,بيتقال انه خاين وعميل وانه خطر،
فبتظهر مثلًا المكارثية،,فبتظهر مثلًا المكارثيه،
"ودي كانت حملة قادها السيناتور ""جوزيف مكارثر""","ودي كانت حمله قادها السيناتور ""جوزيف مكارثر"""
شَبَه كدا محاكم التفتيش، نسخة القرن الـ20،,شَبَه كدا محاكم التفتيش، نسخه القرن ال20،
أي فنان بقى، مثقف،,اي فنان بقي، مثقف،
أي حد هيتشك إنه شيوعي، أو يعرف حد شيوعي،,اي حد هيتشك انه شيوعي، او يعرف حد شيوعي،
أو يعرف حد يعرف حد ممكن يبقى عارف حد إنه شيوعي،,او يعرف حد يعرف حد ممكن يبقي عارف حد انه شيوعي،
دا هيتفصل ويتحاكم وهيتم نبذه اجتماعيًا!,دا هيتفصل ويتحاكم وهيتم نبذه اجتماعيًا!
هوس الأمريكان ضد الشيوعية هيمتد حتى لسياساتهم الخارجية،,هوس الامريكان ضد الشيوعيه هيمتد حتي لسياساتهم الخارجيه،
"""للأسف، صعب إن احنا ندخل حرب نووية،","""للاسف، صعب ان احنا ندخل حرب نوويه،"
لأن العالم هيتدمر،,لان العالم هيتدمر،
فمشروع السيادة في العالَم بالقوة النووية,فمشروع السياده في العالَم بالقوه النوويه
هيبقى من غير عالَم! هيبقى سيادة فارغة!,هيبقي من غير عالَم! هيبقي سياده فارغه!
بس احنا نقدر نعمل حاجة،,بس احنا نقدر نعمل حاجه،
مش هنحارب بترسانتنا النووية،,مش هنحارب بترسانتنا النوويه،
فاحنا نساعد ناس بتحارب ناس,فاحنا نساعد ناس بتحارب ناس
بتتلقى مساعدة من الناس اللي احنا عايزين نحاربهم،,بتتلقي مساعده من الناس اللي احنا عايزين نحاربهم،
"بس احنا والناس اللي عايزين نحاربهم ما بنحاربش بعض.""","بس احنا والناس اللي عايزين نحاربهم ما بنحاربش بعض."""
وهنا، يا عزيزي، هتبدأ الـCIA والمخابرات الأمريكية,وهنا، يا عزيزي، هتبدا ال والمخابرات الامريكيه
يدّبروا انقلابات في أي أماكن نفوذهم بيتهدد فيها،,يدّبروا انقلابات في اي اماكن نفوذهم بيتهدد فيها،
"زي مثلًا، انقلاب ""إيران"" سنة 1953،","زي مثلًا، انقلاب ""ايران"" سنه 1953،"
"و""جواتيمالا"" سنة 1954.","و""جواتيمالا"" سنه 1954."
النفوذ الأمريكي بيبدأ يكبر،,النفوذ الامريكي بيبدا يكبر،
ومعاه بتكبر الكراهية اللي ضده.,ومعاه بتكبر الكراهيه اللي ضده.
"الحقيقة إن أكبر كراهية هتهدد ""أمريكا"" هتكون طالعة من جواها،","الحقيقه ان اكبر كراهيه هتهدد ""امريكا"" هتكون طالعه من جواها،"
لمّا نيجي نبُص، يا عزيزي، هنجد إن هُناك الملايين من الـAfro Americans,لمّا نيجي نبُص، يا عزيزي، هنجد ان هُناك الملايين من ال
بيعانوا من أكبر تناقض في الحلم الأمريكي، وهو العنصرية،,بيعانوا من اكبر تناقض في الحلم الامريكي، وهو العنصريه،
"الجنوب الأمريكي كان لسة عايش تحت حُكم ما يُعرف بـ""قوانين (جيم كرو)""،","الجنوب الامريكي كان لسه عايش تحت حُكم ما يُعرف ب""قوانين جيم كرو ""،"
دي كانت مجموعة من القوانين اللي كانت بتفصل السود عن البيض في كل حاجة،,دي كانت مجموعه من القوانين اللي كانت بتفصل السود عن البيض في كل حاجه،
"""مدارسنا غير مدارسكم،","""مدارسنا غير مدارسكم،"
مواصلاتنا غير مواصلاتكم،,مواصلاتنا غير مواصلاتكم،
رياضاتنا غير رياضاتكم،,رياضاتنا غير رياضاتكم،
مطاعمنا وحمّاماتنا غير مطاعمهم وحمّاماتهم،,مطاعمنا وحمّاماتنا غير مطاعمهم وحمّاماتهم،
مع إننا بناكل نفس الأشياء،,مع اننا بناكل نفس الاشياء،
"والمفروض إن احنا بنطلّع نفس الأشياء!""","والمفروض ان احنا بنطلّع نفس الاشياء!"""
لو انت كنت أسود في هذا الوقت،,لو انت كنت اسود في هذا الوقت،
فانت ما لكش access على خدمات كتير جدًا،,فانت ما لكش علي خدمات كتير جدًا،
حق التصويت بالنسبالك كان شِبه مستحيل،,حق التصويت بالنسبالك كان شِبه مستحيل،
حياتك مهددة لأقل اشتباه إن انت ممكن تبقى مجرم!,حياتك مهدده لاقل اشتباه ان انت ممكن تبقي مجرم!
العنف دا وصل لذروته,العنف دا وصل لذروته
"مع جريمة ""إيميت تيل"" اللي حصلت سنة 1955،","مع جريمه ""ايميت تيل"" اللي حصلت سنه 1955،"
طفل أسود بيتعرّض للتعذيب لحد ما بيموت،,طفل اسود بيتعرّض للتعذيب لحد ما بيموت،
كل دا ليه؟ لمجرد اشتباه كاذب إنه صفّر لست بيضا في محل.,كل دا ليه؟ لمجرد اشتباه كاذب انه صفّر لست بيضا في محل.
"تسألني تقولّي: ""اللي عذبوه وقتلوه حصلّهم إيه؟""","تسالني تقولّي: ""اللي عذبوه وقتلوه حصلّهم ايه؟"""
أقولّك إن المحكمة برّأتهم في أقل من ساعة.,اقولّك ان المحكمه برّاتهم في اقل من ساعه.
بس بنشوف أم الطفل بتُصِرّ على جنازة بتابوت مفتوح للولد،,بس بنشوف ام الطفل بتُصِرّ علي جنازه بتابوت مفتوح للولد،
"وقالت: ""أنا عايزة العالَم كله يشوف عملوا إيه في ابني.""","وقالت: ""انا عايزه العالَم كله يشوف عملوا ايه في ابني."""
"الصور عملت صدمة كبيرة جدًا جدًا في ""أمريكا"".","الصور عملت صدمه كبيره جدًا جدًا في ""امريكا""."
"بعدها بشهور، بنشوف ست بسيطة في مقاطعة ""مونتجمري""","بعدها بشهور، بنشوف ست بسيطه في مقاطعه ""مونتجمري"""
"اسمها ""روزا باركس""،","اسمها ""روزا باركس""،"
الست دي بترفض إنها تقوم من على الكرسي بتاعها في الأتوبيس,الست دي بترفض انها تقوم من علي الكرسي بتاعها في الاتوبيس
لراجل أبيض كان واقف.,لراجل ابيض كان واقف.
انت المفروض كشخص أسود داخل عليك رجُل أبيض، المفروض تقومله،,انت المفروض كشخص اسود داخل عليك رجُل ابيض، المفروض تقومله،
فالست بمعايير هذا الوقت تجرأت على هذا الفعل الفردي،,فالست بمعايير هذا الوقت تجرات علي هذا الفعل الفردي،
"الفعل دا فجّر مقاطعة جماعية من السود لأتوبيسات ""مونتجمري""،","الفعل دا فجّر مقاطعه جماعيه من السود لاتوبيسات ""مونتجمري""،"
مقاطعة فضلت مستمرة لأكتر من 350 يوم.,مقاطعه فضلت مستمره لاكتر من 350 يوم.
وسط، يا عزيزي، كل هذه الأحداث، بيظهرلنا قس شاب،,وسط، يا عزيزي، كل هذه الاحداث، بيظهرلنا قس شاب،
"قس شاب معروف باسم ""مارتن لوثر كينج"".","قس شاب معروف باسم ""مارتن لوثر كينج""."
"""مارتن لوثر كينج""، يا عزيزي، بيوحّد غضب السود","""مارتن لوثر كينج""، يا عزيزي، بيوحّد غضب السود"
في حركة مقاومة كبيرة جدًا،,في حركه مقاومه كبيره جدًا،
حركة مقاومة كبيرة وسلمية،,حركه مقاومه كبيره وسلميه،
"""مارتن لوثر كينج"" كان مصمم على سياسة اللاعنف، ""مش هنحاربهم.""","""مارتن لوثر كينج"" كان مصمم علي سياسه اللاعنف، ""مش هنحاربهم."""
الحركة دي هتجبر المحكمة إن هُما ينهوا الفصل في الأتوبيسات،,الحركه دي هتجبر المحكمه ان هُما ينهوا الفصل في الاتوبيسات،
وهيشجع ملايين السود إن هُما يقرروا يخالفوا قوانين العنصرية دي بنفسهم،,وهيشجع ملايين السود ان هُما يقرروا يخالفوا قوانين العنصريه دي بنفسهم،
"""اقف للراجل الأبيض، وحُط عينك في عينه، انت مش أقل منه في حاجة.""","""اقف للراجل الابيض، وحُط عينك في عينه، انت مش اقل منه في حاجه."""
فبنشوف سنة 1960,فبنشوف سنه 1960
"4 طلاب سود بيدخلوا أحد المطاعم المخصصة للبيض في ""نورث كارولينا""،","4 طلاب سود بيدخلوا احد المطاعم المخصصه للبيض في ""نورث كارولينا""،"
يا دوبك قعدوا، وهنا، بيبدأ تحدي مباشر لقوانين الفصل،,يا دوبك قعدوا، وهنا، بيبدا تحدي مباشر لقوانين الفصل،
بنشوف العيال اتشتمت واتضربت واتهانت،,بنشوف العيال اتشتمت واتضربت واتهانت،
"وبرضه، ما حاولوش يردوا احترامًا للي ""مارتن لوثر كينج"" كان بيقوله","وبرضه، ما حاولوش يردوا احترامًا للي ""مارتن لوثر كينج"" كان بيقوله"
"من ""إن احنا، يا جماعة، محتاجين نلتزم السلمية.""","من ""ان احنا، يا جماعه، محتاجين نلتزم السلميه."""
مشهد بنشوفه مش بس هنا،,مشهد بنشوفه مش بس هنا،
بنشوفه في عشرات المدن،,بنشوفه في عشرات المدن،
وبنشوف الرأي العام بيبدأ يتعاطف معاهم.,وبنشوف الراي العام بيبدا يتعاطف معاهم.
وبدخولنا للستينات، كان التناقض في التعامل مع المُواطن الأمريكي لا يُحتمل،,وبدخولنا للستينات، كان التناقض في التعامل مع المُواطن الامريكي لا يُحتمل،
وابتدت الناس تسأل بجد:,وابتدت الناس تسال بجد:
"""ازاي الأرض اللي احنا فيها، اللي فيها حرية،","""ازاي الارض اللي احنا فيها، اللي فيها حريه،"
اللي فيها ديمقراطية،,اللي فيها ديمقراطيه،
اللي فيها هذا الحلم الأمريكي الجميل،,اللي فيها هذا الحلم الامريكي الجميل،
اللي بيوعد كل دوَل العالم إن فيه طريق أفضل،,اللي بيوعد كل دوَل العالم ان فيه طريق افضل،
ازاي بقى فيها نفسها فيه هؤلاء الناس المحرومين من هذا الحلم؟!,ازاي بقي فيها نفسها فيه هولاء الناس المحرومين من هذا الحلم
ازاي بقى بلد بتسمي نفسها بـ(أرض الحرية),ازاي بقي بلد بتسمي نفسها ب ارض الحريه
"عايش على أرضها، جواها، ملايين من العبيد؟!""","عايش علي ارضها، جواها، ملايين من العبيد """
دولة محتاجة رئيس بروح جديدة،,دوله محتاجه رييس بروح جديده،
رئيس يحل التناقض، ويرجّع للإمبراطورية توازنها.,رييس يحل التناقض، ويرجّع للامبراطوريه توازنها.
"- وهنا ظهر مين؟ - ""مين يا (أبو حميد)؟""","- وهنا ظهر مين؟ - ""مين يا ابو حميد ؟"""
"""جون كينيدي"".","""جون كينيدي""."
"تعالى، يا عزيزي، آخدك من إيدك، ونخش بيت عيلة ""كينيدي""،","تعالي، يا عزيزي، اخدك من ايدك، ونخش بيت عيله ""كينيدي""،"
ونكشف أسراره.,ونكشف اسراره.
البيت، يا عزيزي، لم يكُن بيت عادي،,البيت، يا عزيزي، لم يكُن بيت عادي،
وإنما كان مصنع.,وانما كان مصنع.
"""مصنع إيه يا (أبو حميد)؟""","""مصنع ايه يا ابو حميد ؟"""
مصنع طُموح،,مصنع طُموح،
"الأب، ""جوزيف كينيدي""، رجُل من أصل أيرلندي كاثوليكي،","الاب، ""جوزيف كينيدي""، رجُل من اصل ايرلندي كاثوليكي،"
راجل ناجح وعامل ثروة ضخمة،,راجل ناجح وعامل ثروه ضخمه،
ولكن كان بينتابه إحساس بالرفض، مش accepted!,ولكن كان بينتابه احساس بالرفض، مش !
"النخبة البروتستانتية في ""بوسطن"" ما كانتش قابلاه،","النخبه البروتستانتيه في ""بوسطن"" ما كانتش قابلاه،"
لأنه رجُل كاثوليكي.,لانه رجُل كاثوليكي.
الإحساس دا جواه، زي ما تقول كدا، أشعل نار جواه,الاحساس دا جواه، زي ما تقول كدا، اشعل نار جواه
إنه لازم يثبِت نفسه،,انه لازم يثبِت نفسه،
بيته هيتحول إلى معسكر صارم،,بيته هيتحول الي معسكر صارم،
"شعاره إن ""احنا ما بنقبلش غير بالفوز.","شعاره ان ""احنا ما بنقبلش غير بالفوز."
الخسارة عار.,الخساره عار.
"أنا مش بربي أطفال، أنا بطلّع كوادر!""","انا مش بربي اطفال، انا بطلّع كوادر!"""
بنشوف من وسط أطفاله الـ9،,بنشوف من وسط اطفاله ال9،
بيطلعلنا 2 مميزين جدًا،,بيطلعلنا 2 مميزين جدًا،
"""جو جونيور"" و""جون كينيدي"".","""جو جونيور"" و""جون كينيدي""."
"""جو جونيور"" أخو ""كينيدي"" كان ابن مثالي،","""جو جونيور"" اخو ""كينيدي"" كان ابن مثالي،"
شَبَه الصورة اللي كان الأب بيتمناها،,شَبَه الصوره اللي كان الاب بيتمناها،
هو دا الواد الكويس المطيع،,هو دا الواد الكويس المطيع،
شاب جسمه حلو، صحته حلوة،,شاب جسمه حلو، صحته حلوه،
"على عكس بقى ""جون""،","علي عكس بقي ""جون""،"
اللي كان جسمه ضعيف وعنده أمراض مزمنة،,اللي كان جسمه ضعيف وعنده امراض مزمنه،
"دا كان عنده داء ""أديسون""، اللي بيضعف المناعة.","دا كان عنده داء ""اديسون""، اللي بيضعف المناعه."
"نُص طفولة ""جون كينيدي"" كان بيقضّيها في المستشفيات.","نُص طفوله ""جون كينيدي"" كان بيقضّيها في المستشفيات."
ولكن وهو بقى في المستشفى قاعد على السرير كدا،,ولكن وهو بقي في المستشفي قاعد علي السرير كدا،
كان بياكل كُتُب التاريخ والسياسة أكل،,كان بياكل كُتُب التاريخ والسياسه اكل،
قعد يقرا يقرا يقرا،,قعد يقرا يقرا يقرا،
لحد ما بقى عنده نوع تاني من الذكاء،,لحد ما بقي عنده نوع تاني من الذكاء،
ذكاء قايم على التحليل.,ذكاء قايم علي التحليل.
"مثلًا، مرة أخوه ""جو"" دخل خناقة،","مثلًا، مره اخوه ""جو"" دخل خناقه،"
"هنا، ""جون"" بدل ما يتهور، ويخش لأخوه وصاحبه يضرب معاه،","هنا، ""جون"" بدل ما يتهور، ويخش لاخوه وصاحبه يضرب معاه،"
لأ، دا قعد برة بيراهن بالبلي,لا، دا قعد بره بيراهن بالبلي
شغّل الـ1xbet،,شغّل ال1 ،
وقعد يراهن على أخوه إن هو اللي هيكسب في الخناقة.,وقعد يراهن علي اخوه ان هو اللي هيكسب في الخناقه.
التنافسية بين الأخين كانت حاضرة وموجودة،,التنافسيه بين الاخين كانت حاضره وموجوده،
"""جو جونيور"" بالقوة، و""جون كينيدي"" بالدهاء.","""جو جونيور"" بالقوه، و""جون كينيدي"" بالدهاء."
"مع الوقت، ذكاء ""جون"" هيخلّيه يخرج من عباية أبوه،","مع الوقت، ذكاء ""جون"" هيخلّيه يخرج من عبايه ابوه،"
هيبدأ يتمرد على أفكار الأب نفسه،,هيبدا يتمرد علي افكار الاب نفسه،
الأب، زي كتير من الأمريكان،,الاب، زي كتير من الامريكان،
"كان مُعارض إن ""أمريكا"" تخش الحرب العالمية التانية،","كان مُعارض ان ""امريكا"" تخش الحرب العالميه التانيه،"
"ولكن ""جون"" ابنه في نفس الوقت","ولكن ""جون"" ابنه في نفس الوقت"
كان لمّا كان طالب جامعي،,كان لمّا كان طالب جامعي،
كان بيكتب أطروحة بعنوان...,كان بيكتب اطروحه بعنوان
"""إيه اللي نيّم (إنجلترا)"".","""ايه اللي نيّم انجلترا ""."
في الأطروحة دي كان بينتقد العزلة الأمريكية،,في الاطروحه دي كان بينتقد العزله الامريكيه،
"ليه يا ""أمريكا"" انتي نايمة أمام خطر مرعب،","ليه يا ""امريكا"" انتي نايمه امام خطر مرعب،"
"مش بس بيهدد ""أوروبا""، لا، دا بيهدد العالّم كله؟!","مش بس بيهدد ""اوروبا""، لا، دا بيهدد العالّم كله"
المنافسة بين الأخين بتفضل مكمّلة لحد سنة 1944،,المنافسه بين الاخين بتفضل مكمّله لحد سنه 1944،
"بتخلص المنافسة على إيه؟ بتنتهي، يا عزيزي، بوفاة أخوه ""جو جونيور"".","بتخلص المنافسه علي ايه؟ بتنتهي، يا عزيزي، بوفاه اخوه ""جو جونيور""."
"النهاية المأساوية لـ""جو جونيور"" كانت في مهمة انتحارية،","النهايه الماساويه ل""جو جونيور"" كانت في مهمه انتحاريه،"
لمّا خرجت طيارة عليها متفجرات،,لمّا خرجت طياره عليها متفجرات،
إلا إن الطيارة انفجرت، وهو كان جواها، قبل ما يلحق ينُط منها،,الا ان الطياره انفجرت، وهو كان جواها، قبل ما يلحق ينُط منها،
وجثته بتختفي مع الحطام،,وجثته بتختفي مع الحطام،
"عشان يختفي معاها مشروع الأب في إنه يبقى عنده ابن رئيس ""أمريكا"" القادم،","عشان يختفي معاها مشروع الاب في انه يبقي عنده ابن رييس ""امريكا"" القادم،"
"""دا الشاب الـ(سوبرمان) اللي هيطلّع يعبّر عن الحلم الأمريكي، اللي أنا كنت مربّيه!""","""دا الشاب ال سوبرمان اللي هيطلّع يعبّر عن الحلم الامريكي، اللي انا كنت مربّيه!"""
"فجأة، ""جون كينيدي"" الطفل الضعيف،","فجاه، ""جون كينيدي"" الطفل الضعيف،"
اللي كان بالنسبة للأب الاستبن لأخوه،,اللي كان بالنسبه للاب الاستبن لاخوه،
بقى هو الأمل الوحيد في حلم الأب.,بقي هو الامل الوحيد في حلم الاب.
"وقت الحادثة، كان ""جون كينيدي"" ظابط بحرية،","وقت الحادثه، كان ""جون كينيدي"" ظابط بحريه،"
"كان قائد أحد الزوارق في ""المحيط الهادي"".","كان قايد احد الزوارق في ""المحيط الهادي""."
وقت الحرب، دخلت فيهم مدمرة يابانية،,وقت الحرب، دخلت فيهم مدمره يابانيه،
فجأة، الزورق غرق، واتنين من الجنود ماتوا،,فجاه، الزورق غرق، واتنين من الجنود ماتوا،
"إلا إن ""جون كينيدي"" نجح إنه ينقذ الباقيين اللي معاه.","الا ان ""جون كينيدي"" نجح انه ينقذ الباقيين اللي معاه."
"بنشوف هنا، مظاهر البطولة عند ""كينيدي""،","بنشوف هنا، مظاهر البطوله عند ""كينيدي""،"
بنشوفه وهو بيسحب المصابين لجزيرة معزولة،,بنشوفه وهو بيسحب المصابين لجزيره معزوله،
لحد ما بيتم إنقاذه هو وجنوده بعد 6 أيام.,لحد ما بيتم انقاذه هو وجنوده بعد 6 ايام.
واحدة من القصص البطولية اللي كانت في الحرب،,واحده من القصص البطوليه اللي كانت في الحرب،
واحدة من القصص الكتير.,واحده من القصص الكتير.
إلا إن الأب مش هيشوف غيرها،,الا ان الاب مش هيشوف غيرها،
هيحوّل هذه القصة لأسطورة،,هيحوّل هذه القصه لاسطوره،
وهيمشي ينشرها، بسم الله، ما شاء الله، في كل الصحف بعنوان:,وهيمشي ينشرها، بسم الله، ما شاء الله، في كل الصحف بعنوان:
"""ابن (كينيدي) بطل (المحيط الهادي)""","""ابن كينيدي بطل المحيط الهادي """
"""جيه. إف. كيه."" اسم الله عليه، اسم الله عليه!","""جيه. اف. كيه."" اسم الله عليه، اسم الله عليه!"
الحقيقة، يا عزيزي، الدعاية اللي عملها الأب كانت مغطية على بعض الحقايق  في هذه الحادثة،,الحقيقه، يا عزيزي، الدعايه اللي عملها الاب كانت مغطيه علي بعض الحقايق في هذه الحادثه،
الحادثة دي لم تكُن بطولة،,الحادثه دي لم تكُن بطوله،
ولكنها كانت عملية إنقاذ لفشل قبل كدا،,ولكنها كانت عمليه انقاذ لفشل قبل كدا،
الزورق خبط في مركب، كان المفروض هو اللي يغرّقه،,الزورق خبط في مركب، كان المفروض هو اللي يغرّقه،
أو على أقل تقدير، يهرب منه!,او علي اقل تقدير، يهرب منه!
"الأب كمان نجح في إن هو يغطّي على أمراض ""جون"" الجسدية،","الاب كمان نجح في ان هو يغطّي علي امراض ""جون"" الجسديه،"
"""الواد ما كانتش صحته تعبانة قبل كدا،","""الواد ما كانتش صحته تعبانه قبل كدا،"
الواد صحته راحت في حُب (أمريكا)!,الواد صحته راحت في حُب امريكا !
كل اللي عنده دا، إصابات من الحرب والملاريا والعملية بتاعة الزورق،,كل اللي عنده دا، اصابات من الحرب والملاريا والعمليه بتاعه الزورق،
"وابني ضاعت صحته في الوطنية.""","وابني ضاعت صحته في الوطنيه."""
وراح الأب، يا عزيزي، طابع القصة دي،,وراح الاب، يا عزيزي، طابع القصه دي،
ونشرها في آلاف المنشورات الانتخابية،,ونشرها في الاف المنشورات الانتخابيه،
"وبدأ يوزعها على الناس: ""ابني بطل، ابني بطل.""","وبدا يوزعها علي الناس: ""ابني بطل، ابني بطل."""
لجان إلكترونية قبل أن يكون هُناك لجان إلكترونية!,لجان الكترونيه قبل ان يكون هُناك لجان الكترونيه!
"وصنع من ""جون"" صورة الرجُل الذي لا يُقهر.","وصنع من ""جون"" صوره الرجُل الذي لا يُقهر."
"بيفضل الأب يدعم ابنه، لحد ما يدخل الـ""كونجرس""،","بيفضل الاب يدعم ابنه، لحد ما يدخل ال""كونجرس""،"
وبعد كدا، مجلس الشيوخ،,وبعد كدا، مجلس الشيوخ،
بعد كدا، سباق الرئاسة 1960.,بعد كدا، سباق الرياسه 1960.
"""جون"" كان ظاهر قُدّام الناس بصورة الشاب الوسيم،","""جون"" كان ظاهر قُدّام الناس بصوره الشاب الوسيم،"
"بطل الحرب، صاحب الـ""كاريزما"" الجبارة،","بطل الحرب، صاحب ال""كاريزما"" الجباره،"
ما حدش ملاحظ إن هذا الشاب واقف أمامنا بالمسكّنات والكورتيزون،,ما حدش ملاحظ ان هذا الشاب واقف امامنا بالمسكّنات والكورتيزون،
"هذا الشاب ذو الـ""كاريزما"" ماشي بشنطة الأدوية!","هذا الشاب ذو ال""كاريزما"" ماشي بشنطه الادويه!"
"ولكن، يا عزيزي، الطريق لـ""البيت الأبيض"" ليس مفروشًا بالورود،","ولكن، يا عزيزي، الطريق ل""البيت الابيض"" ليس مفروشًا بالورود،"
"ترشيح ""جيه. إف. كيه"" لنفسه كان أشبه بقُمار،","ترشيح ""جيه. اف. كيه"" لنفسه كان اشبه بقُمار،"
لأنه أصغر المرشحين للرئاسة سنًا،,لانه اصغر المرشحين للرياسه سنًا،
كان عنده 43 سنة بس،,كان عنده 43 سنه بس،
43 سنة في عمر المرشحين، toddler! بيسنّن!,43 سنه في عمر المرشحين، ! بيسنّن!
"""جون"" كمان كان أول كاثوليكي يقرب من الفوز،","""جون"" كمان كان اول كاثوليكي يقرب من الفوز،"
في بلد، زي ما قُلنا، أغلبيتها بروتسانت.,في بلد، زي ما قُلنا، اغلبيتها بروتسانت.
"""كينيدي"" بذكائه ودهائه، فهم المزاج الأمريكي في اللحظة دي،","""كينيدي"" بذكايه ودهايه، فهم المزاج الامريكي في اللحظه دي،"
"""في جو الحرب الباردة، اللي احنا عايشينه دا،","""في جو الحرب البارده، اللي احنا عايشينه دا،"
أي سياسي هيظهر بمظهر ليّن ومتساهل مع الشيوعية،,اي سياسي هيظهر بمظهر ليّن ومتساهل مع الشيوعيه،
"هيكون بيحكُم على مسيرته بالفشل قبل ما تبدأ.""","هيكون بيحكُم علي مسيرته بالفشل قبل ما تبدا."""
"عشان كدا، ""كينيدي"" هيهاجم إدارة ""أيزنهاور""، إدارة ""نيكسون""،","عشان كدا، ""كينيدي"" هيهاجم اداره ""ايزنهاور""، اداره ""نيكسون""،"
"واتهمهم بالتساهل مع ""كاسترو""،","واتهمهم بالتساهل مع ""كاسترو""،"
لحد ما هتيجي لحظة هتغيّر السباق كله لصالحه.,لحد ما هتيجي لحظه هتغيّر السباق كله لصالحه.
الانتخابات الأمريكية هيتم حسمها من آخر مكان تتوقعه آنذاك،,الانتخابات الامريكيه هيتم حسمها من اخر مكان تتوقعه انذاك،
التليفزيون،,التليفزيون،
"الأمريكان هيقعدوا يتفرجوا في هذا الوقت على أول مناظرة رئاسية في تاريخ ""أمريكا""،","الامريكان هيقعدوا يتفرجوا في هذا الوقت علي اول مناظره رياسيه في تاريخ ""امريكا""،"
"""كينيدي"" بيظهر بشكل هادي وواثق،","""كينيدي"" بيظهر بشكل هادي وواثق،"
"قُدّامه ""نيكسون"" تَعبان وعرقان وباين عليه الإراهق،","قُدّامه ""نيكسون"" تَعبان وعرقان وباين عليه الاراهق،"
الفرق والتناقض بين الصورتين خلّى ملايين الأمريكان يحسموا اختيارهم،,الفرق والتناقض بين الصورتين خلّي ملايين الامريكان يحسموا اختيارهم،
"""عايزين نروح لهذا الشاب الوسيم الجميل،","""عايزين نروح لهذا الشاب الوسيم الجميل،"
"مش عايزين نروح للراجل العجوز التاني!""","مش عايزين نروح للراجل العجوز التاني!"""
واللحظة الحاسمة كانت قبل الانتخابات بأسبوعين،,واللحظه الحاسمه كانت قبل الانتخابات باسبوعين،
"""مارتن لوثر كينج"" بيتقبض عليه من غير تهمة حقيقية،","""مارتن لوثر كينج"" بيتقبض عليه من غير تهمه حقيقيه،"
"طلّعوله مخالفة مرور قديمة، وبيقولوله: ""انت عملت خرق لشروط الإفراج،","طلّعوله مخالفه مرور قديمه، وبيقولوله: ""انت عملت خرق لشروط الافراج،"
احنا عاملينلك إفراج مشروط،,احنا عاملينلك افراج مشروط،
"انت كمُسجَّل المفروض تلتزم، مش تروح تخربها في المرور!""","انت كمُسجَّل المفروض تلتزم، مش تروح تخربها في المرور!"""
والقاضي تلاكيك بتلاكيك راح حاكم عليه بـ4 شهور سجن،,والقاضي تلاكيك بتلاكيك راح حاكم عليه ب4 شهور سجن،
"بيدخل سجن خطير جدًا اسمه ""ريدسفيل""،","بيدخل سجن خطير جدًا اسمه ""ريدسفيل""،"
وبتخرج إشاعات إن حياته مهددة.,وبتخرج اشاعات ان حياته مهدده.
"مراة ""مارتن لوثر كينج"" في هذا الوقت خرجت عشان تطلب المساعدة،","مراه ""مارتن لوثر كينج"" في هذا الوقت خرجت عشان تطلب المساعده،"
خصوصًا، إنها كانت حامل،,خصوصًا، انها كانت حامل،
وجوزها مقبوض عليه بشكل تعسفي،,وجوزها مقبوض عليه بشكل تعسفي،
"هنا، ""نيكسون"" خاف إن هو يخسر أصوات الجنوب،","هنا، ""نيكسون"" خاف ان هو يخسر اصوات الجنوب،"
"فسكت تمامًا عن اللي بيحصل لـ""مارتن لوثر كينج"".","فسكت تمامًا عن اللي بيحصل ل""مارتن لوثر كينج""."
"""كينيدي"" بقى، على الناحية التانية، قرر إنه ياخد موقف إيجابي،","""كينيدي"" بقي، علي الناحيه التانيه، قرر انه ياخد موقف ايجابي،"
اتصل بالزوجة بنفسه،,اتصل بالزوجه بنفسه،
"قالّها: ""أنا عارف إن الأيام دي صعبة،","قالّها: ""انا عارف ان الايام دي صعبه،"
"بس أنا واخد بالي من وضعك ووضع الدكتور (كينج)، جوزك.""","بس انا واخد بالي من وضعك ووضع الدكتور كينج ، جوزك."""
"""جون"" بعت واحد قرايبه اسمه ""روبرت كينيدي""،","""جون"" بعت واحد قرايبه اسمه ""روبرت كينيدي""،"
"عشان يتحرك قانونيًا ويساعد ""مارتن لوثر كينج""،","عشان يتحرك قانونيًا ويساعد ""مارتن لوثر كينج""،"
"وبعد يومين، الراجل بيخرج من السجن، و""شكرًا يا عم (جون كينيدي).""","وبعد يومين، الراجل بيخرج من السجن، و""شكرًا يا عم جون كينيدي ."""
الأخبار انتشرت بسرعة البرق،,الاخبار انتشرت بسرعه البرق،
واتوزعت منشورات كتير في أحياء السود،,واتوزعت منشورات كتير في احياء السود،
كله بيحكي عن اللي حصل،,كله بيحكي عن اللي حصل،
"والنتيجة كانت إن 70% من كتلة السود بيصوتوا لـ""جون إف. كينيدي""،","والنتيجه كانت ان 70 من كتله السود بيصوتوا ل""جون اف. كينيدي""،"
النسبة رجّحت كفّته في ولايات مهمة وحاسمة،,النسبه رجّحت كفّته في ولايات مهمه وحاسمه،
"مش أنا اللي هقولّك على اللي بيحصل في ""إلينوي""،","مش انا اللي هقولّك علي اللي بيحصل في ""الينوي""،"
اللي عرف يكسبها بـ9000 صوت.,اللي عرف يكسبها ب90 صوت.
"والد ""مارتن لوثر كينج""، اللي كان ناوي يدّي صوته لـ""نيكسون""،","والد ""مارتن لوثر كينج""، اللي كان ناوي يدّي صوته ل""نيكسون""،"
"لأنه كان شايف إن ""كينيدي"" كاثوليكي،","لانه كان شايف ان ""كينيدي"" كاثوليكي،"
"خرج وقال: ""أنا غيّرت رأيي، والآن أعرف مَن هو رئيسي.","خرج وقال: ""انا غيّرت رايي، والان اعرف مَن هو رييسي."
"اللي يمسح دموع مراة ابني، أنتخبه.""","اللي يمسح دموع مراه ابني، انتخبه."""
"""نيكسون""، يا عزيزي، بعد كدا، اعترف بعدها بسنتين،","""نيكسون""، يا عزيزي، بعد كدا، اعترف بعدها بسنتين،"
إن دي كانت أكبر غلطة عملها،,ان دي كانت اكبر غلطه عملها،
قال إن دقيقتين من الشجاعة كانوا كافيين إن هُما يغيّروا نتيجة الانتخابات.,قال ان دقيقتين من الشجاعه كانوا كافيين ان هُما يغيّروا نتيجه الانتخابات.
"في خطاب تنصيب ""جون كينيدي"" سنة 1961،","في خطاب تنصيب ""جون كينيدي"" سنه 1961،"
"""كينيدي"" طرح رؤية تُعرف باسم ""الآفاق الجديدة""،","""كينيدي"" طرح رويه تُعرف باسم ""الافاق الجديده""،"
"وقال للأمريكان: ""خُشوا معايا،","وقال للامريكان: ""خُشوا معايا،"
يلّا، تعالوا نغيّر (أمريكا)،,يلّا، تعالوا نغيّر امريكا ،
"التغيير عمره ما هيحصل لوحده.""","التغيير عمره ما هيحصل لوحده."""
الفكرة هتتبروز في جملته البليغة:,الفكره هتتبروز في جملته البليغه:
"""لا تسأل ماذا تفعل بلدك من أجلك،","""لا تسال ماذا تفعل بلدك من اجلك،"
اسأل، ماذا تفعل أنت من أجل بلادك.,اسال، ماذا تفعل انت من اجل بلادك.
ما تقولش إيه ادّتنا (الولايات)،,ما تقولش ايه ادّتنا الولايات ،
"قول: هندّي إيه لـ(الولايات).""","قول: هندّي ايه ل الولايات ."""
أول سنتين من الحُكم كانوا اختبارات شديدة الصعوبة،,اول سنتين من الحُكم كانوا اختبارات شديده الصعوبه،
"أول أزمة قابلته كانت أزمة ""خليج الخنازير"" سنة 1961،","اول ازمه قابلته كانت ازمه ""خليج الخنازير"" سنه 1961،"
"الـCIA قدّمت خطة إنها تخش ""كوبا"" وتُسقِط ""كاسترو""،","ال قدّمت خطه انها تخش ""كوبا"" وتُسقِط ""كاسترو""،"
"""شوية معارضين من المنفى، شوية قلق داخلي، وهوبا، هيطير!""","""شويه معارضين من المنفي، شويه قلق داخلي، وهوبا، هيطير!"""
ولكن عملية الـCIA فشلت، وتحولت إلى فضيحة كاملة،,ولكن عمليه ال فشلت، وتحولت الي فضيحه كامله،
"القوات اتاخدوا أسرى، و""كينيدي"" طلع يعترف بالفضيحة قُدّام العالم،","القوات اتاخدوا اسري، و""كينيدي"" طلع يعترف بالفضيحه قُدّام العالم،"
"وكف ""كاسترو"" كانت أد كدا على قفاه!","وكف ""كاسترو"" كانت اد كدا علي قفاه!"
"""جون كينيدي"" بيخرج من هذه الحادثة متعلّم الدرس كويس،","""جون كينيدي"" بيخرج من هذه الحادثه متعلّم الدرس كويس،"
"""مش هصدّق تقارير الاستخبارات بسهولة! هشكك!","""مش هصدّق تقارير الاستخبارات بسهوله! هشكك!"
"مهما ظهر مُحكَم، والتقرير قافش نفسه كدا، مش هشتريه أوي!""","مهما ظهر مُحكَم، والتقرير قافش نفسه كدا، مش هشتريه اوي!"""
"تاني اختبار لـ""جون كينيدي"" كان في قمة ""فيينا"" 1961،","تاني اختبار ل""جون كينيدي"" كان في قمه ""فيينا"" 1961،"
"""كينيدي"" وقف قُدّام الزعيم السوفييتي ""نيكيتا خورتشوف""،","""كينيدي"" وقف قُدّام الزعيم السوفييتي ""نيكيتا خورتشوف""،"
"وانت عارف ""خورتشوف""، ياما شاف وشاف، الراجل دا كان قاعد جنب ""ستالين""،","وانت عارف ""خورتشوف""، ياما شاف وشاف، الراجل دا كان قاعد جنب ""ستالين""،"
"فبص لـ""جون إف. كينيدي""، حاسس إن هو شاب، لا مؤاخذة، طري،","فبص ل""جون اف. كينيدي""، حاسس ان هو شاب، لا مواخذه، طري،"
راح كلمه بتعالي، وبصّله كدا من فوق لتحت،,راح كلمه بتعالي، وبصّله كدا من فوق لتحت،
"وقالّه: ""أنا عامل اتفاقية مع (ألمانيا)، من غير ما أقولّك، يا لا، أنا ما أعرفكش!""","وقالّه: ""انا عامل اتفاقيه مع المانيا ، من غير ما اقولّك، يا لا، انا ما اعرفكش!"""
"""كينيدي"" طلع بعدها وقال...","""كينيدي"" طلع بعدها وقال"
وصفها إنها أسوأ لحظة في حياته السياسية!,وصفها انها اسوا لحظه في حياته السياسيه!
"بعدها بأسابيع، ""نيكيتا"" هيختبر ""كينيدي"" اختبار تاني،","بعدها باسابيع، ""نيكيتا"" هيختبر ""كينيدي"" اختبار تاني،"
"""خورتشوف"" هيروح يدعم بناء جدار ""برلين""،","""خورتشوف"" هيروح يدعم بناء جدار ""برلين""،"
"من غير ما يستشير ""أمريكا"" أصلًا في المشروع،","من غير ما يستشير ""امريكا"" اصلًا في المشروع،"
"رسالة بتقول لـ""كينيدي"":","رساله بتقول ل""كينيدي"":"
"""أنا مش معتمدك، أنا بتصرّف من غير إذنك.","""انا مش معتمدك، انا بتصرّف من غير اذنك."
"وآه، النووي مقوّي قلبي.""","واه، النووي مقوّي قلبي."""
"""كينيدي"" هنا هيبدأ يغيّر استراتيجيته،","""كينيدي"" هنا هيبدا يغيّر استراتيجيته،"
"""احنا هنبطّل نبُص للسلاح النووي كسلاح مُهدِّد،","""احنا هنبطّل نبُص للسلاح النووي كسلاح مُهدِّد،"
يا ننهي بيه العالَم، يا نحكُم بيه العالَم،,يا ننهي بيه العالَم، يا نحكُم بيه العالَم،
"خلّينا نستغله كسلاح للتفاوض.""","خلّينا نستغله كسلاح للتفاوض."""
"""كينيدي"" هيبدأ يعتمد على استراتيجيات مرنة،","""كينيدي"" هيبدا يعتمد علي استراتيجيات مرنه،"
يتفاوض، يعمل صفقات، يعمل عمليات محدودة،,يتفاوض، يعمل صفقات، يعمل عمليات محدوده،
"""ردود عسكرية متزنة، مش هنصعّد أوي.""","""ردود عسكريه متزنه، مش هنصعّد اوي."""
"إلا إن أخطر امتحان لقيادة ""جون كينيدي""","الا ان اخطر امتحان لقياده ""جون كينيدي"""
هيكون أزمة الصواريخ الكوبية،,هيكون ازمه الصواريخ الكوبيه،
اللي تكلمنا عنها بالتفصيل،,اللي تكلمنا عنها بالتفصيل،
"اللي عنوانها ""آخر يوم في العالم""،","اللي عنوانها ""اخر يوم في العالم""،"
الحدث اللي كان هينهينا كبَشَرية!,الحدث اللي كان هينهينا كبَشَريه!
والحمد لله،لولا إن فيه واحد طيب، ابن ناس،,والحمد لله،لولا ان فيه واحد طيب، ابن ناس،
"قالّك: ""مش هنراهن!""","قالّك: ""مش هنراهن!"""
اللي حصل، يا عزيزي، إن في أكتوبر 1962,اللي حصل، يا عزيزي، ان في اكتوبر 1962
"السوفييت خبوا صواريخ نووية في ""كوبا""،","السوفييت خبوا صواريخ نوويه في ""كوبا""،"
"على بعد أد إيه؟ 150 كيلومتر من ""أمريكا""، من ""فلوريدا""،","علي بعد اد ايه؟ 150 كيلومتر من ""امريكا""، من ""فلوريدا""،"
يعني، أقل من 15 دقيقة طيران!,يعني، اقل من 15 دقيقه طيران!
"في 22 أكتوبر، ""كينيدي"" بيوجّه إنذار صريح،","في 22 اكتوبر، ""كينيدي"" بيوجّه انذار صريح،"
"بيعمل حصار بحري كامل لـ""كوبا""،","بيعمل حصار بحري كامل ل""كوبا""،"
"""ولازم تشيلوا الصواريخ دي من عندكم حالًا!","""ولازم تشيلوا الصواريخ دي من عندكم حالًا!"
أي حد هيعمل أي حاجة مش على مزاجنا،,اي حد هيعمل اي حاجه مش علي مزاجنا،
"هيُرَد عليه برد نووي شامل، هنبيدها!""","هيُرَد عليه برد نووي شامل، هنبيدها!"""
هنا، يا عزيزي، السفن السوفييتية تراجعت،,هنا، يا عزيزي، السفن السوفييتيه تراجعت،
"و""خورتشوف"" بيطلع بوعد إن هو هيسحب الصواريخ،","و""خورتشوف"" بيطلع بوعد ان هو هيسحب الصواريخ،"
"""ولكن بشرطين يا عم (كينيدي)،","""ولكن بشرطين يا عم كينيدي ،"
أول حاجة، ما تدخلش (كوبا)،,اول حاجه، ما تدخلش كوبا ،
ما لكش دعوة بمستر (كاسترو) الجميل.,ما لكش دعوه بمستر كاسترو الجميل.
ثانيًا، يا حلو انت، تشيلوا برضه صواريخكم الأمريكية من (تركيا).,ثانيًا، يا حلو انت، تشيلوا برضه صواريخكم الامريكيه من تركيا .
ما هي (تركيا) مش بتهدد الأمن القومي لـ(حلوان)!,ما هي تركيا مش بتهدد الامن القومي ل حلوان !
لأ، لو ضربوا من عندهم، هتسمّع فينا!,لا، لو ضربوا من عندهم، هتسمّع فينا!
أمننا القومي يا بيه!,امننا القومي يا بيه!
"ولا، ولا، الأمن القومي يا لا! حلّق على الوضع الإقليمي!""","ولا، ولا، الامن القومي يا لا! حلّق علي الوضع الاقليمي!"""
"هنا، يا عزيزي، ""كينيدي"" بيقولّه: ""أنا موافق.","هنا، يا عزيزي، ""كينيدي"" بيقولّه: ""انا موافق."
بس عندي شرط صغير،,بس عندي شرط صغير،
موضوع (تركيا) دا، يعني، عشان احنا دولة ديمقراطية،,موضوع تركيا دا، يعني، عشان احنا دوله ديمقراطيه،
والمفروض إن فيها حرية صحافة وكدا،,والمفروض ان فيها حريه صحافه وكدا،
"فاحنا هنشيلهم بيني وبينك، مش هنقول in public إن دا حصل.""","فاحنا هنشيلهم بيني وبينك، مش هنقول ان دا حصل."""
وبالفعل، بعد 13 يوم عاشهم العالم على حافة الفَناء النووي، بتنتهي الأزمة،,وبالفعل، بعد 13 يوم عاشهم العالم علي حافه الفَناء النووي، بتنتهي الازمه،
"ولكن الأهم إن ""كينيدي"" حوّل الأزمة دي لصالحه،","ولكن الاهم ان ""كينيدي"" حوّل الازمه دي لصالحه،"
وخرج منها كبطل حكيم، هو اللي أنقذ هذا الكوكب.,وخرج منها كبطل حكيم، هو اللي انقذ هذا الكوكب.
ولكن لو انت نجحت في إن تطفّي الحرب الباردة،,ولكن لو انت نجحت في ان تطفّي الحرب البارده،
وترجّعها لدرجة حرارة الغرفة،,وترجّعها لدرجه حراره الغرفه،
فهتعمل إيه مع نار العنصرية اللي والعة في المطبخ عندك جوا؟!,فهتعمل ايه مع نار العنصريه اللي والعه في المطبخ عندك جوا
"""خبر سعيد، احنا أنقذنا الكوكب.","""خبر سعيد، احنا انقذنا الكوكب."
"خبر حزين، احنا عندنا بودار حرب أهلية!""","خبر حزين، احنا عندنا بودار حرب اهليه!"""
"""كينيدي"" بيقضّي أول سنتين متردد،","""كينيدي"" بيقضّي اول سنتين متردد،"
عايز يرضي السود، اللي شايفين فيه الأمل،,عايز يرضي السود، اللي شايفين فيه الامل،
وبشكل أو بآخر، نقدر نقول إن هُما على الأقل ساهموا بشكل كبير,وبشكل او باخر، نقدر نقول ان هُما علي الاقل ساهموا بشكل كبير
في إنه يبقى رئيس،,في انه يبقي رييس،
بس برضه، مش عايز يخسر الجنوبيين اللي ممكن يبقوا عنصريين شوية،,بس برضه، مش عايز يخسر الجنوبيين اللي ممكن يبقوا عنصريين شويه،
اللي جوا الحزب بتاعي!,اللي جوا الحزب بتاعي!
موضوع إن رئيس كاثوليكي بيدعم السود، مش كسبان طرف للآخر!,موضوع ان رييس كاثوليكي بيدعم السود، مش كسبان طرف للاخر!
"فهنا، انحصرت سياسات ""جون كينيدي"" في خطوات صغيرة،","فهنا، انحصرت سياسات ""جون كينيدي"" في خطوات صغيره،"
تعيينات محدودة للسود،,تعيينات محدوده للسود،
تصريحات في صالح السود آه،,تصريحات في صالح السود اه،
ولكنها تصريحات حذرة.,ولكنها تصريحات حذره.
"لحد ما بينفجر غضب السود في ""برمنجهام""،","لحد ما بينفجر غضب السود في ""برمنجهام""،"
"واللي كانت بتُوصَف وقتها بـ""قلعة العنصرية""،","واللي كانت بتُوصَف وقتها ب""قلعه العنصريه""،"
كان بيحصل في قلبها تفجيرات لكنايس السود،,كان بيحصل في قلبها تفجيرات لكنايس السود،
"لدرجة، يا عزيزي، إن ""برمنجهام"" كان لقبها bombingham!","لدرجه، يا عزيزي، ان ""برمنجهام"" كان لقبها !"
"""ماترن لوثر كينج"" بيقرر إن هو يقود معركة في قلب هذه القلعة،","""ماترن لوثر كينج"" بيقرر ان هو يقود معركه في قلب هذه القلعه،"
فكرته كانت إن لو العدالة اتحققت في المكان دا،,فكرته كانت ان لو العداله اتحققت في المكان دا،
"""أمريكا"" كلها ممكن تتغير.","""امريكا"" كلها ممكن تتغير."
بدأ بحملات نزول جماعية للشوارع،,بدا بحملات نزول جماعيه للشوارع،
أطفال وتلاميذ وقساوسة،,اطفال وتلاميذ وقساوسه،
"كل دُول خرجوا عشان يورّوا ""أمريكا"" وشها الحقيقي أمام الكاميرات.","كل دُول خرجوا عشان يورّوا ""امريكا"" وشها الحقيقي امام الكاميرات."
بيفضل التصعيد مستمر لحد ما بنوصل لـ3 مايو 1963،,بيفضل التصعيد مستمر لحد ما بنوصل ل3 مايو 1963،
"رئيس شرطة ""برمنجهام""، ""بول كونور""،","رييس شرطه ""برمنجهام""، ""بول كونور""،"
أمر جنوده إن هُما يستخدموا خراطيم ميّه قوية جدًا على الناس،,امر جنوده ان هُما يستخدموا خراطيم ميّه قويه جدًا علي الناس،
قوّتها ممكن توقّعك،,قوّتها ممكن توقّعك،
ما بالك بقى بالعيال الصغيرة اللي موجودة!,ما بالك بقي بالعيال الصغيره اللي موجوده!
حرفيًا، الناس كانت بتاخد الخرطوم من دُول، يطيروا في الهوا!,حرفيًا، الناس كانت بتاخد الخرطوم من دُول، يطيروا في الهوا!
واللي كان بيُقَع، الكلاب البوليسية كانت بتتجمّع حواليه وتنهش في لحمه!,واللي كان بيُقَع، الكلاب البوليسيه كانت بتتجمّع حواليه وتنهش في لحمه!
بتظهر صورة لطفل أسود واقف وهو ثابت تمامًا،,بتظهر صوره لطفل اسود واقف وهو ثابت تمامًا،
"وقُدّامه كلب ""جيرمان"" فاتح بُقه ناحية بطنه،","وقُدّامه كلب ""جيرمان"" فاتح بُقه ناحيه بطنه،"
والظابط الأبيض ماسك السلسلة وواقف يتفرّج،,والظابط الابيض ماسك السلسله وواقف يتفرّج،
"الصورة بتظهر في الصفحة الأولى لـ""النيويورك تايمز""،","الصوره بتظهر في الصفحه الاولي ل""النيويورك تايمز""،"
"و""أمريكا"" بتبقى على نار!","و""امريكا"" بتبقي علي نار!"
"في أول تصريح له، ""كينيدي"" بيقول إن الصورة دي توجّع ""أمريكا"" أكتر من أي حرب!","في اول تصريح له، ""كينيدي"" بيقول ان الصوره دي توجّع ""امريكا"" اكتر من اي حرب!"
واحد من مساعدينه بيحكي بعد كدا,واحد من مساعدينه بيحكي بعد كدا
"إن ""كينيدي""، لمّا شاف الصورة دي، قال: ""السكوت لم يعُد اختيار.""","ان ""كينيدي""، لمّا شاف الصوره دي، قال: ""السكوت لم يعُد اختيار."""
في 11 يونيو 1963،,في 11 يونيو 1963،
"""كينيدي"" بيطلع في خطاب تاريخي،","""كينيدي"" بيطلع في خطاب تاريخي،"
ولأول مرة، بنشوف رئيس أمريكي بيقول بوضوح:,ولاول مره، بنشوف رييس امريكي بيقول بوضوح:
"""نحن نواجه قضية قديمة قِدَم الكتب المقدسة،","""نحن نواجه قضيه قديمه قِدَم الكتب المقدسه،"
"وواضحة وضوح الدستور.""","وواضحه وضوح الدستور."""
وطرح السؤال، اللي ما حدش عرف يهرب منه،,وطرح السوال، اللي ما حدش عرف يهرب منه،
"""لو فيه مواطن، لمجرد إن بشرته غامقة،","""لو فيه مواطن، لمجرد ان بشرته غامقه،"
مش قادر ياكل في مطعم، أو يبعت لولاده لأحسن مدرسة ممكنة،,مش قادر ياكل في مطعم، او يبعت لولاده لاحسن مدرسه ممكنه،
"مين فينا يقبل يكون مكان هذا المُواطن؟""","مين فينا يقبل يكون مكان هذا المُواطن؟"""
"أحد الناشطين الـAfro Americans، ""جون لويس""، هيخرج ويقول...","احد الناشطين ال ، ""جون لويس""، هيخرج ويقول"
"وفي نفس هذا الخطاب، ""كينيدي"" بيعلن عن مشروع قانون شامل للحقوق المدنية،","وفي نفس هذا الخطاب، ""كينيدي"" بيعلن عن مشروع قانون شامل للحقوق المدنيه،"
"""من النهاردة، ما فيش فصل بين البيض والسود،","""من النهارده، ما فيش فصل بين البيض والسود،"
التصويت يجب أن يكون مَحمي.,التصويت يجب ان يكون مَحمي.
"وزارة العدل صلاحيتها هتزيد، عشان تقدر تلاحق الجرايم العنصرية.""","وزاره العدل صلاحيتها هتزيد، عشان تقدر تلاحق الجرايم العنصريه."""
"خلّيني أفاجئك وأقولّك إن ""كينيدي"" كان أول رئيس أمريكي","خلّيني افاجيك واقولّك ان ""كينيدي"" كان اول رييس امريكي"
من وقت الحرب الأهلية الأمريكية,من وقت الحرب الاهليه الامريكيه
يطلع ويؤمر بدا بشكل رسمي،,يطلع ويومر بدا بشكل رسمي،
"آخر واحد طرأ على البُقّين دُول كان ""أبراهام لينكولن""،","اخر واحد طرا علي البُقّين دُول كان ""ابراهام لينكولن""،"
اللي بالمناسبة برضه، اتقتل!,اللي بالمناسبه برضه، اتقتل!
وبالفعل، يا عزيزي، رد العنصريين كان شديد القسوة،,وبالفعل، يا عزيزي، رد العنصريين كان شديد القسوه،
تاني يوم، واحد من الناشطين الـAfro Americans بيتقتل قُدّام بيته!,تاني يوم، واحد من الناشطين ال بيتقتل قُدّام بيته!
بعدها بشهرين، بنشوف واحدة من أكبر مسيرات المساواة في التاريخ،,بعدها بشهرين، بنشوف واحده من اكبر مسيرات المساواه في التاريخ،
"ربع مليون مُواطن بينزلوا في ""واشنطن""،","ربع مليون مُواطن بينزلوا في ""واشنطن""،"
"وفي هذه المسيرة، ""مارتن لوثر كينج"" بيقول خطابه الأشهر،","وفي هذه المسيره، ""مارتن لوثر كينج"" بيقول خطابه الاشهر،"
"""I have a dream، أنا عندي حلم.""",""" ، انا عندي حلم."""
"بعدها بأسابيع، بتنفجر كنيسة في ""برمنجهام""،","بعدها باسابيع، بتنفجر كنيسه في ""برمنجهام""،"
ويتقتل 4 بنات صغيرين،,ويتقتل 4 بنات صغيرين،
"""أمريكا"" كانت بتبص في المراية، بتشوف وشّها الحقيقي لأول مرة،","""امريكا"" كانت بتبص في المرايه، بتشوف وشّها الحقيقي لاول مره،"
"""يبدو أننا لسنا حلم المهاجرين، ولسنا بلد الحريات،","""يبدو اننا لسنا حلم المهاجرين، ولسنا بلد الحريات،"
"احنا بلد بتغلي لمجرد إن هُناك تغييرات حقيقية بتحصل!""","احنا بلد بتغلي لمجرد ان هُناك تغييرات حقيقيه بتحصل!"""
"دا مسار ""جون كينيدي""،","دا مسار ""جون كينيدي""،"
شاب بدأ كشاب طَموح،,شاب بدا كشاب طَموح،
نجا بأعجوبة من جسده ومن الحرب،,نجا باعجوبه من جسده ومن الحرب،
واستخدم الاتنين في دعاية سياسية ناجحة،,واستخدم الاتنين في دعايه سياسيه ناجحه،
خرج في عصر صعب جدًا إن حرب نووية ما تحصلش فيه،,خرج في عصر صعب جدًا ان حرب نوويه ما تحصلش فيه،
نجح إن هو ينقذ العالم، ولكنه لسة مش عارف ينقذ بلده!,نجح ان هو ينقذ العالم، ولكنه لسه مش عارف ينقذ بلده!
دي، يا عزيزي، حكاية القتيل،,دي، يا عزيزي، حكايه القتيل،
ماذا بقى عن القاتل؟,ماذا بقي عن القاتل؟
"لو كان، يا عزيزي، ""جون إف. كينيدي"" هو فترة الطُموح والثروة في ""أمريكا""،","لو كان، يا عزيزي، ""جون اف. كينيدي"" هو فتره الطُموح والثروه في ""امريكا""،"
هو ابن هذه المرحلة، وخير مَن يعبّر عنها،,هو ابن هذه المرحله، وخير مَن يعبّر عنها،
"فـ""أوزوالد"" هو الوجه الآخر من العملة،","ف""اوزوالد"" هو الوجه الاخر من العمله،"
ابن التفكك والفوضى، والناحية التانية بقى، الثورة،,ابن التفكك والفوضي، والناحيه التانيه بقي، الثوره،
وخير معبّر عن الكابوس الأمريكي!,وخير معبّر عن الكابوس الامريكي!
"سنة 1939، بيتولد في ""نيو أورليانز""،","سنه 1939، بيتولد في ""نيو اورليانز""،"
أبوه بيموت قبل ما يشوفه، بيتولد طفل يتيم،,ابوه بيموت قبل ما يشوفه، بيتولد طفل يتيم،
بيعيش طفولته مع أم شديدة العصبية والنرفزة،,بيعيش طفولته مع ام شديده العصبيه والنرفزه،
وبيفضلوا يتنقّلوا من بيت للتاني.,وبيفضلوا يتنقّلوا من بيت للتاني.
"خلّيني أقولّك إن ""أوزوالد"" عاش في 22 بيت وهو طفل،","خلّيني اقولّك ان ""اوزوالد"" عاش في 22 بيت وهو طفل،"
اتحط في دار أيتام وهو عنده 3 سنين بس،,اتحط في دار ايتام وهو عنده 3 سنين بس،
طفولة من غير لا حُب ولا استقرار ولا أب،,طفوله من غير لا حُب ولا استقرار ولا اب،
كبر وهو منطوي ومنعزل وعنده طاقة غضب كبيرة جدًا،,كبر وهو منطوي ومنعزل وعنده طاقه غضب كبيره جدًا،
انتقاله بين البيوت الكتير والمدارس الكتير,انتقاله بين البيوت الكتير والمدارس الكتير
خلّى ما عندهوش أصدقاء.,خلّي ما عندهوش اصدقاء.
"في ""نيويورك""، بيخش مَحكَمة أحداث، إصلاحية،","في ""نيويورك""، بيخش مَحكَمه احداث، اصلاحيه،"
والدكتور النفسي بيشخّص حالته بسمات انفصامية،,والدكتور النفسي بيشخّص حالته بسمات انفصاميه،
وكتب إن الواد دا عايش في عالَم خيالي خاص بيه،,وكتب ان الواد دا عايش في عالَم خيالي خاص بيه،
دا شخص منعزل وعدواني.,دا شخص منعزل وعدواني.
"""لي أوزوالد"" في الوقت دا كان محتاج علاج،","""لي اوزوالد"" في الوقت دا كان محتاج علاج،"
ولكن أمه خدته قبل ما يكمّل علاجه، ورجّعته تاني للحياة،,ولكن امه خدته قبل ما يكمّل علاجه، ورجّعته تاني للحياه،
وبدأ هذا الإنسان الغاضب يبحث عن هويته،,وبدا هذا الانسان الغاضب يبحث عن هويته،
وما عندهوش غير سؤال واحد في دماغه،,وما عندهوش غير سوال واحد في دماغه،
"""مَن أنا؟ أنا مين؟!""","""مَن انا؟ انا مين """
بنشوفه وهو عنده 15 سنة،,بنشوفه وهو عنده 15 سنه،
"بيبعت جواب للحزب الاشتراكي، يقولّهم: ""أنا عايز أبقى معاكم،","بيبعت جواب للحزب الاشتراكي، يقولّهم: ""انا عايز ابقي معاكم،"
أنا عايز أنضم للشيوعية،,انا عايز انضم للشيوعيه،
"الشيوعية هي الحاجة الوحيدة اللي بتفسّر الفقر والنبذ اللي أنا عايش فيهم!""","الشيوعيه هي الحاجه الوحيده اللي بتفسّر الفقر والنبذ اللي انا عايش فيهم!"""
"وفي سن 17 سنة، بيجرب إن هو ينتمي لمكان جديد، وهو الـ""مارينز"".","وفي سن 17 سنه، بيجرب ان هو ينتمي لمكان جديد، وهو ال""مارينز""."
"شوف، من الشيوعية للـ""مارينز""!","شوف، من الشيوعيه لل""مارينز""!"
حاجة توجَع السِنان!,حاجه توجَع السِنان!
"""أوزوالد"" بيتمرن على الرماية،","""اوزوالد"" بيتمرن علي الرمايه،"
وبيُصنّف كرامي ماهر،,وبيُصنّف كرامي ماهر،
وشخصيته لسة زي ما هي،,وشخصيته لسه زي ما هي،
شخصية عدوانية متقلبة.,شخصيه عدوانيه متقلبه.
في إحدى المرات، بيتخانق مع أحد الظباط،,في احدي المرات، بيتخانق مع احد الظباط،
وبتتم محاكمته عسكريًا.,وبتتم محاكمته عسكريًا.
وفي سنة 57، بيضرب نفسه بالنار في دراعه،,وفي سنه 57، بيضرب نفسه بالنار في دراعه،
بيحاول يعمل دا ليه؟ عشان يوقّف قرار نقل كان طلعله،,بيحاول يعمل دا ليه؟ عشان يوقّف قرار نقل كان طلعله،
"كان هيتنقل من ""اليابان"" لـ""الفلبين"".","كان هيتنقل من ""اليابان"" ل""الفلبين""."
"""طب ليه يا (أبو حميد) مش عايز يروح (الفلبين)؟""","""طب ليه يا ابو حميد مش عايز يروح الفلبين ؟"""
لأنه كان بيحب واحدة يابانية.,لانه كان بيحب واحده يابانيه.
الحادثة دي بتبيّن سِمة مهمة جدًا في شخصيته،,الحادثه دي بتبيّن سِمه مهمه جدًا في شخصيته،
إن أول ما بيحس إن هو مُحاصَر،,ان اول ما بيحس ان هو مُحاصَر،
بيبدأ يعمل تصرفات حمقاء،,بيبدا يعمل تصرفات حمقاء،
مش بس ممكن يأذي الآخرين،,مش بس ممكن ياذي الاخرين،
لأ، دا ممكن يأذي نفسه، دا ممكن يموّت نفسه.,لا، دا ممكن ياذي نفسه، دا ممكن يموّت نفسه.
"زمايله في الـ""مارينز"" شافوه شخص غريب الأطوار،","زمايله في ال""مارينز"" شافوه شخص غريب الاطوار،"
"""لابس اللبس العسكري، بيحيّي العلم معانا آه،","""لابس اللبس العسكري، بيحيّي العلم معانا اه،"
إلا إنه بيتعلّم روسي وبيقرا لـ(كارل ماركس)!,الا انه بيتعلّم روسي وبيقرا ل كارل ماركس !
"وبيعلن وبيجاهر بصوت عالي أنه مُحب للشيوعية! شيوعي!""","وبيعلن وبيجاهر بصوت عالي انه مُحب للشيوعيه! شيوعي!"""
واختار أسوأ مكان وزمان يقول فيهم كدا،,واختار اسوا مكان وزمان يقول فيهم كدا،
انت في الجيش الأمريكي، في الحرب الباردة!,انت في الجيش الامريكي، في الحرب البارده!
وبالرغم من كدا، ما حدش كان خايف منه،,وبالرغم من كدا، ما حدش كان خايف منه،
"كانوا حتى مسميينه ""(أوزي) الأرنب""،","كانوا حتي مسميينه "" اوزي الارنب""،"
لأنه كان ضعيف ومختلف.,لانه كان ضعيف ومختلف.
"""لي أوزوالد"" خرج من الجيش زي ما دخله بالظبط،","""لي اوزوالد"" خرج من الجيش زي ما دخله بالظبط،"
شخص تايه، بلا هوية، يفقتد احترام الآخرين!,شخص تايه، بلا هويه، يفقتد احترام الاخرين!
وفي سنة 1959، وهو عنده 19 سنة،,وفي سنه 1959، وهو عنده 19 سنه،
"قرر من كُتر الإحباط إن هو هيسيب ""أمريكا"" كلها،","قرر من كُتر الاحباط ان هو هيسيب ""امريكا"" كلها،"
"هيروح فين؟ هيروح للعدو الأول، ""الاتحاد السوفييتي"".","هيروح فين؟ هيروح للعدو الاول، ""الاتحاد السوفييتي""."
"""أوزوالد"" اشترى الكوفيّة والكلسون، وراح ""موسكو""،","""اوزوالد"" اشتري الكوفيّه والكلسون، وراح ""موسكو""،"
طلب من الناس هناك طلب واضح وبسيط،,طلب من الناس هناك طلب واضح وبسيط،
"""أنا عايز أبقى مُواطن سوفييتي.""","""انا عايز ابقي مُواطن سوفييتي."""
"السوفييت خافوا، ""دا ممكن يبقى جاسوس!""","السوفييت خافوا، ""دا ممكن يبقي جاسوس!"""
أغلب شروط الجاسوس بتنطبق عليه،,اغلب شروط الجاسوس بتنطبق عليه،
"أمريكي، في الـ""مارينز""، متعلّم روسي،","امريكي، في ال""مارينز""، متعلّم روسي،"
وبيدّعي إن هو مُضطهَد في الجيش الأمريكي وعنده أفكار!,وبيدّعي ان هو مُضطهَد في الجيش الامريكي وعنده افكار!
"بيفكّرني، يا عزيزي، بـ""فلاديمير بوتين""","بيفكّرني، يا عزيزي، ب""فلاديمير بوتين"""
"لمّا قام راح للـKGB، وقالّهم: ""أنا عايز أشتغل معاكم.""","لمّا قام راح لل ، وقالّهم: ""انا عايز اشتغل معاكم."""
"قالوله: ""يا حبيبي، احنا ما بنشغّلش حد عايز يشتغل معانا!""","قالوله: ""يا حبيبي، احنا ما بنشغّلش حد عايز يشتغل معانا!"""
الروس، يا عزيزي، ما بيصدّقوهوش،,الروس، يا عزيزي، ما بيصدّقوهوش،
غير لمّا بيلاقوه حاول يقطّع شرايينه في حمّام الفندق اللي نازل فيه،,غير لمّا بيلاقوه حاول يقطّع شرايينه في حمّام الفندق اللي نازل فيه،
"قالوله: ""خلاص، خلاص، خلاص، خلاص، خلاص!","قالوله: ""خلاص، خلاص، خلاص، خلاص، خلاص!"
تعالى، يا حبيبي، هتبقى سوفييتي، عادي!,تعالي، يا حبيبي، هتبقي سوفييتي، عادي!
خلاص، تعالى، تعالى، تعالى!,خلاص، تعالي، تعالي، تعالي!
"الناس بتهرب، كتّر خيرك، انت اللي جيت!""","الناس بتهرب، كتّر خيرك، انت اللي جيت!"""
راحوا مدّيينله إقامة وسَكَن وشغل كويس،,راحوا مدّيينله اقامه وسَكَن وشغل كويس،
شغّلوه في مصنع، وعاملوه معاملة نموذجية،,شغّلوه في مصنع، وعاملوه معامله نموذجيه،
"كانوا بيحاولوا يعملوا منه نموذج للـ""بروباجندا""،","كانوا بيحاولوا يعملوا منه نموذج لل""بروباجندا""،"
"""دا أمريكي هرب من جحيم الرأسمالية إلى جنة الشيوعية.""","""دا امريكي هرب من جحيم الراسماليه الي جنه الشيوعيه."""
بيفكرني، يا عزيزي، أيضًا بالحزب الصيني,بيفكرني، يا عزيزي، ايضًا بالحزب الصيني
لمّا خد الإمبراطور بتاعه،,لمّا خد الامبراطور بتاعه،
وما أعدمهوش،,وما اعدمهوش،
"بل استخدموه في الـ""بروباجندا""،","بل استخدموه في ال""بروباجندا""،"
"إن ""شايفين حتى إمبراطور (الصين) سابقًا، الراجل الشرير، اللي احنا ثُرنا عليه؟","ان ""شايفين حتي امبراطور الصين سابقًا، الراجل الشرير، اللي احنا ثُرنا عليه؟"
موظف درجة تانية في الأرشيف عندنا، بنحترمه،,موظف درجه تانيه في الارشيف عندنا، بنحترمه،
وهو مبسوط بشيوعيته!,وهو مبسوط بشيوعيته!
"ممضّيينه على عهدته، ولو جه متأخر، بنخصمله!""","ممضّيينه علي عهدته، ولو جه متاخر، بنخصمله!"""
أرجوك، يا عزيزي، ارجع شوف هذه الحلقة، بحبها جدًا!,ارجوك، يا عزيزي، ارجع شوف هذه الحلقه، بحبها جدًا!
"حلقة، يا عزيزي، اسمها ""الإمبرطوار الأخير""،","حلقه، يا عزيزي، اسمها ""الامبرطوار الاخير""،"
"""(الدحّيح) ينعي ولده، وبيصلّح ساعات!""",""" الدحّيح ينعي ولده، وبيصلّح ساعات!"""
"اللي بيحصل، يا عزيزي، إن بعد شهور، ""أوزوالد"" بيكتب في مذكراته","اللي بيحصل، يا عزيزي، ان بعد شهور، ""اوزوالد"" بيكتب في مذكراته"
"""الحياة هُنا، بصراحة يعني، مملة ومُقفَلة.","""الحياه هُنا، بصراحه يعني، ممله ومُقفَله."
بس الحياة من غير pool وfood court،,بس الحياه من غير و ،
ومياه غازية وبنطلونات (جينز) ولحوم مصنّعة،,ومياه غازيه وبنطلونات جينز ولحوم مصنّعه،
"صعبة أوي، بصراحة!""","صعبه اوي، بصراحه!"""
والله، يا عزيزي، الشيوعية دي، لو كانت ظبطت weekend حلو، كانت كمّلت!,والله، يا عزيزي، الشيوعيه دي، لو كانت ظبطت حلو، كانت كمّلت!
مدينة ساحلية، خروجة، مصيَف، اعمل حاجة!,مدينه ساحليه، خروجه، مصيَف، اعمل حاجه!
weekend بس، كان زمان الشيوعية مكمّلة!,بس، كان زمان الشيوعيه مكمّله!
الشباب اللي واقفين على الشيوعية، حطوا دي في الخطة اللي بعد كدا، إن شاء الله!,الشباب اللي واقفين علي الشيوعيه، حطوا دي في الخطه اللي بعد كدا، ان شاء الله!
في الثورة اللي بعد كدا، إن شاء الله، شوية ترفيه!,في الثوره اللي بعد كدا، ان شاء الله، شويه ترفيه!
"""سيبيريا"" دي مش خروجة خالص!","""سيبيريا"" دي مش خروجه خالص!"
"""سيبيريا"" دي، يا حبيبي، بدل ما تبقى منفى،","""سيبيريا"" دي، يا حبيبي، بدل ما تبقي منفي،"
"قفّل إزاز، هات بطاريق، ""جواكت"" أزرق في أحمر،","قفّل ازاز، هات بطاريق، ""جواكت"" ازرق في احمر،"
"هوب، معاك ""مول (مصر)""!","هوب، معاك ""مول مصر ""!"
"حلوة دي، هزوّدها في الـ""مانيفستو""!","حلوه دي، هزوّدها في ال""مانيفستو""!"
"""أوزوالد""، يا عزيزي، كان بيتعذب في ""الاتحاد السوفييتي""،","""اوزوالد""، يا عزيزي، كان بيتعذب في ""الاتحاد السوفييتي""،"
الصبح في المصنع كان كسول وغير ملتزم تمامًا،,الصبح في المصنع كان كسول وغير ملتزم تمامًا،
بالليل في بيته الـHomesickness كان تاعبه،,بالليل في بيته ال كان تاعبه،
"طول الليل في بيته قاعد بيسمع إذاعة ""صوت (أمريكا)""،","طول الليل في بيته قاعد بيسمع اذاعه ""صوت امريكا ""،"
"""يا حبيبتي يا USA يا USA!""","""يا حبيبتي يا يا !"""
طبعًا، يا عزيزي، زي ما انت عارف من الأفلام كدا،,طبعًا، يا عزيزي، زي ما انت عارف من الافلام كدا،
الـKGB كانت عينيها على كل حاجة في هذا الوقت،,ال كانت عينيها علي كل حاجه في هذا الوقت،
انت أكيد شُفت المراقبة، اللي كانت بتحصل للمواطنين السوفييتيين،,انت اكيد شُفت المراقبه، اللي كانت بتحصل للمواطنين السوفييتيين،
ما بالك بقى دا مُواطن أمريكي جاي من برة،,ما بالك بقي دا مُواطن امريكي جاي من بره،
ومش جايك أمين مكتبة، لأ،,ومش جايك امين مكتبه، لا،
"كان شغّال في الـ""مارينز""، في الجيش الأمريكي!","كان شغّال في ال""مارينز""، في الجيش الامريكي!"
طبعًا، عيون الـKGB كانت مراقبة الراجل دا طول الوقت وفي كل حركة،,طبعًا، عيون ال كانت مراقبه الراجل دا طول الوقت وفي كل حركه،
لدرجة إن هُما كانوا بيراقبوه من فتحة معمولة في حيطة جوا شقته.,لدرجه ان هُما كانوا بيراقبوه من فتحه معموله في حيطه جوا شقته.
في سنة 1961،,في سنه 1961،
"""أوزوالد"" بيتعرّف على واحدة، ""مارينا بروساكوفا""،","""اوزوالد"" بيتعرّف علي واحده، ""مارينا بروساكوفا""،"
بعدها بـ6 أسابيع، بيتجوزوا، وبعدها بشهور، بيخلّفوا.,بعدها ب6 اسابيع، بيتجوزوا، وبعدها بشهور، بيخلّفوا.
وحياة الراجل بعد الجواز بقت أصعب بكتير من حياته قبل الجواز،,وحياه الراجل بعد الجواز بقت اصعب بكتير من حياته قبل الجواز،
تخيل، يا عزيزي، انت مُراقَب من اتنين،,تخيل، يا عزيزي، انت مُراقَب من اتنين،
الـKGB، والخِصم الأصعب، مراتك!,ال ، والخِصم الاصعب، مراتك!
على الأقل، الـKGB ما بيقراش أفكارك!,علي الاقل، ال ما بيقراش افكارك!
بعد سنتين ونُص، بنلاقي الراجل بيكتب في يومياته:,بعد سنتين ونُص، بنلاقي الراجل بيكتب في يومياته:
"""أنا عايز أمشي من هنا بأي طريقة!""","""انا عايز امشي من هنا باي طريقه!"""
"وفي يونيو 1962، بيرجع بعيلته لـ""أمريكا""،","وفي يونيو 1962، بيرجع بعيلته ل""امريكا""،"
اللهم صلِّ على النبي، بيرجع مع زوجته السوفييتية،,اللهم صلِّ علي النبي، بيرجع مع زوجته السوفييتيه،
وبرجوعه، بيقابل جحيم مختلف،,وبرجوعه، بيقابل جحيم مختلف،
نفس الفقر ونفس الشغلانات التَعبانة،,نفس الفقر ونفس الشغلانات التَعبانه،
"بس بنشوف أبراج، وبناكل ""هوت دوج""، وبنلبس ""جينز""، وبنشرب مشروبات غازية!","بس بنشوف ابراج، وبناكل ""هوت دوج""، وبنلبس ""جينز""، وبنشرب مشروبات غازيه!"
كان كل مرة، يا إما يترفد، يا إما يسيب الشغل بمزاجه،,كان كل مره، يا اما يترفد، يا اما يسيب الشغل بمزاجه،
وفوق كل دا، هو أساسًا كان راجع مديون،,وفوق كل دا، هو اساسًا كان راجع مديون،
"لأن لمّا الدنيا ضاقت بيه في ""الاتحاد السوفييتي""،","لان لمّا الدنيا ضاقت بيه في ""الاتحاد السوفييتي""،"
لجأ للخارجية الأمريكية إن هي تسلّفه فلوس يرجع بيها،,لجا للخارجيه الامريكيه ان هي تسلّفه فلوس يرجع بيها،
"فطلب 435 دولار من ""الولايات""،","فطلب 435 دولار من ""الولايات""،"
"مطلوب منه إنه يسددهم عشان يقدر يطلّع ""باسبور""!","مطلوب منه انه يسددهم عشان يقدر يطلّع ""باسبور""!"
"اللي زاد وغطى، إن مراته اتصاحبت على الجالية الروسية اللي موجودة في ""دالاس""،","اللي زاد وغطي، ان مراته اتصاحبت علي الجاليه الروسيه اللي موجوده في ""دالاس""،"
والروس وقفوا جنب بعض، عشان يساعدوا الست تربي بنتها،,والروس وقفوا جنب بعض، عشان يساعدوا الست تربي بنتها،
"ودا مع الوقت، زوّد إحساس ""أوزوالد"" بقِلّة قيمته،","ودا مع الوقت، زوّد احساس ""اوزوالد"" بقِلّه قيمته،"
"""أنا قاعد في بلدي بيصرف عليا مجموعة من الروس!""","""انا قاعد في بلدي بيصرف عليا مجموعه من الروس!"""
في الوقت الحالي، يا عزيزي، مين كان مركّز معاه؟ الـFBI.,في الوقت الحالي، يا عزيزي، مين كان مركّز معاه؟ ال .
"""ما انت، بسم الله، ما شاء الله، كنت جندي في الـ(مارينز)،","""ما انت، بسم الله، ما شاء الله، كنت جندي في ال مارينز ،"
وبعدين، رحُت (الاتحاد السوفييتي) قعدتلك شوية،,وبعدين، رحُت الاتحاد السوفييتي قعدتلك شويه،
وبعدين، راجع مع مراتك السوفييتية،,وبعدين، راجع مع مراتك السوفييتيه،
"وعمّال كل شوية روسي يخُشّلك، وروسي يطلعلك، في ""أمريكا""،","وعمّال كل شويه روسي يخُشّلك، وروسي يطلعلك، في ""امريكا""،"
إيه بقى؟ إيه؟! بتعملوا إيه يعني؟!,ايه بقي؟ ايه بتعملوا ايه يعني
انقلاب حُكم؟ ولّا ثورة شيوعية؟!,انقلاب حُكم؟ ولّا ثوره شيوعيه
ناويين على إيه بقى؟!,ناويين علي ايه بقي
"(خورتشوف) في (البيت الأبيض)؟! دي الخطة الجاية؟!""","خورتشوف في البيت الابيض دي الخطه الجايه """
"بعد 13 يوم بس من رجوع ""أوزوالد""","بعد 13 يوم بس من رجوع ""اوزوالد"""
"بيقابله عميل الـFBI ""جون فاين""،","بيقابله عميل ال ""جون فاين""،"
"العميل اللي هيقول على ""أوزوالد""","العميل اللي هيقول علي ""اوزوالد"""
إن هو راجل متعجرف ورافض إن هو يشرحلهم أي حاجة.,ان هو راجل متعجرف ورافض ان هو يشرحلهم اي حاجه.
وبعد ما العميل تقاعد، الملف بالكامل بيتقفل،,وبعد ما العميل تقاعد، الملف بالكامل بيتقفل،
"""أمريكا"" نسيت ""أوزوالد""،","""امريكا"" نسيت ""اوزوالد""،"
حسوا إن الراجل دا ما فيش فيه أمل!,حسوا ان الراجل دا ما فيش فيه امل!
"بس على الناحية التانية، ""أوزوالد"" بحُكم طفولته،","بس علي الناحيه التانيه، ""اوزوالد"" بحُكم طفولته،"
بحُكم كل اللي حكيتهولك،,بحُكم كل اللي حكيتهولك،
كان راجل paranoid،,كان راجل ،
كان مقتنع إن هُما لسة بيراقبوه!,كان مقتنع ان هُما لسه بيراقبوه!
تخيل راجل فقير مديون مُهمَّش،,تخيل راجل فقير مديون مُهمَّش،
ولسة متخيل نفسه مُراقَب!,ولسه متخيل نفسه مُراقَب!
احنا أمام قنبلة موقوتة، جاهزة إنها تنفجر في أي وقت!,احنا امام قنبله موقوته، جاهزه انها تنفجر في اي وقت!
"زمان، ""أوزوالد"" كان، يا عزيزي، بيوجّه غضبه ناحية نفسه،","زمان، ""اوزوالد"" كان، يا عزيزي، بيوجّه غضبه ناحيه نفسه،"
دلوقتي، بيقرر إن هو يحوّل غضبه دا لبرة،,دلوقتي، بيقرر ان هو يحوّل غضبه دا لبره،
"أول حاجة، بيفكر إنه يغتال الجنرال ""إدوين ووكر""،","اول حاجه، بيفكر انه يغتال الجنرال ""ادوين ووكر""،"
دا كان راجل معروف بمعاداته للشيوعية والسود،,دا كان راجل معروف بمعاداته للشيوعيه والسود،
"""أوزوالد"" راح اشترى بندقية وعدسة باسم غير اسمه، اسم مستعار،","""اوزوالد"" راح اشتري بندقيه وعدسه باسم غير اسمه، اسم مستعار،"
وضرب طلقته على الجنرال،,وضرب طلقته علي الجنرال،
إلا إن الرصاصة انحرفت، زي ما تقول كداهو،,الا ان الرصاصه انحرفت، زي ما تقول كداهو،
والجنرال بينجو بمعجزة!,والجنرال بينجو بمعجزه!
"بنشوف ""أوزوالد"" بعد كدا بيرجع لـ""نيو أورليانز""،","بنشوف ""اوزوالد"" بعد كدا بيرجع ل""نيو اورليانز""،"
وهو مقرر إن هو يصبح ناشط شيوعي،,وهو مقرر ان هو يصبح ناشط شيوعي،
راح جاي طابع منشورات مؤيدة للشيوعية،,راح جاي طابع منشورات مويده للشيوعيه،
وخد مكان، فتح فيه فرع وهمي،,وخد مكان، فتح فيه فرع وهمي،
"لمنظمة مؤيدة لـ""كاسترو""، كان هو العضو الوحيد فيها،","لمنظمه مويده ل""كاسترو""، كان هو العضو الوحيد فيها،"
"يخطب ويقول: ""أيتها الجماهير العريضة.""","يخطب ويقول: ""ايتها الجماهير العريضه."""
"ويرجع يرد على نفسه، ويقول: ""نعم.""","ويرجع يرد علي نفسه، ويقول: ""نعم."""
خطابات الشيوعية كانت بتكيّفه، زخم ذاتي!,خطابات الشيوعيه كانت بتكيّفه، زخم ذاتي!
"""أوزوالد"" كان بيكابر إن هو العضو الوحيد في منظمته","""اوزوالد"" كان بيكابر ان هو العضو الوحيد في منظمته"
"وطلع وقال: ""على فكرة، أنا عندي أعضاء كتير،","وطلع وقال: ""علي فكره، انا عندي اعضاء كتير،"
"عندي 35 عضو.""","عندي 35 عضو."""
واتصور وهو بيوزّع منشوراته قُدّام كاميرا في واحدة من القنوات المحلية،,واتصور وهو بيوزّع منشوراته قُدّام كاميرا في واحده من القنوات المحليه،
عشان يبان إن هو ناشط مهم،,عشان يبان ان هو ناشط مهم،
بس كل دا كان فِشِنك، تصوير،,بس كل دا كان فِشِنك، تصوير،
وأغلب اللي كانوا حواليه بيستلموا منه منشورات،,واغلب اللي كانوا حواليه بيستلموا منه منشورات،
طلع إن هُما كانوا متأجرين بالساعة.,طلع ان هُما كانوا متاجرين بالساعه.
"اتذاعله مناظرة كان بيدافع فيها عن ""كاسترو"" والشيوعية،","اتذاعله مناظره كان بيدافع فيها عن ""كاسترو"" والشيوعيه،"
ودا لم يُقابَل بالحماس والشهرة،,ودا لم يُقابَل بالحماس والشهره،
لأ، بل قوبِل بالفضيحة،,لا، بل قوبِل بالفضيحه،
ركّزوا معاه وكشفوا عن تاريخه،,ركّزوا معاه وكشفوا عن تاريخه،
"وعرفوا إنه كان ماركسي، وعرفوا إنه كان قاعد في ""روسيا""،","وعرفوا انه كان ماركسي، وعرفوا انه كان قاعد في ""روسيا""،"
"وإن الـ""فرانشايز"" السياسي اللي عامله دا مجرد وهم.","وان ال""فرانشايز"" السياسي اللي عامله دا مجرد وهم."
"""أوزوالد""، يا عزيزي، أصبح أضحوكة!","""اوزوالد""، يا عزيزي، اصبح اضحوكه!"
"فاحنا دلوقتي أمام ""كومبو"" عمّال يزداد صعوبة،","فاحنا دلوقتي امام ""كومبو"" عمّال يزداد صعوبه،"
طفل مُضطهَد، حاسس إنه متراقب طول الوقت،,طفل مُضطهَد، حاسس انه متراقب طول الوقت،
"تعب في ""أمريكا""، راح ""روسيا""،","تعب في ""امريكا""، راح ""روسيا""،"
"تعب في ""روسيا""، رجِع ""أمريكا""،","تعب في ""روسيا""، رجِع ""امريكا""،"
بيحاول يلاقي لنفسه مكانة، مش عارف،,بيحاول يلاقي لنفسه مكانه، مش عارف،
كل حتة بيروحها، كان عُرضة للتنمر وقلة الاحترام،,كل حته بيروحها، كان عُرضه للتنمر وقله الاحترام،
الضغط زاد، والبركان كان على آخره،,الضغط زاد، والبركان كان علي اخره،
وخلاص، لحظة الانفجار قرّبت!,وخلاص، لحظه الانفجار قرّبت!
في سبتمبر 1963،,في سبتمبر 1963،
"""أوزوالد"" راح السفارة الكوبية في ""مكسيكو سيتي""، وبيطلب تأشيرة،","""اوزوالد"" راح السفاره الكوبيه في ""مكسيكو سيتي""، وبيطلب تاشيره،"
"قالّهم: ""يا جماعة، أنا شيوعي.""","قالّهم: ""يا جماعه، انا شيوعي."""
"قالوله: ""لأ، هاتلنا ورقة تثبت إن انت من السوفييت،","قالوله: ""لا، هاتلنا ورقه تثبت ان انت من السوفييت،"
"هاتلنا موافقة من (الاتحاد السوفييتي) تثبت إن انت شيوعي.""","هاتلنا موافقه من الاتحاد السوفييتي تثبت ان انت شيوعي."""
راح السفارة السوفييتية، وطبعًا السوفييت يموتوا في البيروقراطية،,راح السفاره السوفييتيه، وطبعًا السوفييت يموتوا في البيروقراطيه،
"قالوله: ""الطلب عندنا بياخد شهور، لو حظك حلو!""","قالوله: ""الطلب عندنا بياخد شهور، لو حظك حلو!"""
فراح انفجر فيهم ببارانويا رجُل منهار،,فراح انفجر فيهم ببارانويا رجُل منهار،
"قالّهم: ""أنا هكون ميّت أو مقتول قبل ما توافقوا على الطلب!""","قالّهم: ""انا هكون ميّت او مقتول قبل ما توافقوا علي الطلب!"""
"وبيرجع ""دالاس"" يوم 3 أكتوبر وهو مُحطَم نفسيًا تمامًا،","وبيرجع ""دالاس"" يوم 3 اكتوبر وهو مُحطَم نفسيًا تمامًا،"
"""كوبا"" رفضته، السوفييت رفضوه،","""كوبا"" رفضته، السوفييت رفضوه،"
"و""أمريكا"" مش مرحبة بيه،","و""امريكا"" مش مرحبه بيه،"
الراجل ما عادش له مكان ينتمي ليه،,الراجل ما عادش له مكان ينتمي ليه،
حتى زوجته سابته بسبب العنف اللي كان بيمارسه عليها.,حتي زوجته سابته بسبب العنف اللي كان بيمارسه عليها.
"""أوزوالد"" هيقعد في أوضة إيجار لوحده، أوضة بسيطة جدًا،","""اوزوالد"" هيقعد في اوضه ايجار لوحده، اوضه بسيطه جدًا،"
كان بيمُر بأصعب فترات حياته،,كان بيمُر باصعب فترات حياته،
"في نفس هذا الوقت، ""كينيدي"" كان بياخد فيه قرارات هتغيّر مجرى التاريخ.","في نفس هذا الوقت، ""كينيدي"" كان بياخد فيه قرارات هتغيّر مجري التاريخ."
"في صيف 1963، الوضع، يا عزيزي، في ""فيتنام"" كان كابوسي،","في صيف 1963، الوضع، يا عزيزي، في ""فيتنام"" كان كابوسي،"
البلد بتنقسم نُصين،,البلد بتنقسم نُصين،
"شمال شيوعي مدعوم من ""الاتحاد السوفييتي""،","شمال شيوعي مدعوم من ""الاتحاد السوفييتي""،"
وجنوب مدعوم من الغرب،,وجنوب مدعوم من الغرب،
"وكان المفروض إن يحصل استفتاء يوحّد ""فيتنام"".","وكان المفروض ان يحصل استفتاء يوحّد ""فيتنام""."
"ولكن ""أمريكا""، اللي بتحب الديمقراطية،","ولكن ""امريكا""، اللي بتحب الديمقراطيه،"
اللي بتشجّع الدولة إنها تبقى ديمقراطية،,اللي بتشجّع الدوله انها تبقي ديمقراطيه،
خافت إن الشيوعيين يكسبوا في الاستفتاء،,خافت ان الشيوعيين يكسبوا في الاستفتاء،
فراحت دعمت حكومة فاسدة،,فراحت دعمت حكومه فاسده،
"عشان يظهرلنا في قلب الجنوب مجموعة الـ""فيت كونج""،","عشان يظهرلنا في قلب الجنوب مجموعه ال""فيت كونج""،"
دُول مقاتلين شيوعيين شايفين الحكومة الجنوبية فاسدة،,دُول مقاتلين شيوعيين شايفين الحكومه الجنوبيه فاسده،
"مدعومة من ""أمريكا"" عشان تقمع المواطنين والفلّاحين.","مدعومه من ""امريكا"" عشان تقمع المواطنين والفلّاحين."
"الـ""فيت كونج"" بدأوا يهاجموا الجنوب بدعم من الشَمال،","ال""فيت كونج"" بداوا يهاجموا الجنوب بدعم من الشَمال،"
"فهنا، ""أمريكا"" بتقوم داخلة ""فيتنام""،","فهنا، ""امريكا"" بتقوم داخله ""فيتنام""،"
"بدعاية لطيفة، ""احنا جايين نبعت مستشارين عسكريين بس.""","بدعايه لطيفه، ""احنا جايين نبعت مستشارين عسكريين بس."""
بس كعادة الصياغات الأمريكية في دخول الدول اللي هي عايزة تدخلها،,بس كعاده الصياغات الامريكيه في دخول الدول اللي هي عايزه تدخلها،
فالغرض الحقيقي مش بالضرورة كان نابع من نِيّة صافية،,فالغرض الحقيقي مش بالضروره كان نابع من نِيّه صافيه،
"""احنا بنساعد (فيتنام)، مش هنقول إن احنا بنحارب (روسيا).","""احنا بنساعد فيتنام ، مش هنقول ان احنا بنحارب روسيا ."
"مش هنقول إن احنا خايفين من المد الشيوعي، اللي ممكن يتطرق إلى مصالحنا.""","مش هنقول ان احنا خايفين من المد الشيوعي، اللي ممكن يتطرق الي مصالحنا."""
فَوَرا ما يُعرف بالاستشارة العسكرية شديدة البراءة دي،,فَوَرا ما يُعرف بالاستشاره العسكريه شديده البراءه دي،
كانت هناك حرب شديدة القذارة بتدور،,كانت هناك حرب شديده القذاره بتدور،
"11 ألف جندي أمريكي دخلوا ""فيتنام"" سنة 62،","11 الف جندي امريكي دخلوا ""فيتنام"" سنه 62،"
خلال سنة، زادوا 5000، بقوا 16 ألف،,خلال سنه، زادوا 50، بقوا 16 الف،
"الخساير في ""فيتنام"" عمّالة تزيد وتكبر.","الخساير في ""فيتنام"" عمّاله تزيد وتكبر."
الحكومة الجنوبية، بدعم أمريكي،,الحكومه الجنوبيه، بدعم امريكي،
"كانت بتعذّب وبتقتل تحت يافطة ""محاربة الشيوعية""،","كانت بتعذّب وبتقتل تحت يافطه ""محاربه الشيوعيه""،"
الـCIA بتتفرّج على اللي بيحصل، وساكتة تمامًا،,ال بتتفرّج علي اللي بيحصل، وساكته تمامًا،
وأحيانًا، كانت بتشارك في برامج سرّية مشبوهة،,واحيانًا، كانت بتشارك في برامج سرّيه مشبوهه،
أكتر من 30 ألف هيروحوا ضحايا لهذه السياسات،,اكتر من 30 الف هيروحوا ضحايا لهذه السياسات،
ومعظمهم كانوا مدنيين!,ومعظمهم كانوا مدنيين!
"التقارير وصلت على مكتب ""جون كينيدي""، لقى قُدّامه حرب قذرة،","التقارير وصلت علي مكتب ""جون كينيدي""، لقي قُدّامه حرب قذره،"
قُرى محروقة، ناس عمّالة تموت،,قُري محروقه، ناس عمّاله تموت،
"ووجود ""أمريكا"" عمّال يغرز في وحل ""فيتنام"" كل شوية!","ووجود ""امريكا"" عمّال يغرز في وحل ""فيتنام"" كل شويه!"
بَص كمان على تقارير كتبها وزير الدفاع،,بَص كمان علي تقارير كتبها وزير الدفاع،
لقاه كاتبله الخلاصة،,لقاه كاتبله الخلاصه،
"""احنا، بالصلاة على النبي كدا، لازم نلاقي طريقة نخرج بيها من (فيتنام)،","""احنا، بالصلاه علي النبي كدا، لازم نلاقي طريقه نخرج بيها من فيتنام ،"
"احنا ناخد بعض ونروح نحارب في (موسكو) أسهل!""","احنا ناخد بعض ونروح نحارب في موسكو اسهل!"""
عشان نشوف في 11 أكتوبر 1963،,عشان نشوف في 11 اكتوبر 1963،
"""جون كينيدي"" بيوقّع الـNSAM 263،","""جون كينيدي"" بيوقّع ال 263،"
"""كينيدي"" بيوقّع على قرار سحب أول 1000 جندي قبل نهاية السنة،","""كينيدي"" بيوقّع علي قرار سحب اول 10 جندي قبل نهايه السنه،"
والانسحاب الأمريكي الكامل هيحصل 1965.,والانسحاب الامريكي الكامل هيحصل 1965.
"في اللحظة اللي كان ""كينيدي"" بيدوّر فيها على باب الخروج من ""فيتنام""،","في اللحظه اللي كان ""كينيدي"" بيدوّر فيها علي باب الخروج من ""فيتنام""،"
"كل الأبواب كان مقفولة في وجه ""أوزوالد""،","كل الابواب كان مقفوله في وجه ""اوزوالد""،"
الراجل بيوصل لطريق مسدود،,الراجل بيوصل لطريق مسدود،
عشان نشوفه في 21 نوفمبر،,عشان نشوفه في 21 نوفمبر،
"قبل حادثة اغتيال ""كينيدي"" بيوم واحد","قبل حادثه اغتيال ""كينيدي"" بيوم واحد"
"""أوزوالد"" فجأة بيزور ""مارينا"" زوجته،","""اوزوالد"" فجاه بيزور ""مارينا"" زوجته،"
بيسيبلها 170 دولار، ويحُطّلها خاتم الجواز على الترابيزة،,بيسيبلها 170 دولار، ويحُطّلها خاتم الجواز علي الترابيزه،
"""مارينا"" قالت بعد كدا: ""أنا هنا عرفت إن جوزي بيودّعني.""","""مارينا"" قالت بعد كدا: ""انا هنا عرفت ان جوزي بيودّعني."""
"""أوزوالد"" فشل في كل حاجة،","""اوزوالد"" فشل في كل حاجه،"
بس فضلت جواه رغبة الطفولة،,بس فضلت جواه رغبه الطفوله،
"""أنا عايز أحس إن أنا مهم،","""انا عايز احس ان انا مهم،"
أنا عايز أحس إني صاحب شأن،,انا عايز احس اني صاحب شان،
"أنا (لي أوزوالد)، أنا عايز العالَم يشوفني!""","انا لي اوزوالد ، انا عايز العالَم يشوفني!"""
"وهنا ""أوزوالد""، يا عزيزي، هيقرر إن هو ياخد أهميته","وهنا ""اوزوالد""، يا عزيزي، هيقرر ان هو ياخد اهميته"
من أهم شخص في العالم في هذا الوقت،,من اهم شخص في العالم في هذا الوقت،
والطريقين اللي عمرهم ما كانوا شبه بعض وعمرهم ما اتقابلوا في أي محطة،,والطريقين اللي عمرهم ما كانوا شبه بعض وعمرهم ما اتقابلوا في اي محطه،
هيدخلوا في بعض، عشان تحصل واحدة من أهم حوادث القرن الـ20.,هيدخلوا في بعض، عشان تحصل واحده من اهم حوادث القرن ال20.
النهاردة، الجمعة 22 نوفمبر 1963،,النهارده، الجمعه 22 نوفمبر 1963،
"الطائرة الرئاسية وصلت بالسلامة إلى ""دالاس""،","الطايره الرياسيه وصلت بالسلامه الي ""دالاس""،"
"وبينزل منها ""جون كينيدي"" بـ""كاريزمته"" وطلّته المعروفة،","وبينزل منها ""جون كينيدي"" ب""كاريزمته"" وطلّته المعروفه،"
"ومراته ""جاكلين"" لابسة طاقم وردي،","ومراته ""جاكلين"" لابسه طاقم وردي،"
اللبس اللي هيتحول من outfit السيدة الأولى,اللبس اللي هيتحول من السيده الاولي
"لرمز حزين ليوم لم تنسه ""أمريكا""!","لرمز حزين ليوم لم تنسه ""امريكا""!"
بنرجع لمشهد البداية،,بنرجع لمشهد البدايه،
"الـ""ليموزين""، العربية المكشوفة،","ال""ليموزين""، العربيه المكشوفه،"
الرئيس اللي حاسس بأمان في وِسط وطنه،,الرييس اللي حاسس بامان في وِسط وطنه،
هتاف الجماهير عالي، مغطّي على كل الأصوات.,هتاف الجماهير عالي، مغطّي علي كل الاصوات.
"في الوقت دا، ""أوزوالد"" كان شغّال موظف مؤقت، intern،","في الوقت دا، ""اوزوالد"" كان شغّال موظف موقت، ،"
في أحد مستودعات الكُتُب في الدور السادس،,في احد مستودعات الكُتُب في الدور السادس،
"في الوقت دا، قرا في الجرايد إن موكب ""كينيدي"" هيعدّي جنب المبنى بتاعه،","في الوقت دا، قرا في الجرايد ان موكب ""كينيدي"" هيعدّي جنب المبني بتاعه،"
هيقدر يشوف الموكب من الشبّاك،,هيقدر يشوف الموكب من الشبّاك،
وهنا، بيشعر إن القدر ادّاله فرصة أخيرة عشان يبقى مهم،,وهنا، بيشعر ان القدر ادّاله فرصه اخيره عشان يبقي مهم،
بيُرابط قصاد الشبّاك، قاعد مستني لمّا الموكب يظهر،,بيُرابط قصاد الشبّاك، قاعد مستني لمّا الموكب يظهر،
مستخبي وسط كراتين الكُتُب.,مستخبي وسط كراتين الكُتُب.
"الساعة 12 ونُص الضهر، الـ""ليموزين"" دخلت الشارع،","الساعه 12 ونُص الضهر، ال""ليموزين"" دخلت الشارع،"
"""كينيدي"" و""جاكلين"" قاعدين ورا،","""كينيدي"" و""جاكلين"" قاعدين ورا،"
"وقُدّامهم حاكم ""تكساس"" ومراته،","وقُدّامهم حاكم ""تكساس"" ومراته،"
"وزي ما قُلتلك، في خلال 8 ثواني، ""أوزوالد"" بيضرب 3 رصاصات،","وزي ما قُلتلك، في خلال 8 ثواني، ""اوزوالد"" بيضرب 3 رصاصات،"
الأولانية بتخبط في الرصيف، وبتصيب شخص كان واقف بعيد،,الاولانيه بتخبط في الرصيف، وبتصيب شخص كان واقف بعيد،
"التانية عدّت من ضهر ""كينيدي"" وخرجت من رقبته،","التانيه عدّت من ضهر ""كينيدي"" وخرجت من رقبته،"
"عشان تفضل مكمّلة وتدخل في جسم الحاكم بتاع ""تكساس""،","عشان تفضل مكمّله وتدخل في جسم الحاكم بتاع ""تكساس""،"
وتكسر ضلوعه وإيده،,وتكسر ضلوعه وايده،
"والطلقة التالتة فجّرت راس ""كينيدي"".","والطلقه التالته فجّرت راس ""كينيدي""."
العميل المكلّف بحماية الرئيس نط على العربية،,العميل المكلّف بحمايه الرييس نط علي العربيه،
في نفس الوقت، الزوجة كانت بتبص، ما تلاقيش جوزها،,في نفس الوقت، الزوجه كانت بتبص، ما تلاقيش جوزها،
"""جاكلين"" كل دا مش فاهمة إيه اللي بيحصل،","""جاكلين"" كل دا مش فاهمه ايه اللي بيحصل،"
كل اللي فهمته إن هي لمّا بصت على جوزها،,كل اللي فهمته ان هي لمّا بصت علي جوزها،
لقت أمامها جسد بلا رأس!,لقت امامها جسد بلا راس!
"الـ""ليموزين"" جريت على مستشفى ""باركلاند""","ال""ليموزين"" جريت علي مستشفي ""باركلاند"""
عشان الساعة واحدة بالظبط,عشان الساعه واحده بالظبط
"يتم الإعلان رسميًا عن وفاة الرئيس الأمريكي ""جيه. إف. كينيدي""،","يتم الاعلان رسميًا عن وفاه الرييس الامريكي ""جيه. اف. كينيدي""،"
الحياة والناس في الشوارع اتجمّدوا تمامًا،,الحياه والناس في الشوارع اتجمّدوا تمامًا،
بس الشرطة بدأت تتحرك وتدوّر،,بس الشرطه بدات تتحرك وتدوّر،
"لحد ما بتلاقي البندقية اللي عليها بصمات القاتل، ""أوزوالد""،","لحد ما بتلاقي البندقيه اللي عليها بصمات القاتل، ""اوزوالد""،"
الراجل كان خلّص الاغيتال وخرج من المبنى بمنتهى الهدوء،,الراجل كان خلّص الاغيتال وخرج من المبني بمنتهي الهدوء،
"بيطلع، بيركب أتوبيس، بعدها بيركب ""تاكسي""،","بيطلع، بيركب اتوبيس، بعدها بيركب ""تاكسي""،"
بعدها، بيطلع على أوضته، لبس جاكت، خد مسدسه وخرج.,بعدها، بيطلع علي اوضته، لبس جاكت، خد مسدسه وخرج.
"واحد من أفراد الشرطة بيشوف ""أوزوالد""، بيوقّفه،","واحد من افراد الشرطه بيشوف ""اوزوالد""، بيوقّفه،"
"بيقوم ""أوزوالد"" ضاربه بـ4 رصاصات،","بيقوم ""اوزوالد"" ضاربه ب4 رصاصات،"
"بعدها، بيهرب على سينما ""تكساس""،","بعدها، بيهرب علي سينما ""تكساس""،"
بيخش من غير ما يدفع تذكرة،,بيخش من غير ما يدفع تذكره،
بعدها، بيتم إبلاغ الشرطة، وبتتم محاصرة السينما،,بعدها، بيتم ابلاغ الشرطه، وبتتم محاصره السينما،
وفي خلال تقريبًا نُص ساعة، بيكون اتقبض عليه،,وفي خلال تقريبًا نُص ساعه، بيكون اتقبض عليه،
وبنلاقيه، يا عزيزي، خارج مع أفراد الشرطة وهو بيصرّخ،,وبنلاقيه، يا عزيزي، خارج مع افراد الشرطه وهو بيصرّخ،
"""Im just patsy! أنا مجرد كبش فِدا"".",""" ! انا مجرد كبش فِدا""."
ولكن، يا عزيزي، الأدلة كلها كانت ضده.,ولكن، يا عزيزي، الادله كلها كانت ضده.
"خلّيني أقولّك، يا عزيزي، إن ""أمريكا"" كانت في حالة ذهول،","خلّيني اقولّك، يا عزيزي، ان ""امريكا"" كانت في حاله ذهول،"
"""أٌقوى شخص في العالم بيتم قتله أمامنا، قُدّام عينينا،","""اٌقوي شخص في العالم بيتم قتله امامنا، قُدّام عينينا،"
"ودلوقتي، بيتم القبض على هذا القاتل.""","ودلوقتي، بيتم القبض علي هذا القاتل."""
طبعًا لك أن تتخيل في دماغ الأمريكان,طبعًا لك ان تتخيل في دماغ الامريكان
إن هذا القاتل ممكن يبقى ذريعة سوفييتية،,ان هذا القاتل ممكن يبقي ذريعه سوفييتيه،
هذا القاتل ممكن يبقى ناشط من الحقوق المدنية،,هذا القاتل ممكن يبقي ناشط من الحقوق المدنيه،
احنا لسة ما نعرفش!,احنا لسه ما نعرفش!
القاتل دا مش شرط يبقى حد فردي،,القاتل دا مش شرط يبقي حد فردي،
وارد الشخص دا يبقى حد له علاقة,وارد الشخص دا يبقي حد له علاقه
"بجهات بتموّل أو بتدعم الأفكار اللي كان ""كينيدي"" ضدهنا،","بجهات بتموّل او بتدعم الافكار اللي كان ""كينيدي"" ضدهنا،"
الموضوع مشتبك ومعقد والناس كلها عايزة تعرف,الموضوع مشتبك ومعقد والناس كلها عايزه تعرف
مَن هو اللي ورا هذا القاتل؟,مَن هو اللي ورا هذا القاتل؟
أكيد هذا القاتل مش فرد.,اكيد هذا القاتل مش فرد.
وزي ما الرئيس اتقتل على الهوا،,وزي ما الرييس اتقتل علي الهوا،
"""أوزوالد"" بينتقل للسجن في بث مباشر.","""اوزوالد"" بينتقل للسجن في بث مباشر."
وهنا، يا عزيزي، بتحصل مفاجأة كبيرة،,وهنا، يا عزيزي، بتحصل مفاجاه كبيره،
قبل بداية التحقيق، في نفس الليلة،,قبل بدايه التحقيق، في نفس الليله،
راجل قصير بيظهر في بادروم قسم الشرطة,راجل قصير بيظهر في بادروم قسم الشرطه
وبيطلع من وسط الزحمة، في إيده مسدس،,وبيطلع من وسط الزحمه، في ايده مسدس،
"بيقرّب من ""أوزوالد"" جدًا، وبيضرب المسدس في مسافة تقريبًا صفر،","بيقرّب من ""اوزوالد"" جدًا، وبيضرب المسدس في مسافه تقريبًا صفر،"
"بيقتل ""أوزوالد""،","بيقتل ""اوزوالد""،"
ودا، يا عزيزي، بيعقد الموضوع أكتر وأكتر،,ودا، يا عزيزي، بيعقد الموضوع اكتر واكتر،
"مَن هو قاتل قاتل ""كينيدي""؟!","مَن هو قاتل قاتل ""كينيدي"""
"هل هو حد بينتقم لـ""كينيدي""؟","هل هو حد بينتقم ل""كينيدي""؟"
"أم هو حد من الجهة اللي خلّت ""أوزوالد"" يرتكب هذه الجريمة،","ام هو حد من الجهه اللي خلّت ""اوزوالد"" يرتكب هذه الجريمه،"
"وعايزين يقتلوا ""أوزوالد""، عشان ما حدش يعرف؟","وعايزين يقتلوا ""اوزوالد""، عشان ما حدش يعرف؟"
"وزي ""أوزوالد""، يا عزيزي، بشكل أو بآخر،","وزي ""اوزوالد""، يا عزيزي، بشكل او باخر،"
بنجد إن القاتل صاحب هوية غير متوقعة،,بنجد ان القاتل صاحب هويه غير متوقعه،
الراجل صاحب ملهى ليلي، مدير كاباريه،,الراجل صاحب ملهي ليلي، مدير كاباريه،
"وقال بعد كدا إن اللي دفعه إنه يقتل ""أوزوالد""","وقال بعد كدا ان اللي دفعه انه يقتل ""اوزوالد"""
شعوره إنه عايز ينتقم للزوجة،,شعوره انه عايز ينتقم للزوجه،
"اللي ""جون كينيدي"" جوزها مات قُدّام عينيها.","اللي ""جون كينيدي"" جوزها مات قُدّام عينيها."
"المفارقة، يا عزيزي، إن ""أوزوالد"" لمّا بتُطلق النار عليه،","المفارقه، يا عزيزي، ان ""اوزوالد"" لمّا بتُطلق النار عليه،"
"بيروح لمستشفى ""باركلاند""،","بيروح لمستشفي ""باركلاند""،"
"وفي نفس المكان، اللي أعلنوا منه وفاة ""جون كينيدي""،","وفي نفس المكان، اللي اعلنوا منه وفاه ""جون كينيدي""،"
"أعلنوا منه وفاة قاتل ""جون كينيدي""،","اعلنوا منه وفاه قاتل ""جون كينيدي""،"
والشخص الوحيد اللي كان ممكن يفسر كل حاجة هو كمان مات.,والشخص الوحيد اللي كان ممكن يفسر كل حاجه هو كمان مات.
الرئيس الأمريكي، يا عزيزي، وقاتل الرئيس الأمريكي، الاتنين ماتوا،,الرييس الامريكي، يا عزيزي، وقاتل الرييس الامريكي، الاتنين ماتوا،
ولكن الحدث فضل مستمر، ولسة عايش،,ولكن الحدث فضل مستمر، ولسه عايش،
الإعلام قعد 4 أيام بث مباشر، من غير ما يجيب إعلان واحد،,الاعلام قعد 4 ايام بث مباشر، من غير ما يجيب اعلان واحد،
"على حسب المصادر، 96% من بيوت ""أمريكا"" قاعدة فاتحة التليفزيون،","علي حسب المصادر، 96 من بيوت ""امريكا"" قاعده فاتحه التليفزيون،"
البلد كانت أشبه بصوان عزا كبير،,البلد كانت اشبه بصوان عزا كبير،
"يوم الجنازة، كل شيء ""في الولايات المتحدة الأمريكية"" وقف،","يوم الجنازه، كل شيء ""في الولايات المتحده الامريكيه"" وقف،"
البورصة، المدارس، المَحاكِم،,البورصه، المدارس، المَحاكِم،
41 مليون بيت بيعيشوا لحظة درامية حزينة جدًا،,41 مليون بيت بيعيشوا لحظه دراميه حزينه جدًا،
"قُدّامهم ابن ""كينيدي"" وهو عنده 3 سنين بس","قُدّامهم ابن ""كينيدي"" وهو عنده 3 سنين بس"
واقف بيعمل تعظيم سلام لنعش أبوه.,واقف بيعمل تعظيم سلام لنعش ابوه.
"الصحفي ""بوب شيفر"" بيوصف اليوم دا بإنه...","الصحفي ""بوب شيفر"" بيوصف اليوم دا بانه"
أمام العالَم وأمامها.,امام العالَم وامامها.
"اليوم دا خلق سؤال قسم ""أمريكا"" نُصين،","اليوم دا خلق سوال قسم ""امريكا"" نُصين،"
"السؤال بيقول: ""ازاي الرئيس الأمريكي يُقتَل أمامنا بهذا الشكل؟""","السوال بيقول: ""ازاي الرييس الامريكي يُقتَل امامنا بهذا الشكل؟"""
ولمّا العقل ما يستوعبش الفكرة،,ولمّا العقل ما يستوعبش الفكره،
بتبدأ نظريات المؤامرة تظهر،,بتبدا نظريات الموامره تظهر،
"اللي قالّك: ""عملها السوفييت.""","اللي قالّك: ""عملها السوفييت."""
"واللي قالّك: ""عملها (كاسترو).""","واللي قالّك: ""عملها كاسترو ."""
"""الراجل دا أكيد متجنّد من حد في الحرب الباردة.""","""الراجل دا اكيد متجنّد من حد في الحرب البارده."""
ناس تانية بصوا لجوا،,ناس تانيه بصوا لجوا،
"فيه اللي اتهم ""المافيا""،","فيه اللي اتهم ""المافيا""،"
فيه اللي اتهم العنصريين البِيض،,فيه اللي اتهم العنصريين البِيض،
وزي ما قُلتلك، ما حدش كان بيمتلك الحقيقة الكاملة.,وزي ما قُلتلك، ما حدش كان بيمتلك الحقيقه الكامله.
"سيرة ""أوزوالد"" والكلام عنه زوّد الشك فيه،","سيره ""اوزوالد"" والكلام عنه زوّد الشك فيه،"
"جندي ""مارينز"" سابق، عاش في ""روسيا""، متجوز روسية،","جندي ""مارينز"" سابق، عاش في ""روسيا""، متجوز روسيه،"
ويوم ما مات، اتقتل على الهوا مباشرةً، اتصفّى،,ويوم ما مات، اتقتل علي الهوا مباشرهً، اتصفّي،
"الناس قالت: ""الراجل دا أكيد اتقتل، عشان ما يفتحش بُقّه،","الناس قالت: ""الراجل دا اكيد اتقتل، عشان ما يفتحش بُقّه،"
"عشان ما يتكلمش.""","عشان ما يتكلمش."""
"نائب الرئيس ""ليندون جونسون""، اللي حلف اليمين في الطيارة،","نايب الرييس ""ليندون جونسون""، اللي حلف اليمين في الطياره،"
"و""جاكي"" اللي لابسة بدلتها، الملطّخة بدم جوزها،","و""جاكي"" اللي لابسه بدلتها، الملطّخه بدم جوزها،"
كان عارف كويس أوي إن البلد هتنفجر.,كان عارف كويس اوي ان البلد هتنفجر.
"وهنا، ""جونسون"" بيشكّل لجنة ""وارن"" للتحقيق،","وهنا، ""جونسون"" بيشكّل لجنه ""وارن"" للتحقيق،"
عشان في سبتمبر 64،,عشان في سبتمبر 64،
"اللجنة بتخرج بقرار إن ""أوزوالد""، يا عزيزي، لم يكُن مُموَّل من أي حد،","اللجنه بتخرج بقرار ان ""اوزوالد""، يا عزيزي، لم يكُن مُموَّل من اي حد،"
تصرفه كان تصرف فردي،,تصرفه كان تصرف فردي،
"لا توجد مؤامرة كبيرة تفسر ما فعله ""أوزوالد"".","لا توجد موامره كبيره تفسر ما فعله ""اوزوالد""."
"فيه مؤامرات تانية على ""كينيدي""،","فيه موامرات تانيه علي ""كينيدي""،"
"فيه مؤامرات تانية على ""أمريكا""،","فيه موامرات تانيه علي ""امريكا""،"
"ولكن المؤامرة اللي نجحت في قتل ""كينيدي""","ولكن الموامره اللي نجحت في قتل ""كينيدي"""
لم تكن مؤامرة عالمية، بل كانت مؤامرة فردية.,لم تكن موامره عالميه، بل كانت موامره فرديه.
طبعًا، يا عزيزي، مش محتاج أقولّك، الناس ما صدّقتش الكلام دا،,طبعًا، يا عزيزي، مش محتاج اقولّك، الناس ما صدّقتش الكلام دا،
أولًا، لأن التقرير طلع بسرعة جدًا،,اولًا، لان التقرير طلع بسرعه جدًا،
ثانيًا، لأن التقرير معتمد على أجهزة الـFBI،,ثانيًا، لان التقرير معتمد علي اجهزه ال ،
في الوقت دا، الثقة في الـFBI كانت مهزوزة جدًا،,في الوقت دا، الثقه في ال كانت مهزوزه جدًا،
"يكفي إن أنا أقولّك إن رئيس الـFBI ""إدجار هوفر"" كان أصلًا مشتبه فيه،","يكفي ان انا اقولّك ان رييس ال ""ادجار هوفر"" كان اصلًا مشتبه فيه،"
"لأنه كان معروف إنه ضد ""كينيدي"".","لانه كان معروف انه ضد ""كينيدي""."
وبعد سنين، يا عزيزي، بيظهر الأسوأ،,وبعد سنين، يا عزيزي، بيظهر الاسوا،
الـCIA والـFBI خبوا عن لجنة التحقيق,ال وال خبوا عن لجنه التحقيق
"إن هُما أصلًا كانوا بيدبروا عملية اغتيال لـ""كاسترو""،","ان هُما اصلًا كانوا بيدبروا عمليه اغتيال ل""كاسترو""،"
"وإن ""أوزوالد"" زار سفارات ""روسيا"" و""كوبا"".","وان ""اوزوالد"" زار سفارات ""روسيا"" و""كوبا""."
ولمّا الكلام دا اتكشف وظهر للنور،,ولمّا الكلام دا اتكشف وظهر للنور،
الثقة اللي كانت مهزوزة، اتفشفشت على الأرض!,الثقه اللي كانت مهزوزه، اتفشفشت علي الارض!
ولحد النهاردة، يا عزيزي، %65 من الأمريكان مقتنعين,ولحد النهارده، يا عزيزي، 65 من الامريكان مقتنعين
"إن موت ""جون إف. كينيدي"" كان مؤامرة،","ان موت ""جون اف. كينيدي"" كان موامره،"
ومع كل وثيقة بيتم تسليمها من تقرير اللجنة,ومع كل وثيقه بيتم تسليمها من تقرير اللجنه
بيبان إن اللجنة دي ما كانتش شايفة الصورة كاملة.,بيبان ان اللجنه دي ما كانتش شايفه الصوره كامله.
الحقيقة إن أكبر أثر للاغتيال كان تضخم أجهزة الأمن الأمريكية،,الحقيقه ان اكبر اثر للاغتيال كان تضخم اجهزه الامن الامريكيه،
الموضوع بدأ بإن قواعد حماية الرئيس بدأت تتغير،,الموضوع بدا بان قواعد حمايه الرييس بدات تتغير،
"انتهى عصر العربيات الـ""كابورليه""،","انتهي عصر العربيات ال""كابورليه""،"
ما عادش فيه عربيات مكشوفة،,ما عادش فيه عربيات مكشوفه،
الخدمة السرّية بقت شِبه قوة عسكرية،,الخدمه السرّيه بقت شِبه قوه عسكريه،
بقى فيه مواكب مصفّحة، الأسطح بقى عليهم قنّاصة،,بقي فيه مواكب مصفّحه، الاسطح بقي عليهم قنّاصه،
"بس بالتدريج، وتحت شعار ""الأمن الوطني""،","بس بالتدريج، وتحت شعار ""الامن الوطني""،"
"بدأ يحصل توحش أمني أضعاف اللي جه عليه ""جون كينيدي""،","بدا يحصل توحش امني اضعاف اللي جه عليه ""جون كينيدي""،"
الـFBI توحش ببرنامج الـCOINTELPRO،,ال توحش ببرنامج ال ،
دا كان برنامج سرّي بيتجسس وبيخترق وبيفكك,دا كان برنامج سرّي بيتجسس وبيخترق وبيفكك
أي حركة مُعارضة من جواها، قبل ما تكبر،,اي حركه مُعارضه من جواها، قبل ما تكبر،
دلوقتي، يا عزيزي، كل الناس أصبحت محل اشتباه،,دلوقتي، يا عزيزي، كل الناس اصبحت محل اشتباه،
طلبة، منظمات ضد الحرب، حركات نسوية، منظمات مدنية،,طلبه، منظمات ضد الحرب، حركات نسويه، منظمات مدنيه،
كله بيتحقق معاه،,كله بيتحقق معاه،
في المستقبل، ظهرت لجان فجّرت ملفات سرّية ومشينة,في المستقبل، ظهرت لجان فجّرت ملفات سرّيه ومشينه
لأجهزة الأمن اللي اتعملت بعد دا،,لاجهزه الامن اللي اتعملت بعد دا،
"عمليات الاغتيال ومشروع ""مكولترا""،","عمليات الاغتيال ومشروع ""مكولترا""،"
اللي استخدم فيه الـCIA المخدرات والحرمان الحسي,اللي استخدم فيه ال المخدرات والحرمان الحسي
على أفراد مدنيين،,علي افراد مدنيين،
كان بيحاول يعرف ازاي أقدر أسيطر على الناس من خلال الكيميا،,كان بيحاول يعرف ازاي اقدر اسيطر علي الناس من خلال الكيميا،
ازاي أقدر أتحكّم في الأفكار وفي الذاكرة،,ازاي اقدر اتحكّم في الافكار وفي الذاكره،
"وكأن بارانويا ""أوزوالد"" عدوى ممكن تصيب أي أمريكي،","وكان بارانويا ""اوزوالد"" عدوي ممكن تصيب اي امريكي،"
زي أي وباء، يكفي إن شخص واحد يُصاب بيها،,زي اي وباء، يكفي ان شخص واحد يُصاب بيها،
عشان ييجي للبلد كلها!,عشان ييجي للبلد كلها!
"زي ما قُلتلك، يا عزيزي، ""كينيدي"" اتضرب 3 رصاصات،","زي ما قُلتلك، يا عزيزي، ""كينيدي"" اتضرب 3 رصاصات،"
والحقيقة إن دُول نفس الـ3 رصاصات,والحقيقه ان دُول نفس ال3 رصاصات
"اللي ""أمريكا"" اتضربتهم مع ""كينيدي""،","اللي ""امريكا"" اتضربتهم مع ""كينيدي""،"
رصاصة قتلت ثقة الشعب في الحكومة،,رصاصه قتلت ثقه الشعب في الحكومه،
"الرصاصة التانية قتلت طُموح ""كينيدي""،","الرصاصه التانيه قتلت طُموح ""كينيدي""،"
اللي كان نِفسه في مؤسسات بتراعي المجتمع، مش بتقيده،,اللي كان نِفسه في موسسات بتراعي المجتمع، مش بتقيده،
أما الرصاصة التالتة فضربت الأمل في أي مستقبل،,اما الرصاصه التالته فضربت الامل في اي مستقبل،
"ودا هنشوفه في ""فيتنام""،","ودا هنشوفه في ""فيتنام""،"
"""فيتنام""، اللي ""كينيدي"" حاول ينقذ آلاف الشباب من حربها،","""فيتنام""، اللي ""كينيدي"" حاول ينقذ الاف الشباب من حربها،"
ولو تفتكر، واحد من آخر القرارات اللي كان بياخدها,ولو تفتكر، واحد من اخر القرارات اللي كان بياخدها
هو الانسحاب بالكامل بشكل تدريجي.,هو الانسحاب بالكامل بشكل تدريجي.
"بعد الاغتيال، بيمسك ""ليندون جونسون"" ""أمريكا""،","بعد الاغتيال، بيمسك ""ليندون جونسون"" ""امريكا""،"
"راجل خشن، جاي من ""تكساس""، جاي من الجنوب،","راجل خشن، جاي من ""تكساس""، جاي من الجنوب،"
"بعد 4 أيام من موت ""كينيدي""، قرر يقلب قرارات ""كينيدي""،","بعد 4 ايام من موت ""كينيدي""، قرر يقلب قرارات ""كينيدي""،"
بدأ قرار، في ظاهره انسحاب،,بدا قرار، في ظاهره انسحاب،
"ولكن في جوهره، مد الحرب في ""فيتنام""،","ولكن في جوهره، مد الحرب في ""فيتنام""،"
قرر يأجل من خطوة الاستسلام،,قرر ياجل من خطوه الاستسلام،
ويطوّل في عمر الحرب،,ويطوّل في عمر الحرب،
"عشان التاريخ ما يقولش إن ""جونسون"" هو الرئيس","عشان التاريخ ما يقولش ان ""جونسون"" هو الرييس"
"اللي حصل في عهده خسارة ""آسيا"" لصالح السوفييت.","اللي حصل في عهده خساره ""اسيا"" لصالح السوفييت."
"في أغسطس 64، حصلت واقعة خليج ""تونكين""،","في اغسطس 64، حصلت واقعه خليج ""تونكين""،"
"لمّا البحرية بتدّعي إن ""فيتنام الشمالية"" هاجمت سفن أمريكية،","لمّا البحريه بتدّعي ان ""فيتنام الشماليه"" هاجمت سفن امريكيه،"
"و""جونسون"" استخدم الادعاء دا كذريعة للتصعيد.","و""جونسون"" استخدم الادعاء دا كذريعه للتصعيد."
وفي مارس 65، كنا وصلنا لنقطة اللاعودة،,وفي مارس 65، كنا وصلنا لنقطه اللاعوده،
"عملية ""الرعد المتدحرج""،","عمليه ""الرعد المتدحرج""،"
قصف جوي فضل مستمر 4 سنين كاملة.,قصف جوي فضل مستمر 4 سنين كامله.
"التصعيد اللي ""جونسون"" عمله في الآخر ما وصّلش الأمريكان لحاجة،","التصعيد اللي ""جونسون"" عمله في الاخر ما وصّلش الامريكان لحاجه،"
آه انت بعتّ جنود أكتر،,اه انت بعتّ جنود اكتر،
ولكن انت ما بتلعبش على أرضك،,ولكن انت ما بتلعبش علي ارضك،
"فبالتالي، ""أمريكا"" دفعت التَمَن، والبلد اتقسمت نُصين،","فبالتالي، ""امريكا"" دفعت التَمَن، والبلد اتقسمت نُصين،"
نُص بيتزَق ناحية الحرب، وبيرجع ميت،,نُص بيتزَق ناحيه الحرب، وبيرجع ميت،
وشباب تانيين بيحرقوا بطاقات التجنيد في الشارع،,وشباب تانيين بيحرقوا بطاقات التجنيد في الشارع،
عشان ما يحاربوش.,عشان ما يحاربوش.
"ومع نهاية الستينات، بتبدأ ""أمريكا"" تعاني من أسوأ انقسامات،","ومع نهايه الستينات، بتبدا ""امريكا"" تعاني من اسوا انقسامات،"
أسوأ انقسام حصل فيها بعد الحرب الأهلية،,اسوا انقسام حصل فيها بعد الحرب الاهليه،
مظاهرات ومسيرات في كل حتة،,مظاهرات ومسيرات في كل حته،
اغتيالات لرموز الـAfro Americans،,اغتيالات لرموز ال ،
"زي ""مارتن لوثر كينج"" وزي ""مالكوم إكس""،","زي ""مارتن لوثر كينج"" وزي ""مالكوم اكس""،"
"اغتيال ""روبرت كينيدي""،","اغتيال ""روبرت كينيدي""،"
"وشغب في مدن كاملة، زي ""لوس أنجلوس"" و""ديترويت""،","وشغب في مدن كامله، زي ""لوس انجلوس"" و""ديترويت""،"
وابتدينا، يا عزيزي، نشوف,وابتدينا، يا عزيزي، نشوف
"بدل الشكل السلمي، اللي كان بيقوده حد زي ""كينيدي""،","بدل الشكل السلمي، اللي كان بيقوده حد زي ""كينيدي""،"
بتبدأ تبقى فيه حركات متمردة بتستخدم السلاح،,بتبدا تبقي فيه حركات متمرده بتستخدم السلاح،
بدأ التمرد ما يبقاش سِلمي أوي،,بدا التمرد ما يبقاش سِلمي اوي،
"وبدأت تقريبًا كل حاجة ""كينيدي"" بيدافع عنها وبيقف معاها تنهار،","وبدات تقريبًا كل حاجه ""كينيدي"" بيدافع عنها وبيقف معاها تنهار،"
"بتظهر ""أمريكا"" جديدة فيها شباب متمرد،","بتظهر ""امريكا"" جديده فيها شباب متمرد،"
شباب مش بيعيش الحلم الأمريكي،,شباب مش بيعيش الحلم الامريكي،
ولكن بيعيش الكابوس الأمريكي!,ولكن بيعيش الكابوس الامريكي!
"وصحيح إن حرب ""فيتنام"" خلصت،","وصحيح ان حرب ""فيتنام"" خلصت،"
إلا إن الثقة بين الشعب الأمريكي وبين إدارة الشعب الأمريكي ما رجعتش تاني،,الا ان الثقه بين الشعب الامريكي وبين اداره الشعب الامريكي ما رجعتش تاني،
"توغل الأجهزة الأمنية اللي كان في ""أمريكا"" في هذا الوقت","توغل الاجهزه الامنيه اللي كان في ""امريكا"" في هذا الوقت"
خلّى كتير من الأمريكان يحسوا إن هُما محاصرين،,خلّي كتير من الامريكان يحسوا ان هُما محاصرين،
يحسوا إن بلد الحرية ما فيهاش حرية،,يحسوا ان بلد الحريه ما فيهاش حريه،
ومع الوقت، فضلت تنزل تحقيقات وتسريبات,ومع الوقت، فضلت تنزل تحقيقات وتسريبات
تفضح هذه الإدارات الأمريكية،,تفضح هذه الادارات الامريكيه،
لحد دلوقتي، لسة فيه تسريبات بتطلع كل يوم،,لحد دلوقتي، لسه فيه تسريبات بتطلع كل يوم،
"والشعب الأمريكي بيسأل: ""لو دا اللي احنا نعرفه،","والشعب الامريكي بيسال: ""لو دا اللي احنا نعرفه،"
"أمّال اللي احنا ما نعرفهوش إيه؟!""","امّال اللي احنا ما نعرفهوش ايه """
"على حسب المؤرخين، فالحُب اللي خده ""جون كينيدي""،","علي حسب المورخين، فالحُب اللي خده ""جون كينيدي""،"
والشعبية الجارفة ليه عند الشعب الأمريكي,والشعبيه الجارفه ليه عند الشعب الامريكي
"لم تكُن بسببه، مش بسبب ""كينيدي"" نفسه،","لم تكُن بسببه، مش بسبب ""كينيدي"" نفسه،"
ولكن بسبب الاحتقان اللي حصل من بعده،,ولكن بسبب الاحتقان اللي حصل من بعده،
خيبة أمل كبيرة في الرؤساء الل جُم بعده،,خيبه امل كبيره في الروساء الل جُم بعده،
"""كينيدي"" في نظر الأمريكان لم يكن مجرد أجندة أو برنامج،","""كينيدي"" في نظر الامريكان لم يكن مجرد اجنده او برنامج،"
"رؤساء ""أمريكا"" اللي جُم بعده يمكن يكونوا آه نفّذوا وعودهم الاقتصادية،","روساء ""امريكا"" اللي جُم بعده يمكن يكونوا اه نفّذوا وعودهم الاقتصاديه،"
ولكن كتير منهم بعد كدا,ولكن كتير منهم بعد كدا
كانوا بيتورطوا في حروب ومشاكل عالمية ما لهومش دعوة بيها،,كانوا بيتورطوا في حروب ومشاكل عالميه ما لهومش دعوه بيها،
"وبعد كدا، بيتولد مفهوم ""فجوة المصداقية""،","وبعد كدا، بيتولد مفهوم ""فجوه المصداقيه""،"
الفرق بين اللي الدولة الأمريكية بتقوله للناس،,الفرق بين اللي الدوله الامريكيه بتقوله للناس،
واللي الواقع على الأرض بيكشفه،,واللي الواقع علي الارض بيكشفه،
"فجوة ما فيش أي رئيس جه بعد ""كينيدي"" عرف يسدّها، ولا حتى وعد إنه هيعرف يسدّها،","فجوه ما فيش اي رييس جه بعد ""كينيدي"" عرف يسدّها، ولا حتي وعد انه هيعرف يسدّها،"
"زي ما قُلتلك، يا عزيزي، كتير من المؤرخين بيشوفوا إن اغتيال ""كينيدي""","زي ما قُلتلك، يا عزيزي، كتير من المورخين بيشوفوا ان اغتيال ""كينيدي"""
"لم يكُن اغتيال لـ""كينيدي"" بس،","لم يكُن اغتيال ل""كينيدي"" بس،"
لأ، دا كان اغتيال لفكرة،,لا، دا كان اغتيال لفكره،
"فكرة إن ""أمريكا"" تقدر تحقق النقيضين،","فكره ان ""امريكا"" تقدر تحقق النقيضين،"
رخاء اقتصادي لدولة قوية، زي ما تكون إمبراطورية قديمة،,رخاء اقتصادي لدوله قويه، زي ما تكون امبراطوريه قديمه،
وفي نفس الوقت، دولة أخلاقية، دولة عندها حرية،,وفي نفس الوقت، دوله اخلاقيه، دوله عندها حريه،
دولة حاسة بالأمان ومحسسة مواطنيها بالأمان.,دوله حاسه بالامان ومحسسه مواطنيها بالامان.
"يمكن، يا عزيزي، لحظة صعود حد زي ""دونالد ترامب""،","يمكن، يا عزيزي، لحظه صعود حد زي ""دونالد ترامب""،"
"هي أكتر لحظة بنقدر نستوعب فيها الفجوة اللي تركها ""جون إف. كينيدي""،","هي اكتر لحظه بنقدر نستوعب فيها الفجوه اللي تركها ""جون اف. كينيدي""،"
"لأن في عهد ""ترامب""، شُفنا محاولات واضحة لتفكيك هذا الإرث،","لان في عهد ""ترامب""، شُفنا محاولات واضحه لتفكيك هذا الارث،"
"الإرث اللي كان ""كينيدي"" بيحاول يحييه ويرجّعه للمكان،","الارث اللي كان ""كينيدي"" بيحاول يحييه ويرجّعه للمكان،"
"المثير إن ""ترامب"" وهو بيفكك هذا الإرث اللي حطه ""كينيدي""،","المثير ان ""ترامب"" وهو بيفكك هذا الارث اللي حطه ""كينيدي""،"
فهو بيحقق جماهيريته،,فهو بيحقق جماهيريته،
لأنه كان بيخاطب الشعب بسيكولوجية هُما يفهموها،,لانه كان بيخاطب الشعب بسيكولوجيه هُما يفهموها،
"""سيكولوجية"" الـ""تروما"" والشك في كل المؤسسات.","""سيكولوجيه"" ال""تروما"" والشك في كل الموسسات."
"""ترامب"" هيحول شك الأمريكان في المؤسسات","""ترامب"" هيحول شك الامريكان في الموسسات"
إلى خطاب سياسي، إلى مشروعه،,الي خطاب سياسي، الي مشروعه،
أول ما خطاباته بتتهاجم، هيقول للإعلام إن دا إعلام كاذب،,اول ما خطاباته بتتهاجم، هيقول للاعلام ان دا اعلام كاذب،
وإن المؤسسات دي بتشتغل ضد الناس، ضدكم.,وان الموسسات دي بتشتغل ضد الناس، ضدكم.
"""فعشان كدا، بيكذّبوني في كل حاجة.""","""فعشان كدا، بيكذّبوني في كل حاجه."""
"وهيسمّي هذه المؤسسات، اللي بتحاربه، باسم ""الدولة العميقة""،","وهيسمّي هذه الموسسات، اللي بتحاربه، باسم ""الدوله العميقه""،"
كأنها وحش خفي، ما لهوش راي من رجلين.,كانها وحش خفي، ما لهوش راي من رجلين.
بس دلوقتي، لأول مرة، اللي بيقول دا هو الرئيس الأمريكي بنفسه،,بس دلوقتي، لاول مره، اللي بيقول دا هو الرييس الامريكي بنفسه،
"""ترامب""، يا عزيزي، بيصدر قرار سنة 2025","""ترامب""، يا عزيزي، بيصدر قرار سنه 2025"
"بالإفراج عن باقي الوثائق المتعلقة بموت جون إف. كينيدي""،","بالافراج عن باقي الوثايق المتعلقه بموت جون اف. كينيدي""،"
عشان يؤكد على الفكرة اللي هو بيحاول يقولها،,عشان يوكد علي الفكره اللي هو بيحاول يقولها،
إنه مناصر للشفافية،,انه مناصر للشفافيه،
ضد مؤسسات كتير كانت بتحاول تخبي الحقيقة،,ضد موسسات كتير كانت بتحاول تخبي الحقيقه،
وكأنه قاصد يعيد إحياء هذه اللحظة بحمولتها النفسية.,وكانه قاصد يعيد احياء هذه اللحظه بحمولتها النفسيه.
"""ترامب"" كان أكبر تجسيد للحظة صدمة وطنية","""ترامب"" كان اكبر تجسيد للحظه صدمه وطنيه"
لسة بتحرك شعب كامل في اتجاه هُما مش عارفين هيودّيهم فين،,لسه بتحرك شعب كامل في اتجاه هُما مش عارفين هيودّيهم فين،
"وكأن ""كينيدي"" لسة ميت امبارح،","وكان ""كينيدي"" لسه ميت امبارح،"
وكأن ما فيش حاجة اتحسمت لأكتر من 60 سنة،,وكان ما فيش حاجه اتحسمت لاكتر من 60 سنه،
لسة معنى الدولة الأمريكية نفسه غير محسوم!,لسه معني الدوله الامريكيه نفسه غير محسوم!
هل دي دولة بتعالج وتعلّم وتأكّل الناس؟,هل دي دوله بتعالج وتعلّم وتاكّل الناس؟
ولّا دي دولة بتسيب الناس للسوق، بتسيب الناس لفرصها؟,ولّا دي دوله بتسيب الناس للسوق، بتسيب الناس لفرصها؟
هل دي دولة بتقود العالَم الحُر والـliberty والـdemocracy؟,هل دي دوله بتقود العالَم الحُر وال وال ؟
ولّا بتتحرك بنفوذ مخيف عشان مصالحها هي بس؟,ولّا بتتحرك بنفوذ مخيف عشان مصالحها هي بس؟
ولسة، يا عزيزي، لحد النهاردة،,ولسه، يا عزيزي، لحد النهارده،
المؤسسات الأمريكية هي محل شك من مواطنيها,الموسسات الامريكيه هي محل شك من مواطنيها
قبل شك الشعوب التانية فيها.,قبل شك الشعوب التانيه فيها.
كل دا، يا عزيزي، نقدر نقول إنه بدأ بشكل مجازي،,كل دا، يا عزيزي، نقدر نقول انه بدا بشكل مجازي،
"بـ3 رصاصات في ""دالاس"".","ب3 رصاصات في ""دالاس""."
بس كدا، يا عزيزي. أخيرًا، وليس آخرًا،,بس كدا، يا عزيزي. اخيرًا، وليس اخرًا،
ما تنساش تشوف الحلقات اللي فاتت، تشوف الحلقات الجاية،,ما تنساش تشوف الحلقات اللي فاتت، تشوف الحلقات الجايه،
"تنزل تبص على المصادر، ولو احنا على الـ""يوتيوب""، نشترك على القناة.","تنزل تبص علي المصادر، ولو احنا علي ال""يوتيوب""، نشترك علي القناه."
60 سنة، يا عزيزي، والإدارة الأمريكية ما اتعلّمتش غير حاجة واحدة بس,60 سنه، يا عزيزي، والاداره الامريكيه ما اتعلّمتش غير حاجه واحده بس
"بعد مقتل ""جون كينيدي""،","بعد مقتل ""جون كينيدي""،"
"""يا جماعة، الاغتيالات ما بتقفش بإن احنا نحقق مطالب الشعب الأمريكي،","""يا جماعه، الاغتيالات ما بتقفش بان احنا نحقق مطالب الشعب الامريكي،"
ولا إن يعُم السلام والرخاء الاقتصادي،,ولا ان يعُم السلام والرخاء الاقتصادي،
لا، احنا نجيب عربيات مصفّحة،,لا، احنا نجيب عربيات مصفّحه،
وبلاش عربيات مفتوحة،,وبلاش عربيات مفتوحه،
"دا بيحل إن مش هيحصل اغتيال!""","دا بيحل ان مش هيحصل اغتيال!"""
"مع اتفاقية ""إيفيان""، الوضع بقى معقد جدًا بشكل استثنائي،","مع اتفاقيه ""ايفيان""، الوضع بقي معقد جدًا بشكل استثنايي،"
مئات الآلاف من...,ميات الالاف من
وبعدين بقى؟,وبعدين بقي؟
هتفضل قاعد كدا طول اليوم ما بتتحركش؟,هتفضل قاعد كدا طول اليوم ما بتتحركش؟
أتحرك ليه؟ احنا في 2025، ما حدش محتاج يتحرك.,اتحرك ليه؟ احنا في 2025، ما حدش محتاج يتحرك.
- يعني إيه؟ - كل حاجة بتيجي لحد البيت،,- يعني ايه؟ - كل حاجه بتيجي لحد البيت،
من أول المعلومات لحد الـDelivery،,من اول المعلومات لحد ال ،
ممكن أسافر أي حتة بالـMobile.,ممكن اسافر اي حته بال .
مش الإنسان المفروض يسعى كدا ويقوم يشوف رزقه؟,مش الانسان المفروض يسعي كدا ويقوم يشوف رزقه؟
يا ابني، قعدة البيت دي تجيب الفقر!,يا ابني، قعده البيت دي تجيب الفقر!
أنا بأشتغل من البيت، عن طريق الإنترنت،,انا باشتغل من البيت، عن طريق الانترنت،
احنا في 2025، خلاص،,احنا في 2025، خلاص،
الفلوس والاقتصاد، كل حاجة بتتحرك Online.,الفلوس والاقتصاد، كل حاجه بتتحرك .
يا ابني، انزل شوف صحابك، كلمهم، قابلهم.,يا ابني، انزل شوف صحابك، كلمهم، قابلهم.
كل أصحابي بيكلموني على الـDiscord، على الـFaceTime،,كل اصحابي بيكلموني علي ال ، علي ال ،
كلنا ما بننزلش، عشان لمّا بننزل،,كلنا ما بننزلش، عشان لمّا بننزل،
بنضطر نصرف فلوس أكتر، عشان نقدر نقعد في حتة.,بنضطر نصرف فلوس اكتر، عشان نقدر نقعد في حته.
لا حول ولا قوة إلا بالله!,لا حول ولا قوه الا بالله!
دا حتى الحركة بركة.,دا حتي الحركه بركه.
طب حاول تنزل تمشّي جسمك شوية، العب رياضة.,طب حاول تنزل تمشّي جسمك شويه، العب رياضه.
مش لازم، الإنسان عشان يطلّع عضلات، ممكن ياخد حبوب،,مش لازم، الانسان عشان يطلّع عضلات، ممكن ياخد حبوب،
"ولو عايز يخس، ممكن ياخد ""أوزمبك"".","ولو عايز يخس، ممكن ياخد ""اوزمبك""."
طب اتحرك كدا، انزل شوفلك بنت ولّا حاجة،,طب اتحرك كدا، انزل شوفلك بنت ولّا حاجه،
فرّحنا بيك، بدل ما انت قاعد زي دكر البط!,فرّحنا بيك، بدل ما انت قاعد زي دكر البط!
العلاقات دلوقتي بقت عابرة يا ماما،,العلاقات دلوقتي بقت عابره يا ماما،
كله عن طريق Tinder وBumble، كله Online.,كله عن طريق و ، كله .
طب اتحرك كدا، شوفلك Course تاخده،,طب اتحرك كدا، شوفلك تاخده،
اتعلم حاجة يا أخي!,اتعلم حاجه يا اخي!
"ما بأتفرج على ""الدحّيح"" أهو.","ما باتفرج علي ""الدحّيح"" اهو."
يا ربي، أحركه ازاي دا؟!,يا ربي، احركه ازاي دا
يا حبيبي، دا مش Science،,يا حبيبي، دا مش ،
ما لهوش لازمة.,ما لهوش لازمه.
ما لهوش لازمة؟!,ما لهوش لازمه
دا الناس بتنام على صوته دا.,دا الناس بتنام علي صوته دا.
ولا، قوم، اتحرك!,ولا، قوم، اتحرك!
قوم من قُدّام الزفت دا، وسيب الزفت اللي في إيدك!,قوم من قُدّام الزفت دا، وسيب الزفت اللي في ايدك!
وما تقعدش على الزفت اللي في أوضة النوم!,وما تقعدش علي الزفت اللي في اوضه النوم!
للدرجادي، الزفت دا بينيّم بسرعة؟!,للدرجادي، الزفت دا بينيّم بسرعه
أعزائي المشاهدين، السلام عليكم ورحمة الله وبركاته،,اعزايي المشاهدين، السلام عليكم ورحمه الله وبركاته،
"أهلًا بكم في حلقة جديدة، من برنامج ""الدحّيح""!","اهلًا بكم في حلقه جديده، من برنامج ""الدحّيح""!"
عزيزي المُشاهد، حوضك.,عزيزي المُشاهد، حوضك.
"- ""إيه؟!"" - حوضك، افتحه دلوقتي حالًا!","- ""ايه "" - حوضك، افتحه دلوقتي حالًا!"
"""ليه يا (أبو حميد)؟!""","""ليه يا ابو حميد """
أنا عايز حوض يتحول إلى زاوية مستقيمة، اتصرّف!,انا عايز حوض يتحول الي زاويه مستقيمه، اتصرّف!
"هنروح، يا عزيزي، لـ""اليونان"" قبل قرون من الميلاد.","هنروح، يا عزيزي، ل""اليونان"" قبل قرون من الميلاد."
"بنروح لمجموعة من الفلاسفة بيُطلق عليهم اسم ""الطبيعيين الأوائل""،","بنروح لمجموعه من الفلاسفه بيُطلق عليهم اسم ""الطبيعيين الاوايل""،"
دُول جماعة سايبين اللي وراهم واللي قُدّامهم،,دُول جماعه سايبين اللي وراهم واللي قُدّامهم،
ومشغولين بسؤال واحد بس، ما هو أصل الكون؟,ومشغولين بسوال واحد بس، ما هو اصل الكون؟
"واحد مثلًا زي ""طاليس""، أحد الفلاسفة يعني،","واحد مثلًا زي ""طاليس""، احد الفلاسفه يعني،"
شاف إن أصل العالم هو الميّه،,شاف ان اصل العالم هو الميّه،
"في الوقت اللي واحد تاني مثلًا، زي ""أنكسيمناس""،","في الوقت اللي واحد تاني مثلًا، زي ""انكسيمناس""،"
قال إن أصل العالم هو الهوا،,قال ان اصل العالم هو الهوا،
"""هيرقليطس"" قال: ""ثانية واحدة، يا شباب، أنا شايف إن هو النار.""","""هيرقليطس"" قال: ""ثانيه واحده، يا شباب، انا شايف ان هو النار."""
بس، يا عزيزي، دي قعدة قهوة تم توثيقها لسبب ما،,بس، يا عزيزي، دي قعده قهوه تم توثيقها لسبب ما،
وبنسمع عنها في التاريخ!,وبنسمع عنها في التاريخ!
ورغم، يا عزيزي، اختلافهم الواسع،,ورغم، يا عزيزي، اختلافهم الواسع،
لو ركّزت، هتلاقي إن فيه حاجة مشتركة، فيه فكرة بتجمّعهم،,لو ركّزت، هتلاقي ان فيه حاجه مشتركه، فيه فكره بتجمّعهم،
كل مادة من دُول بتتحرك وبتتحول طول الوقت،,كل ماده من دُول بتتحرك وبتتحول طول الوقت،
يعني، الميّه مثلًا، بتتحول بسهولة من صلب لسائل لغاز،,يعني، الميّه مثلًا، بتتحول بسهوله من صلب لسايل لغاز،
"جالك العلم الحديث بعد كدا، قالّك: ""فيه حاجة اسمها التسامي، ممكن ترد مرحلة.""","جالك العلم الحديث بعد كدا، قالّك: ""فيه حاجه اسمها التسامي، ممكن ترد مرحله."""
عندك مثلًا حاجة زي الهوا،,عندك مثلًا حاجه زي الهوا،
بيتكاثف وبيتخلل الأشياء، دايمًا في حركة مستمرة.,بيتكاثف وبيتخلل الاشياء، دايمًا في حركه مستمره.
"أما بقى ""هرقليطس""، فاختار النار كأصل للعالم،","اما بقي ""هرقليطس""، فاختار النار كاصل للعالم،"
لأنه كان بيعتبرها، بسبب حركتها المجنونة والمستمرة،,لانه كان بيعتبرها، بسبب حركتها المجنونه والمستمره،
رمز للتحول الدائم Constantly Change.,رمز للتحول الدايم .
بالرغم، يا عزيزي، من اختلاف الفلاسفة،,بالرغم، يا عزيزي، من اختلاف الفلاسفه،
إلا إنهم كانوا شايفين إن الحركة هي عصب الوجود بالكامل.,الا انهم كانوا شايفين ان الحركه هي عصب الوجود بالكامل.
وعلى ذكر موضوع العصب،,وعلي ذكر موضوع العصب،
فبعض علماء الأعصاب بيعتبروا إن جهازنا العصبي تطور بالأساس,فبعض علماء الاعصاب بيعتبروا ان جهازنا العصبي تطور بالاساس
عشان يدير عملية الحركة أكتر من عملية التفكير،,عشان يدير عمليه الحركه اكتر من عمليه التفكير،
يعني دماغك، يا عزيزي، قبل ما تفكر، كانت أساسًا بتتحرك.,يعني دماغك، يا عزيزي، قبل ما تفكر، كانت اساسًا بتتحرك.
"عالم الأعصاب ""دانيال وولبرت""","عالم الاعصاب ""دانيال وولبرت"""
بيقول إن احنا عندنا عقل لمهمة واحدة بس،,بيقول ان احنا عندنا عقل لمهمه واحده بس،
وهي إنتاج سلسلة من الحركات المعقدة,وهي انتاج سلسله من الحركات المعقده
الغرض منها التكيف والبقاء،,الغرض منها التكيف والبقاء،
الإنسان البدائي قبل ما يفكر في الخطر المستخبي ورا الأشجار،,الانسان البدايي قبل ما يفكر في الخطر المستخبي ورا الاشجار،
قبل ما يحلله ويعرف طبيعته ويعرف إيه الهجوم اللي جاي عليه،,قبل ما يحلله ويعرف طبيعته ويعرف ايه الهجوم اللي جاي عليه،
كان بيتحرك وبيهرب، بيجري.,كان بيتحرك وبيهرب، بيجري.
وحتى لمّا بيريح كدا ويتأمل،,وحتي لمّا بيريح كدا ويتامل،
بيبص وبيلاقي كل الكون حواليه في حالة حركة.,بيبص وبيلاقي كل الكون حواليه في حاله حركه.
في ظل، يا عزيزي، كل هؤلاء الفلاسفة،,في ظل، يا عزيزي، كل هولاء الفلاسفه،
المؤمنين بالحركة، واللي شايفين الحركة في كل حاجة،,المومنين بالحركه، واللي شايفين الحركه في كل حاجه،
"بيظهر واحد زي الفيلسوف ""زينون"" سنة 450 قبل الميلاد،","بيظهر واحد زي الفيلسوف ""زينون"" سنه 450 قبل الميلاد،"
"وبيقولّهم: ""يا شباب، Pray on Prophet، صلّوا على النبي،","وبيقولّهم: ""يا شباب، ، صلّوا علي النبي،"
"أنا، بصراحة، شايف إن ما فيش حركة أصلًا.""","انا، بصراحه، شايف ان ما فيش حركه اصلًا."""
"""زينون""، يا عزيزي، كان مبتني وجهة النظر اللي بتقول: ""كل دا، يا جماعة، تهيؤات،","""زينون""، يا عزيزي، كان مبتني وجهه النظر اللي بتقول: ""كل دا، يا جماعه، تهيوات،"
وبيقدملك حجج عقلية كمان لإبطال الحركة.,وبيقدملك حجج عقليه كمان لابطال الحركه.
"عندك مثلًا ما يُعرف بـ""حُجّة المَلعب""،","عندك مثلًا ما يُعرف ب""حُجّه المَلعب""،"
تخيل نفسك واقف في ملعب كبير،,تخيل نفسك واقف في ملعب كبير،
وهتاخده جري من أوله لآخره،,وهتاخده جري من اوله لاخره،
خلّينا نسمّي أول الملعب بالنقطة أ، وآخر الملعب بالنقطة ب،,خلّينا نسمّي اول الملعب بالنقطه ا، واخر الملعب بالنقطه ب،
تبدو سهلة، أ لـ ب.,تبدو سهله، ا ل ب.
"عمك ""زينون"" بيقول إن انت عشان توصل من النقطة أ للنقطة ب،","عمك ""زينون"" بيقول ان انت عشان توصل من النقطه ا للنقطه ب،"
لازم على الأقل إن انت تمشي نُص هذه المسافة، صح ولّا لأ؟,لازم علي الاقل ان انت تمشي نُص هذه المسافه، صح ولّا لا؟
ولنُقل مثلًا إن من النقطة أ للنقطة ج اللي هي بين أ و ب.,ولنُقل مثلًا ان من النقطه ا للنقطه ج اللي هي بين ا و ب.
"""طب يا (أبو حميد)، ما أنا سهل أعمل زي ما أستاذ (زينون) بيعمل،","""طب يا ابو حميد ، ما انا سهل اعمل زي ما استاذ زينون بيعمل،"
وأقول إن انت عشان توصل من النقطة أ للنقطة ج،,واقول ان انت عشان توصل من النقطه ا للنقطه ج،
لازم توصل للنقطة د، اللي بين النقطة أ والنقطة ج،,لازم توصل للنقطه د، اللي بين النقطه ا والنقطه ج،
اللي هي بتعادل يعني ربع الملعب.,اللي هي بتعادل يعني ربع الملعب.
وعشان نعدّي من النقطة أ والنقطة د، لازم يبقى فيه نقطة...,وعشان نعدّي من النقطه ا والنقطه د، لازم يبقي فيه نقطه
"ونقعد بقى نخش في الكلام اللي بيجيب الفقر في الملعب دا!""","ونقعد بقي نخش في الكلام اللي بيجيب الفقر في الملعب دا!"""
بالظبط، يا عزيزي، ساعتها، هنفضل ننصص، ننصص، ننصص، إلى ما لانهاية،,بالظبط، يا عزيزي، ساعتها، هنفضل ننصص، ننصص، ننصص، الي ما لانهايه،
وبالتالي، مستحيل نوصل للنقطة ب.,وبالتالي، مستحيل نوصل للنقطه ب.
"خُد كمان حُجّة عندك، ""(أخيل) والسلحفاة""،","خُد كمان حُجّه عندك، "" اخيل والسلحفاه""،"
"""أخيل"" أو Achilles، البطل الأسطوري المعروف،","""اخيل"" او ، البطل الاسطوري المعروف،"
هينزل في سباق مع السلحفاة،,هينزل في سباق مع السلحفاه،
وكنوع من الشفقة على عالم السلاحف،,وكنوع من الشفقه علي عالم السلاحف،
هندّي السلحفاة أسبقية في المسافة،,هندّي السلحفاه اسبقيه في المسافه،
"وهنبتدي السبق، ""يلّا، ما لكيش حُجّة أيتها السلحفاة،","وهنبتدي السبق، ""يلّا، ما لكيش حُجّه ايتها السلحفاه،"
"بادئين بيكي السباق، ولو عدّى من جنبك، اقرميه واحدة في الوتر، دي نقطة ضعفه!""","باديين بيكي السباق، ولو عدّي من جنبك، اقرميه واحده في الوتر، دي نقطه ضعفه!"""
"المنطق هنا بيقولّك إن ""أخيل"" عشان يكسب السلحفاة،","المنطق هنا بيقولّك ان ""اخيل"" عشان يكسب السلحفاه،"
لازم يوصل للنقطة اللي هي كانت واقفة فيها.,لازم يوصل للنقطه اللي هي كانت واقفه فيها.
بس برضه، خُد بالك، السلحفاة بتعافر، ومش ساكتة،,بس برضه، خُد بالك، السلحفاه بتعافر، ومش ساكته،
وعلى بال ما يوصل للنقطة التانية اللي هي كانت اتقدمت فيها،,وعلي بال ما يوصل للنقطه التانيه اللي هي كانت اتقدمت فيها،
وهو واقف في النقطة دي، كانت هي مشيت شوية،,وهو واقف في النقطه دي، كانت هي مشيت شويه،
وعلى بال ما يوصل للنقطة اللي بعدها، كانت هي مشيت شوية،,وعلي بال ما يوصل للنقطه اللي بعدها، كانت هي مشيت شويه،
وعلى بال ما يوصل... نفضل كدا إلا ما لانهاية.,وعلي بال ما يوصل نفضل كدا الا ما لانهايه.
"أستاذ ""زينون"" هيخبطك بطلقة في وشك،","استاذ ""زينون"" هيخبطك بطلقه في وشك،"
"ويقولّك: ""العالم حولنا ثابت، لا يتغير،","ويقولّك: ""العالم حولنا ثابت، لا يتغير،"
فوق يا موموهم يا ابن الموهومة!,فوق يا موموهم يا ابن الموهومه!
لأن الحركة معناها تغيير من وجود إلى عدم،,لان الحركه معناها تغيير من وجود الي عدم،
أو من عدم إلى وجود،,او من عدم الي وجود،
وما دام العدم مستحيل يبقى موجود،,وما دام العدم مستحيل يبقي موجود،
"إذًا، فالحركة هي كمان مستحيلة.""","اذًا، فالحركه هي كمان مستحيله."""
وبيقولّك كمان إن كل اللي بنشوفه في حياتنا من حركة وتغير،,وبيقولّك كمان ان كل اللي بنشوفه في حياتنا من حركه وتغير،
هو مجرد وهم جاي من حواس بتخدعنا.,هو مجرد وهم جاي من حواس بتخدعنا.
"""(أبو حميد)، أنا عرفت كويس ليه صنف الفلاسفة دا بيلسعوا في آخر حياتهم!",""" ابو حميد ، انا عرفت كويس ليه صنف الفلاسفه دا بيلسعوا في اخر حياتهم!"
أنا، يا (أبو حميد)، مش فاهم أي حاجة!,انا، يا ابو حميد ، مش فاهم اي حاجه!
"انت عايز تقول إيه؟! انت بتدوّر على حد؟! تايه؟!""","انت عايز تقول ايه انت بتدوّر علي حد تايه """
دلوقتي، يا عزيزي، أنا ادّيتك جرعة الوعي الفلسفي الكافية،,دلوقتي، يا عزيزي، انا ادّيتك جرعه الوعي الفلسفي الكافيه،
محتاجين ننقل على حاجة تانية.,محتاجين ننقل علي حاجه تانيه.
تعالى، يا عزيزي، نسيب عالم الفلسفة والألعاب العقلية،,تعالي، يا عزيزي، نسيب عالم الفلسفه والالعاب العقليه،
خلّينا، يا عزيزي، نروح للفيزيا والرياضيات،,خلّينا، يا عزيزي، نروح للفيزيا والرياضيات،
1 + 1،,1 1،
"نبدأ من عند ""إقليدس"".","نبدا من عند ""اقليدس""."
"هنلاقيه بنا في كتابه ""العناصر""","هنلاقيه بنا في كتابه ""العناصر"""
أسس الهندسة القائمة على الأشكال الممتدة،,اسس الهندسه القايمه علي الاشكال الممتده،
الخط عنده عبارة عن كيان ممتد إلى ما لانهاية،,الخط عنده عباره عن كيان ممتد الي ما لانهايه،
الخط دا ممكن يتقسّم نظريًا إلى عدد لانهائي من الأجزاء،,الخط دا ممكن يتقسّم نظريًا الي عدد لانهايي من الاجزاء،
"Dots, Dots, Dots, Dots, Dots, Dots, Dots.",", , , , , , ."
"ورغم إن ""زينون"" اتواجه بردود فلسفية كتير،","ورغم ان ""زينون"" اتواجه بردود فلسفيه كتير،"
إلا إن الرد العلمي عليه مش هيكون سهل،,الا ان الرد العلمي عليه مش هيكون سهل،
هيتأخر Actually لحد القرن الـ17،,هيتاخر لحد القرن ال17،
"لمّا تجيله القاضية من ""نيوتن"" و""لايبنز""،","لمّا تجيله القاضيه من ""نيوتن"" و""لايبنز""،"
الاتنين اللي حطوا أسس التفاضل والتكامل،,الاتنين اللي حطوا اسس التفاضل والتكامل،
واللي من خلاله، يا عزيزي، قدروا يثبتوا إن مجموع الأجزاء الصغيرة،,واللي من خلاله، يا عزيزي، قدروا يثبتوا ان مجموع الاجزاء الصغيره،
حتى وإن كان عددها لانهائي،,حتي وان كان عددها لانهايي،
هتلف تلف تلف، وفي الآخر، عددها في النهاية هيساوي 1.,هتلف تلف تلف، وفي الاخر، عددها في النهايه هيساوي 1.
بمعنى، يا عزيزي، إن بالحسبة الرياضية،,بمعني، يا عزيزي، ان بالحسبه الرياضيه،
"افضل زوّد ""فراكشنات"" زي ما انت عايز،","افضل زوّد ""فراكشنات"" زي ما انت عايز،"
زوّد زي ما انت عايز،,زوّد زي ما انت عايز،
في الآخر، حاصلك 1،,في الاخر، حاصلك 1،
التفاضل والتكامل، الـLimit،,التفاضل والتكامل، ال ،
"في وشك يا عم ""زينون""!","في وشك يا عم ""زينون""!"
اقعد انت بقى نصص زي ما انت عايز،,اقعد انت بقي نصص زي ما انت عايز،
في الآخر، مجموع هذه الأجزاء بيساوي قيمة معيّنة.,في الاخر، مجموع هذه الاجزاء بيساوي قيمه معيّنه.
التفاضل والتكامل، يا عزيزي، أثبت رياضيًا,التفاضل والتكامل، يا عزيزي، اثبت رياضيًا
إن المسألة دي تحديدًا بتساوي رقم صحيح،,ان المساله دي تحديدًا بتساوي رقم صحيح،
يعني باختصار، تقدر تعدّي الملعب وانت متطمن،,يعني باختصار، تقدر تعدّي الملعب وانت متطمن،
هتوصل في الآخر من النقطة أ لـ ب.,هتوصل في الاخر من النقطه ا ل ب.
أسئلة الحركة، يا عزيزي، هتبدأ تركّز في أبسط حركات الأجسام،,اسيله الحركه، يا عزيزي، هتبدا تركّز في ابسط حركات الاجسام،
وكمان، هتفكر فيها،,وكمان، هتفكر فيها،
"لو رجعنا للملعب بتاع ""زينون""، وقُمنا شايطين الكورة،","لو رجعنا للملعب بتاع ""زينون""، وقُمنا شايطين الكوره،"
الكورة مثلًا لمّا تتشاط، رجلك في وقت ما كانت لامساها،,الكوره مثلًا لمّا تتشاط، رجلك في وقت ما كانت لامساها،
بس بعد ما رجلك سابت الكورة،,بس بعد ما رجلك سابت الكوره،
إيه اللي بيخلّي الكورة مكمّلة الحركة وراحة الـ18؟,ايه اللي بيخلّي الكوره مكمّله الحركه وراحه ال18؟
"""أرسطو"" بيقول: ""السبب هو الهوا.""","""ارسطو"" بيقول: ""السبب هو الهوا."""
بس هذا الرأي لم يكن مُقنِع،,بس هذا الراي لم يكن مُقنِع،
"لحد ما فكرة القصور الذاتي بتظهر عند ""جاليليو"".","لحد ما فكره القصور الذاتي بتظهر عند ""جاليليو""."
"""جاليليو""، يا عزيزي، لمّا لاحظ الأجسام على سطح أملس،","""جاليليو""، يا عزيزي، لمّا لاحظ الاجسام علي سطح املس،"
تقريبًا، بتفضل تتحرك من غير ما تقف،,تقريبًا، بتفضل تتحرك من غير ما تقف،
ما دام مقاومة الهوا معدومة، وكذلك مقاومة الاحتكاك،,ما دام مقاومه الهوا معدومه، وكذلك مقاومه الاحتكاك،
الجسم هيفضل، الله ينوّر، ماشي.,الجسم هيفضل، الله ينوّر، ماشي.
"يعني، لو انت مثلًا، يا عزيزي، جاتلك الفرصة إن انت تشوط ""بلنتي"" في الفضاء،","يعني، لو انت مثلًا، يا عزيزي، جاتلك الفرصه ان انت تشوط ""بلنتي"" في الفضاء،"
فالكورة هتفضل متحركة مكمّلة للأبد بنفس السرعة،,فالكوره هتفضل متحركه مكمّله للابد بنفس السرعه،
وبنفس القوة، Infinity، للأبد.,وبنفس القوه، ، للابد.
"نفس الفكرة دي، يا عزيزي، اتطورت عند ""نيوتن""،","نفس الفكره دي، يا عزيزي، اتطورت عند ""نيوتن""،"
وصاغها رياضيًا في القانون الأول للحركة،,وصاغها رياضيًا في القانون الاول للحركه،
وأصبحت قابلة للتطبيق وللقياس،,واصبحت قابله للتطبيق وللقياس،
شُفت، يا عزيزي، مجرد تفكيرك في كورة بتتشاط,شُفت، يا عزيزي، مجرد تفكيرك في كوره بتتشاط
خلّى كام واحد يفكر؟,خلّي كام واحد يفكر؟
وبأثر الفراشة كدا، Domino Effect، حاجة بتعمل حاجة بتعمل حاجة،,وباثر الفراشه كدا، ، حاجه بتعمل حاجه بتعمل حاجه،
رُحنا واصلين لقانون كامل للحركة، ما نقدرش نستغنى عنه،,رُحنا واصلين لقانون كامل للحركه، ما نقدرش نستغني عنه،
نفس الكورة دي، لو انت شوطتها لفوق، هييجي عليها وقت وتبدأ تتحرك لتحت،,نفس الكوره دي، لو انت شوطتها لفوق، هييجي عليها وقت وتبدا تتحرك لتحت،
ومن قديم الأزل، يا عزيزي، وانت عارف، الحاجات بتتحرك لتحت، حركة (غريبة).,ومن قديم الازل، يا عزيزي، وانت عارف، الحاجات بتتحرك لتحت، حركه غريبه .
"""أرسطو"" فسرها إن الأجساد بتتحرك لتحت لأنها بتنتمي لعنصر الأرض،","""ارسطو"" فسرها ان الاجساد بتتحرك لتحت لانها بتنتمي لعنصر الارض،"
وبطبيعة الحال، الأشياء بتميل إلى الرجوع لمركز الكون،,وبطبيعه الحال، الاشياء بتميل الي الرجوع لمركز الكون،
"تسألني: ""فين مركز الكون بالنسبة لـ(أرسطو)؟""","تسالني: ""فين مركز الكون بالنسبه ل ارسطو ؟"""
"""أرسطو"" بيقولّك: ""مركز (الأرض).""","""ارسطو"" بيقولّك: ""مركز الارض ."""
"وعشان كدا، ""أرسطو"" اعتبر إن الأجسام التقيلة","وعشان كدا، ""ارسطو"" اعتبر ان الاجسام التقيله"
بتقع أسرع من الأجسام الخفيفة.,بتقع اسرع من الاجسام الخفيفه.
"الملاحظة دي ما دخلتش دماغ ""جاليليو""،","الملاحظه دي ما دخلتش دماغ ""جاليليو""،"
"وبرغم، يا عزيزي، إن أفكار ""أرسطو"" كانت مسيطرة على الفيزيا","وبرغم، يا عزيزي، ان افكار ""ارسطو"" كانت مسيطره علي الفيزيا"
لأكتر من 1800 سنة،,لاكتر من 1800 سنه،
"إلا إن ""جاليليو"" بيقول: ""يا جماعة، الكلام دا مش صح!""","الا ان ""جاليليو"" بيقول: ""يا جماعه، الكلام دا مش صح!"""
"وفي تجربة عملية، بينفّذها ""جاليليو"" بنفسه،","وفي تجربه عمليه، بينفّذها ""جاليليو"" بنفسه،"
"على حسب المصادر، بيُقال إن هو طلع فوق برج ""بيزا"" المايل،","علي حسب المصادر، بيُقال ان هو طلع فوق برج ""بيزا"" المايل،"
"على مرأى ومسمع من أنصار ""أرسطو""،","علي مراي ومسمع من انصار ""ارسطو""،"
وقام رامي جسمين، واحد تقيل والتاني خفيف،,وقام رامي جسمين، واحد تقيل والتاني خفيف،
والمفاجأة، يا عزيزي، إن الجسمين بيوصلوا الأرض في نفس اللحظة،,والمفاجاه، يا عزيزي، ان الجسمين بيوصلوا الارض في نفس اللحظه،
مع إن هنا فيه واحد أتقل من التاني.,مع ان هنا فيه واحد اتقل من التاني.
"يُقال، يا عزيزي، إن أنصار ""أرسطو"" لمّا شافوا هذا المنظر،","يُقال، يا عزيزي، ان انصار ""ارسطو"" لمّا شافوا هذا المنظر،"
"قالوا: ""احنا نكدّب عينيا،","قالوا: ""احنا نكدّب عينيا،"
"نكدّب أي حاجة، إلا إننا نكدّب عم (أرسطو)!""","نكدّب اي حاجه، الا اننا نكدّب عم ارسطو !"""
بصراحة، يا عزيزي، كتير من الآراء العلمية للفلاسفة القدماء,بصراحه، يا عزيزي، كتير من الاراء العلميه للفلاسفه القدماء
نقدر نقول عليها آراء، من مقعدنا يعني دلوقتي،,نقدر نقول عليها اراء، من مقعدنا يعني دلوقتي،
أنها آراء ساذجة، ما أدخّلهاش بيتي،,انها اراء ساذجه، ما ادخّلهاش بيتي،
برغم إنها تبدو للوهلة الأولى آراء بديهية.,برغم انها تبدو للوهله الاولي اراء بديهيه.
يعني، منطقي جدًا إن حد يبقى عنده انطباع,يعني، منطقي جدًا ان حد يبقي عنده انطباع
إن كيلو الحديد أتقل من كيلو القطن،,ان كيلو الحديد اتقل من كيلو القطن،
أصل دا حديد، ودا قطن.,اصل دا حديد، ودا قطن.
"تقولّه: ""يا جدع، الاتنين كيلو، دا كيلو من دا، وكيلو من دا.""","تقولّه: ""يا جدع، الاتنين كيلو، دا كيلو من دا، وكيلو من دا."""
"""بس دا حديد دا،","""بس دا حديد دا،"
"لكن القطن...!""","لكن القطن """
ومنطقي إن حد تاني يجيله انطباع,ومنطقي ان حد تاني يجيله انطباع
إن الشمس بتطلع من الشرق، وبتمشي من الغرب،,ان الشمس بتطلع من الشرق، وبتمشي من الغرب،
"بتدور حوالين ""الأرض"".","بتدور حوالين ""الارض""."
العلم هنا، يا عزيزي، بيقدّم اختبار لهذه الانطباعات،,العلم هنا، يا عزيزي، بيقدّم اختبار لهذه الانطباعات،
"""هاتلي، يا ابني يا حبيبي، انطباعاتك اللي انت جايبه من القهوة،","""هاتلي، يا ابني يا حبيبي، انطباعاتك اللي انت جايبه من القهوه،"
أي واحد بقى شايفلي إن النار هي أصل الكون،,اي واحد بقي شايفلي ان النار هي اصل الكون،
الميّه هي أصل الكون، هات، يا حبيبي، هات الانطباع بتاعك دا، هات،,الميّه هي اصل الكون، هات، يا حبيبي، هات الانطباع بتاعك دا، هات،
هات، فيه حاجة اسمها منهجية علمية،,هات، فيه حاجه اسمها منهجيه علميه،
فيه حاجة اسمها تجربة نشوفها،,فيه حاجه اسمها تجربه نشوفها،
مش الآراء اللي احنا بنعملها دي!,مش الاراء اللي احنا بنعملها دي!
"بيني وبينك التجربة العلمية، هي اللي تقول مين فينا الحمار!""","بيني وبينك التجربه العلميه، هي اللي تقول مين فينا الحمار!"""
من الانطباعات الغلط مثلًا، اللي فضلت مكمّلة معانا لحد القرن الـ19،,من الانطباعات الغلط مثلًا، اللي فضلت مكمّله معانا لحد القرن ال19،
"هو وجود شيء اسمه ""الأثير""،","هو وجود شيء اسمه ""الاثير""،"
الأثير دا، يا عزيزي، مادة شفافة بتملا أي فراغ في الكون،,الاثير دا، يا عزيزي، ماده شفافه بتملا اي فراغ في الكون،
واللي فيها بتتحرك موجات الضوء،,واللي فيها بتتحرك موجات الضوء،
يعني، يا عزيزي، لو كل حاجة في الدنيا بتتحرك،,يعني، يا عزيزي، لو كل حاجه في الدنيا بتتحرك،
الأثير هو الحاجة الوحيدة الثابتة.,الاثير هو الحاجه الوحيده الثابته.
وكانت برضه المعتقدات إن بما إن هذا الأثير وسيط،,وكانت برضه المعتقدات ان بما ان هذا الاثير وسيط،
إذًا، له مقاومة،,اذًا، له مقاومه،
زيه زي الهوا والميّه،,زيه زي الهوا والميّه،
وبالتالي، لمّا الضوء بيتحرك فيه، أكيد بيتأثر بمقاومة الأثير دا.,وبالتالي، لمّا الضوء بيتحرك فيه، اكيد بيتاثر بمقاومه الاثير دا.
الموضوع، يا عزيزي، بيفضل ماشي كدا، لحد ما بتحصل تجربة مهمة جدًا سنة 1887،,الموضوع، يا عزيزي، بيفضل ماشي كدا، لحد ما بتحصل تجربه مهمه جدًا سنه 1887،
"تجربة ""ميكيلسون مورلي""،","تجربه ""ميكيلسون مورلي""،"
مجموعة من العلماء بيستعملوا الـInterferometer،,مجموعه من العلماء بيستعملوا ال ،
التجربة، يا عزيزي، عبارة عن شعاع ضوء,التجربه، يا عزيزي، عباره عن شعاع ضوء
بيتبعت في مراية شفافة، وبيتقسم لشعاعين،,بيتبعت في مرايه شفافه، وبيتقسم لشعاعين،
"واحد بيخترق المراية في اتجاه حركة ""الأرض""،","واحد بيخترق المرايه في اتجاه حركه ""الارض""،"
والتاني بينعكس عمودي عليه،,والتاني بينعكس عمودي عليه،
كل شعاع بيخبط في مراية عاكسة،,كل شعاع بيخبط في مرايه عاكسه،
ويرجع تاني، ويكمّلوا الدورة للنهاية.,ويرجع تاني، ويكمّلوا الدوره للنهايه.
المفروض، يا عزيزي، لو أن هناك فعلًا تأثير للأثير،,المفروض، يا عزيزي، لو ان هناك فعلًا تاثير للاثير،
"فالشعاع اللي كان ماشي مع حركة اتجاه ""الأرض""،","فالشعاع اللي كان ماشي مع حركه اتجاه ""الارض""،"
من المفترض إن الأثير دا هيقاومه بزيادة،,من المفترض ان الاثير دا هيقاومه بزياده،
"ودا لأن ""الأرض"" نفسها عايمة في ريح أثيرية،","ودا لان ""الارض"" نفسها عايمه في ريح اثيريه،"
فبالتالي، المفترض إن الشعاع دا الريح هتقاومه.,فبالتالي، المفترض ان الشعاع دا الريح هتقاومه.
تخيل، يا عزيزي، إن انت طالع بموتوسيكل،,تخيل، يا عزيزي، ان انت طالع بموتوسيكل،
الهوا، اللي هو الوسيط في حالتنا دي،,الهوا، اللي هو الوسيط في حالتنا دي،
عمّال يقاومك كدا ويخبط فيك،,عمّال يقاومك كدا ويخبط فيك،
وعامل وشك كداهو، عشان انت ماشي عكس الاتجاه،,وعامل وشك كداهو، عشان انت ماشي عكس الاتجاه،
"دا اللي المفروض يحصل مع شعاع الضوء اللي ماشي مع ""الأرض""،","دا اللي المفروض يحصل مع شعاع الضوء اللي ماشي مع ""الارض""،"
اللي طايرة في الأثير،,اللي طايره في الاثير،
وبالتالي، هذا الشعاع المفروض يتأخر شوية,وبالتالي، هذا الشعاع المفروض يتاخر شويه
"عن الشعاع التاني اللي ماشي في اتجاه عمودي على حركة ""الأرض""،","عن الشعاع التاني اللي ماشي في اتجاه عمودي علي حركه ""الارض""،"
"فطبعًا، مش هيتأثر زي اللي ماشي مع حركة ""الأرض"".","فطبعًا، مش هيتاثر زي اللي ماشي مع حركه ""الارض""."
تخيل، يا عزيزي، إن احنا عندنا اتنين،,تخيل، يا عزيزي، ان احنا عندنا اتنين،
واحد هنا، وواحد هنا،,واحد هنا، وواحد هنا،
الاتنين دُول قاعدين في قَطْر، مقطورة،,الاتنين دُول قاعدين في قَطْر، مقطوره،
القطر دا ماشي في الاتجاه دا،,القطر دا ماشي في الاتجاه دا،
ماشي ازاي؟ ماشي في هذا الاتجاه،,ماشي ازاي؟ ماشي في هذا الاتجاه،
وفيه بتاعة في النُص كدا بينهم بتطلّع شعاع يوصل للاتنين.,وفيه بتاعه في النُص كدا بينهم بتطلّع شعاع يوصل للاتنين.
المفروض إن بما إن القطر ماشي هنا،,المفروض ان بما ان القطر ماشي هنا،
يبقى الشعاع اللي هيطلع، هيوصل لدا قبل ما هيوصل لدا،,يبقي الشعاع اللي هيطلع، هيوصل لدا قبل ما هيوصل لدا،
لأن الشعاع دا طالع عكس اتجاه القطر،,لان الشعاع دا طالع عكس اتجاه القطر،
فبالتالي، المفروض إن هو نظريًا يوصل أسرع،,فبالتالي، المفروض ان هو نظريًا يوصل اسرع،
لأنه عكس الاتجاه،,لانه عكس الاتجاه،
التاني، المفروض ياخد وقت أطول،,التاني، المفروض ياخد وقت اطول،
لأنه ماشي في نفس الاتجاه بتاع القطر،,لانه ماشي في نفس الاتجاه بتاع القطر،
دا اللي نظريًا المفروض يحصل،,دا اللي نظريًا المفروض يحصل،
دا اللي متعودين عليه،,دا اللي متعودين عليه،
انت لمّا بتمشي عكس اتجاه حاجة،,انت لمّا بتمشي عكس اتجاه حاجه،
المفروض بتوصلّك أسرع.,المفروض بتوصلّك اسرع.
التفسير: إن لو فيه أثير، المفروض دا اللي نشوفه،,التفسير: ان لو فيه اثير، المفروض دا اللي نشوفه،
إن الاتنين دُول مش هيوصلّهم شعاع الضوء في نفس اللحظة،,ان الاتنين دُول مش هيوصلّهم شعاع الضوء في نفس اللحظه،
دي، يا عزيزي، كانت النظرية.,دي، يا عزيزي، كانت النظريه.
الفكرة، يا عزيزي، إن الشعاعين وصلوا في نفس اللحظة بالظبط،,الفكره، يا عزيزي، ان الشعاعين وصلوا في نفس اللحظه بالظبط،
ودا اللي حيّر العلماء،,ودا اللي حيّر العلماء،
ما كانوش فاهمين ليه الأثير مش بيقاوم الضوء!,ما كانوش فاهمين ليه الاثير مش بيقاوم الضوء!
لحد، يا عزيزي، ما بتيجي 1905،,لحد، يا عزيزي، ما بتيجي 1905،
الله أكبر! الله أكبر فوق كيد المعتدي!,الله اكبر! الله اكبر فوق كيد المعتدي!
"والنسبية الخاصة تظهر مع ""أينشتاين""،","والنسبيه الخاصه تظهر مع ""اينشتاين""،"
"واللي جت تقولّك: ""بُص، بأقولّك إيه،","واللي جت تقولّك: ""بُص، باقولّك ايه،"
ما فيش حاجة اسمها أثير، سرعة الضوء سرعته هي هي بالمقارنة بأي حاجة،,ما فيش حاجه اسمها اثير، سرعه الضوء سرعته هي هي بالمقارنه باي حاجه،
سرعة الضوء بتنتقل من غير وسيط،,سرعه الضوء بتنتقل من غير وسيط،
سرعة الضوء ثابتة لكل المراقبين،,سرعه الضوء ثابته لكل المراقبين،
بغض النظر عن حركة مصدر الضوء،,بغض النظر عن حركه مصدر الضوء،
وبغض النظر عن المصدر اللي بيرصده،,وبغض النظر عن المصدر اللي بيرصده،
خُش على الضوء في أي وقت،,خُش علي الضوء في اي وقت،
خُش على الضوء بسرعة ثابتة،,خُش علي الضوء بسرعه ثابته،
"هتلاقيه بيضرب نفس الـSprint هو هو بنفس السرعة.""","هتلاقيه بيضرب نفس ال هو هو بنفس السرعه."""
اللي حصل، يا عزيزي، إن الحركة في النسبية كسّرت كل التوقعات،,اللي حصل، يا عزيزي، ان الحركه في النسبيه كسّرت كل التوقعات،
هي جابت Concept جديد شوية على الإنسان،,هي جابت جديد شويه علي الانسان،
الحركة بقت بتعتمد على الراصد،,الحركه بقت بتعتمد علي الراصد،
لا يوجد سرعة واحدة في الكون، وإنما الحركية تكون نسبية.,لا يوجد سرعه واحده في الكون، وانما الحركيه تكون نسبيه.
"لو حوّلنا، يا عزيزي، ملعب ""زينون"" لقَطْر،","لو حوّلنا، يا عزيزي، ملعب ""زينون"" لقَطْر،"
"وخلّينا ""أخيل"" يكسب السلحفاة بفركة كعب،","وخلّينا ""اخيل"" يكسب السلحفاه بفركه كعب،"
أكيد هيحس إن سرعته يا دوبك كانت فركة كعب،,اكيد هيحس ان سرعته يا دوبك كانت فركه كعب،
أما بالنسبة لواحد قاعد على الرصيف،,اما بالنسبه لواحد قاعد علي الرصيف،
"فسرعة ""أخيل"" بتساوي سرعة القطر + فركة الكعب نفسه.","فسرعه ""اخيل"" بتساوي سرعه القطر فركه الكعب نفسه."
"""(أبو حميد)، ثانية واحدة،",""" ابو حميد ، ثانيه واحده،"
قول للجماعة بتوع (نوبل) يحضّروا الجايزة، عشان فيه واحدة جاية دلوقتي!,قول للجماعه بتوع نوبل يحضّروا الجايزه، عشان فيه واحده جايه دلوقتي!
يلّا، اطبخوا على النار،,يلّا، اطبخوا علي النار،
فيه جايزة (نوبل) هتتسلّم دلوقتي، يلّا!,فيه جايزه نوبل هتتسلّم دلوقتي، يلّا!
أني طلّعت نظرية علمية من كلامك.,اني طلّعت نظريه علميه من كلامك.
مش انت والجدع اللي اسمه (أينشتاين) دا,مش انت والجدع اللي اسمه اينشتاين دا
بتقولوا إن احنا ما ينفعش نعدّي سرعة الضوء؟,بتقولوا ان احنا ما ينفعش نعدّي سرعه الضوء؟
ولسة دلوقتي راصصلي سرعة القطر مع سرعة فركة الكعب؟,ولسه دلوقتي راصصلي سرعه القطر مع سرعه فركه الكعب؟
احنا بقى بقى هنقوم راكبين القطر،,احنا بقي بقي هنقوم راكبين القطر،
ونجيب كشّاف نولّعه قُدّام،,ونجيب كشّاف نولّعه قُدّام،
ساعتها، سرعة ضوء الكشّاف بالنسبة للراصد الخارجي,ساعتها، سرعه ضوء الكشّاف بالنسبه للراصد الخارجي
هتساوي سرعة الضوء + سرعة القطر،,هتساوي سرعه الضوء سرعه القطر،
(أبو حميد)، أنا كسرت سرعة الضوء بالمكيف الدرجة الأولى،,ابو حميد ، انا كسرت سرعه الضوء بالمكيف الدرجه الاولي،
هاتوا جايزة (نوبل)!,هاتوا جايزه نوبل !
فين سفير (السويد) اللي بيشوف الحلقة دي؟!,فين سفير السويد اللي بيشوف الحلقه دي
"يلّا، عايزها بسرعة، عشان أنا عندي معاد.""","يلّا، عايزها بسرعه، عشان انا عندي معاد."""
ثانية، اهدا!,ثانيه، اهدا!
"""(أبو حميد)، يلّا، مستعجل على الجايزة دلوقتي.",""" ابو حميد ، يلّا، مستعجل علي الجايزه دلوقتي."
يلّا يا (أبو حميد)، بسرعة، ادّيلهم رقم المحفظة،,يلّا يا ابو حميد ، بسرعه، ادّيلهم رقم المحفظه،
"عشان يحولولي الجايزة على (إنستاباي)!""","عشان يحولولي الجايزه علي انستاباي !"""
"هتاخد فلوس جايزة ""نوبل"" على الـ""إنستاباي""؟!","هتاخد فلوس جايزه ""نوبل"" علي ال""انستاباي"""
"انت يا عم ""مصطفى مشرّفة""،","انت يا عم ""مصطفي مشرّفه""،"
انت يا أستاذ يا بتاع الأحلام!,انت يا استاذ يا بتاع الاحلام!
"""إيه يا (أبو حميد)؟! ما أنا عملت اكتشاف!""","""ايه يا ابو حميد ما انا عملت اكتشاف!"""
خلّيني أقولّك، يا عزيزي، إن المفارقة اللي بتهد كل أحلامك وطموحاتك,خلّيني اقولّك، يا عزيزي، ان المفارقه اللي بتهد كل احلامك وطموحاتك
إن سرعة ضوء الكشّاف هتساوي سرعته بس،,ان سرعه ضوء الكشّاف هتساوي سرعته بس،
تقريبًا 300 ألف كيلومتر في الثانية،,تقريبًا 300 الف كيلومتر في الثانيه،
ولن نضيف عليه أي شيء.,ولن نضيف عليه اي شيء.
اللي واقف برة بالنسباله سرعة الضوء 300 ألف كيلومتر في الثانية،,اللي واقف بره بالنسباله سرعه الضوء 300 الف كيلومتر في الثانيه،
القطر بالنسباله سرعة الضوء 300 ألف كيلومتر في الثانية،,القطر بالنسباله سرعه الضوء 300 الف كيلومتر في الثانيه،
كل حاجة بالنسبالها سرعة الضوء 300 ألف كيلومتر في الثانية.,كل حاجه بالنسبالها سرعه الضوء 300 الف كيلومتر في الثانيه.
تاني، الضوء لا يتأثر بحركة الأشياء الأخرى،,تاني، الضوء لا يتاثر بحركه الاشياء الاخري،
والكون كله، يا عزيزي، بيتآمر لمصلحته،,والكون كله، يا عزيزي، بيتامر لمصلحته،
هيكيّف كل حاجة بحيث إن انت لمّا تقيس سرعتها،,هيكيّف كل حاجه بحيث ان انت لمّا تقيس سرعتها،
هتلاقيها ما بتعدّيش سرعة الضوء.,هتلاقيها ما بتعدّيش سرعه الضوء.
"- ""أي حاجة؟"" - أي حاجة، يا عزيزي.","- ""اي حاجه؟"" - اي حاجه، يا عزيزي."
السرعة = المسافة ÷ الزمن.,السرعه المسافه ÷ الزمن.
بس خُد بالك، يا عزيزي، سرعة الضوء خط أحمر،,بس خُد بالك، يا عزيزي، سرعه الضوء خط احمر،
سرعة الضوء ما بتتغيرش،,سرعه الضوء ما بتتغيرش،
غيّرلي في المسافة، غيّرلي في الزمن،,غيّرلي في المسافه، غيّرلي في الزمن،
السرعة ثابتة.,السرعه ثابته.
لمّا نيجي، يا عزيزي، نتكلم مع الضوء،,لمّا نيجي، يا عزيزي، نتكلم مع الضوء،
المسافة والزمن هما اللي بيتغيروا،,المسافه والزمن هما اللي بيتغيروا،
هما اللي بيجيبوا لورا،,هما اللي بيجيبوا لورا،
متخيل؟ قُدّام الضوء، المسافة والزمان,متخيل؟ قُدّام الضوء، المسافه والزمان
"بيقولولك: ""لا، لا، لا، لا، لا، لا، مش... لأ أنا هأتغيرله.""","بيقولولك: ""لا، لا، لا، لا، لا، لا، مش لا انا هاتغيرله."""
النسبية، يا عزيزي، أثبتت ببساطة إن الجسم لمّا بيتحرك،,النسبيه، يا عزيزي، اثبتت ببساطه ان الجسم لمّا بيتحرك،
انت بتحس بالزمن والمسافة المفروض بشكل طبيعي،,انت بتحس بالزمن والمسافه المفروض بشكل طبيعي،
أما بقى لو حد بيرصدك من برة،,اما بقي لو حد بيرصدك من بره،
فالزمن بالنسباله هيبقى أبطأ، وهيشوفك أقصر شوية،,فالزمن بالنسباله هيبقي ابطا، وهيشوفك اقصر شويه،
ودا بينطبق نظريًا على أي جسم بيتحرك،,ودا بينطبق نظريًا علي اي جسم بيتحرك،
"راكب قطر، ماشي بـ""أوبر""، أي جسم،","راكب قطر، ماشي ب""اوبر""، اي جسم،"
ولكن الفروقات في الزمن هنا تكاد تكون صفر،,ولكن الفروقات في الزمن هنا تكاد تكون صفر،
فبالتالي، هذه الفروقات مش هتبقى ملحوظة في حياتنا الطبيعية،,فبالتالي، هذه الفروقات مش هتبقي ملحوظه في حياتنا الطبيعيه،
ولكنها بتتلاحظ أكتر عند السرعات اللي بتقرب من سرعة الضوء.,ولكنها بتتلاحظ اكتر عند السرعات اللي بتقرب من سرعه الضوء.
عشان كدا، يا عزيزي، هنفترض إن القطر بتاعنا خرافي،,عشان كدا، يا عزيزي، هنفترض ان القطر بتاعنا خرافي،
بيمشي بسرعة 200 ألف كيلومتر في الثانية،,بيمشي بسرعه 200 الف كيلومتر في الثانيه،
ولو، يا عزيزي، أطلقنا شعاع ضوء في نفس اتجاه القطر،,ولو، يا عزيزي، اطلقنا شعاع ضوء في نفس اتجاه القطر،
بسرعة حوالي 300 ألف كيلومتر في الثانية،,بسرعه حوالي 300 الف كيلومتر في الثانيه،
فبالنسبة للي راكب القطر، سرعة الضوء ثابتة وطبيعية،,فبالنسبه للي راكب القطر، سرعه الضوء ثابته وطبيعيه،
لأن القطر بالنسباله ثابت،,لان القطر بالنسباله ثابت،
بالنسبة بقى للي واقف على الرصيف،,بالنسبه بقي للي واقف علي الرصيف،
فالزمن هيكون أبطأ، والقطر هيكون أقصر.,فالزمن هيكون ابطا، والقطر هيكون اقصر.
"""آينشتاين""، يا عزيزي، حط قانون لجمع السرعات النسبية،","""اينشتاين""، يا عزيزي، حط قانون لجمع السرعات النسبيه،"
بُص، يا عزيزي، على المعادلة دي،,بُص، يا عزيزي، علي المعادله دي،
حيث U هنا سرعة الضوء بتاعة الكشاف،,حيث هنا سرعه الضوء بتاعه الكشاف،
وV سرعة القَطر،,و سرعه القَطر،
وC سرعة الضوء الثابت الكوني،,و سرعه الضوء الثابت الكوني،
وÚ هي سرعة ضوء الكشّاف لراكب القطر من الراصد الخارجي.,وÚ هي سرعه ضوء الكشّاف لراكب القطر من الراصد الخارجي.
لو عوّضنا الأرقام، هنلاقي إن سرعة الضوء ثابتة،,لو عوّضنا الارقام، هنلاقي ان سرعه الضوء ثابته،
300 ألف كيلومتر في الثانية،,300 الف كيلومتر في الثانيه،
ولو المعادلة دي استخدمناها على أي سرعات،,ولو المعادله دي استخدمناها علي اي سرعات،
حتى لو كانت بالفيزياء الكلاسيكية،,حتي لو كانت بالفيزياء الكلاسيكيه،
سرعتها أكبر من سرعة الضوء.,سرعتها اكبر من سرعه الضوء.
لمّا ظهر ، يا عزيزي، الكلام العجيب دا عن الحركة،,لمّا ظهر ، يا عزيزي، الكلام العجيب دا عن الحركه،
العلماء ما كانوش مصدّقين إن دا ممكن يتطبق على الإنسان،,العلماء ما كانوش مصدّقين ان دا ممكن يتطبق علي الانسان،
"""يعني، أنا لمّا أتحرك بسرعة، أجهزة جسمي هتشتغل أبطأ؟","""يعني، انا لمّا اتحرك بسرعه، اجهزه جسمي هتشتغل ابطا؟"
قلبي بدل ما يدق دقة في الثانية، هيدُق كل دقيقة؟,قلبي بدل ما يدق دقه في الثانيه، هيدُق كل دقيقه؟
"كل دا وأنا مش حاسس؟!""","كل دا وانا مش حاسس """
والله، يا عزيزي، الموضوع دا تم إثباته بأكتر من طريقة،,والله، يا عزيزي، الموضوع دا تم اثباته باكتر من طريقه،
أشهرها اللبتونات، دي جسيمات ذرّية لها أنواع كثيرة،,اشهرها اللبتونات، دي جسيمات ذرّيه لها انواع كثيره،
والنوع اللي أثبت تباطؤ الزمن اسمه الميون،,والنوع اللي اثبت تباطو الزمن اسمه الميون،
الميون بيتولد في الجو لمّا الأشعة الكونية بتخبط في ذرّات الهوا،,الميون بيتولد في الجو لمّا الاشعه الكونيه بتخبط في ذرّات الهوا،
الميون دا، يا عزيزي، عمره قصير،,الميون دا، يا عزيزي، عمره قصير،
لو كان ثابت، ما بيتحركش،,لو كان ثابت، ما بيتحركش،
بيعيش 2.2 ميكروثانية،,بيعيش 2.2 ميكروثانيه،
بس الغريب في الميون إن هو بيقطع مئات الأمتار,بس الغريب في الميون ان هو بيقطع ميات الامتار
وبيوصلّنا وهو لسة عايش!,وبيوصلّنا وهو لسه عايش!
والسبب، يا عزيزي، في دا إنه بيتحرك بنسبة 99.8% سرعة الضوء،,والسبب، يا عزيزي، في دا انه بيتحرك بنسبه 99.8 سرعه الضوء،
يعني، الضوء مقدّم عنه بخطوة،,يعني، الضوء مقدّم عنه بخطوه،
عمره، يا عزيزي، بيبقى 35 ميكروثانية،,عمره، يا عزيزي، بيبقي 35 ميكروثانيه،
والمسافة بتتقلّص قُدّامه،,والمسافه بتتقلّص قُدّامه،
فبيوصل مباشرةً لأجهزة القياس عشان تلقطه،,فبيوصل مباشرهً لاجهزه القياس عشان تلقطه،
والحركة، يا عزيزي، كل ما قربت من سرعة الضوء،,والحركه، يا عزيزي، كل ما قربت من سرعه الضوء،
كل ما تباطؤ الزمن كان أعظم.,كل ما تباطو الزمن كان اعظم.
في الرسم البياني، يا عزيزي، اللي قُدّامك دا،,في الرسم البياني، يا عزيزي، اللي قُدّامك دا،
المحور الأفقي بيمثل النسبة لسرعة الضوء،,المحور الافقي بيمثل النسبه لسرعه الضوء،
"والرأسي هو عامل ""لورينز""،","والراسي هو عامل ""لورينز""،"
ودا، يا عزيزي، اللي بيحدد أد إيه الزمن تباطأ.,ودا، يا عزيزي، اللي بيحدد اد ايه الزمن تباطا.
بنلاحظ إن الـCurve الأحمر بياخد منحنى حاد جدًا،,بنلاحظ ان ال الاحمر بياخد منحني حاد جدًا،
كل ما قربنا من سرعة الضوء، كل ما عامل تباطؤ الزمن بقى أكبر.,كل ما قربنا من سرعه الضوء، كل ما عامل تباطو الزمن بقي اكبر.
"""(أبو حميد)، اسمحلي أسألك سؤال هيجننك،",""" ابو حميد ، اسمحلي اسالك سوال هيجننك،"
ماذا يحدث إن وصلنا لهذه السرعة الملعونة؟,ماذا يحدث ان وصلنا لهذه السرعه الملعونه؟
"لو أنا كإنسان وصلت لسرعة الضوء، What Happens?""","لو انا كانسان وصلت لسرعه الضوء، ?"""
والله، يا عزيزي، فكريًا، ممكن طبعًا،,والله، يا عزيزي، فكريًا، ممكن طبعًا،
وساعتها، تمضي مع أي فريق في العالم، هتبقى جناح هايل!,وساعتها، تمضي مع اي فريق في العالم، هتبقي جناح هايل!
ولكن، يا عزيزي، عمليًا، دا مستحيل،,ولكن، يا عزيزي، عمليًا، دا مستحيل،
لأن وقتها كتلتك هتبقى ما لانهاية، Infinity،,لان وقتها كتلتك هتبقي ما لانهايه، ،
وعشان، يا عزيزي، تحرّك كتلة لانهائية، هتحتاج طاقة لانهائية،,وعشان، يا عزيزي، تحرّك كتله لانهاييه، هتحتاج طاقه لانهاييه،
مين في الكون هيصرف على دا؟!,مين في الكون هيصرف علي دا
لأ، أنا مش طالع الطلعة دي، مع نفسك!,لا، انا مش طالع الطلعه دي، مع نفسك!
طبعًا، يا عزيزي، مش محتاج أقولّك إن دا، للأسف، مش موجود في الواقع بتاعنا!,طبعًا، يا عزيزي، مش محتاج اقولّك ان دا، للاسف، مش موجود في الواقع بتاعنا!
الضوء بيوصل للسرعة بتاعته، لأن ما لهوش كتلة،,الضوء بيوصل للسرعه بتاعته، لان ما لهوش كتله،
السرعة اللي بالنسبالنا بتاخد وقت عشان توصلّنا.,السرعه اللي بالنسبالنا بتاخد وقت عشان توصلّنا.
لو نجم انفجر مثلًا على بُعد 1000 سنة ضوئية،,لو نجم انفجر مثلًا علي بُعد 10 سنه ضوييه،
ضوء الانفجار دا هيوصلّنا بعد 1000 سنة،,ضوء الانفجار دا هيوصلّنا بعد 10 سنه،
ويمكن يكون النجم دا انفجر في الماضي، بقاله 1000 سنة منفجر،,ويمكن يكون النجم دا انفجر في الماضي، بقاله 10 سنه منفجر،
واحنا لسة شايفينه دلوقتي.,واحنا لسه شايفينه دلوقتي.
"تخيل بقى، يا عزيزي، لو أستاذ ""مفيد فوزي"" راح للضوء،","تخيل بقي، يا عزيزي، لو استاذ ""مفيد فوزي"" راح للضوء،"
وعمل معاه حوار،,وعمل معاه حوار،
"""عزيزي الضوء، اسمحلي أدخل في موجاتك،","""عزيزي الضوء، اسمحلي ادخل في موجاتك،"
وأتغلغل في فوتوناتك وأغوص في دواخلك،,واتغلغل في فوتوناتك واغوص في دواخلك،
وأسألك سؤال محرج،,واسالك سوال محرج،
انت خدت وقت أد إيه، عشان توصلّنا من هذا النجم؟,انت خدت وقت اد ايه، عشان توصلّنا من هذا النجم؟
"كم استغرقت الرحلة أيها الضوء؟""","كم استغرقت الرحله ايها الضوء؟"""
"""خلاص يا (أبو حميد)؟!""","""خلاص يا ابو حميد """
ثانية واحدة بس، بأحب الطلعة دي!,ثانيه واحده بس، باحب الطلعه دي!
لو جيت، يا عزيزي، سألت الضوء:,لو جيت، يا عزيزي، سالت الضوء:
"""رحلتك من النجم دا لحد ما جيتلنا خدت وقت أد إيه؟""","""رحلتك من النجم دا لحد ما جيتلنا خدت وقت اد ايه؟"""
"هيقول: ""ولا حاجة، صفر.""","هيقول: ""ولا حاجه، صفر."""
"- ""طب والمسافة يا ضوء؟"" - ""صفر.""","- ""طب والمسافه يا ضوء؟"" - ""صفر."""
الضوء، يا عزيزي، بالنسباله، بيروح وييجي في كل حتة في نفس الوقت.,الضوء، يا عزيزي، بالنسباله، بيروح وييجي في كل حته في نفس الوقت.
"- ""إيه؟!"" - آه، زي ما سمعت كدا، لازمن.","- ""ايه "" - اه، زي ما سمعت كدا، لازمن."
الجدول، يا عزيزي، اللي قُدّامك دا بيبيّن الموضوع بالثانية،,الجدول، يا عزيزي، اللي قُدّامك دا بيبيّن الموضوع بالثانيه،
العمود اللي على الشمال موجود فيه النسبة لسرعة الضوء،,العمود اللي علي الشمال موجود فيه النسبه لسرعه الضوء،
هنلاحظ إن احنا لو زوّدنا 9 واحدة بعد العلامة العشرية،,هنلاحظ ان احنا لو زوّدنا 9 واحده بعد العلامه العشريه،
فالتباطؤ هنا هيتضاعف بشكل مرعب،,فالتباطو هنا هيتضاعف بشكل مرعب،
ولو ركّزنا على الصف الرابع مثلًا،,ولو ركّزنا علي الصف الرابع مثلًا،
هتلاقي إن انت لو اتحركت بنسبة 0.9999 من سرعة الضوء،,هتلاقي ان انت لو اتحركت بنسبه 0.9 من سرعه الضوء،
"فالثانية بتاعتك هتساوي تقريبًا دقيقة على ""الأرض""،","فالثانيه بتاعتك هتساوي تقريبًا دقيقه علي ""الارض""،"
يعني، قلبك تقريبًا هيدُق دقة كل دقيقة،,يعني، قلبك تقريبًا هيدُق دقه كل دقيقه،
وانت مش هتبقى حاسس بأي بطء في الموضوع،,وانت مش هتبقي حاسس باي بطء في الموضوع،
لكنك هتعيش فترة أطول.,لكنك هتعيش فتره اطول.
"ولو بالسرعة دي، لفّيت أسبوعين في الفضاء، ورجعت ""الأرض""،","ولو بالسرعه دي، لفّيت اسبوعين في الفضاء، ورجعت ""الارض""،"
هتلاقي، يا عزيزي، عدّى عليها حوالي 3 سنين،,هتلاقي، يا عزيزي، عدّي عليها حوالي 3 سنين،
"""انت قُلتلي إن الزمن بيتباطأ والمسافة بتتقلص،","""انت قُلتلي ان الزمن بيتباطا والمسافه بتتقلص،"
والحالة بتبقى وحشة!,والحاله بتبقي وحشه!
(أبو حميد)، دلوقتي بس هأسألك سؤال،,ابو حميد ، دلوقتي بس هاسالك سوال،
أنا هأستفيد إيه من كل الكلام اللي انت قُلته دا؟!,انا هاستفيد ايه من كل الكلام اللي انت قُلته دا
لا أنا هأتحرك بسرعة الضوء،,لا انا هاتحرك بسرعه الضوء،
فالمسافة عندي لا هتتقلص ولا الوقت هيتقلص،,فالمسافه عندي لا هتتقلص ولا الوقت هيتقلص،
"أني كان ممكن أعيش عادي جدًا من غير هذه المعلومات.""","اني كان ممكن اعيش عادي جدًا من غير هذه المعلومات."""
الحقيقة، يا عزيزي، تطبيقات النسبية الخاصة موجودة في حاجات كتير جدًا حوالينا،,الحقيقه، يا عزيزي، تطبيقات النسبيه الخاصه موجوده في حاجات كتير جدًا حوالينا،
أبسطها الـGPS، اللي بنستعمله كل يوم،,ابسطها ال ، اللي بنستعمله كل يوم،
الـGPS بيستخدم Satellites بتمشي بسرعات معيّنة،,ال بيستخدم بتمشي بسرعات معيّنه،
وبتكون بعيدة عن مجال الجاذبية الأرضية،,وبتكون بعيده عن مجال الجاذبيه الارضيه،
ودا ليه؟ لأن هو برضه له دور في تباطؤ الزمن.,ودا ليه؟ لان هو برضه له دور في تباطو الزمن.
على حسب النسبية العامة،,علي حسب النسبيه العامه،
فبالنسبة لراصد خارجي في الفضاء،,فبالنسبه لراصد خارجي في الفضاء،
"انت نفسك على ""الأرض"" هنا،","انت نفسك علي ""الارض"" هنا،"
الزمن بيمر عندك أبطأ.,الزمن بيمر عندك ابطا.
في الساعات بقى اللي موجودة في الأقمار الصناعية،,في الساعات بقي اللي موجوده في الاقمار الصناعيه،
الساعات دي بتمشي أسرع،,الساعات دي بتمشي اسرع،
فاحنا لو ما ظبطناش هذه الساعات,فاحنا لو ما ظبطناش هذه الساعات
وخلّيناها تمشي أبطأ شوية،,وخلّيناها تمشي ابطا شويه،
فبالتأكيد هتحصل كوارث!,فبالتاكيد هتحصل كوارث!
الفروقات دي، يا عزيزي، ممكن تبقى بسيطة،,الفروقات دي، يا عزيزي، ممكن تبقي بسيطه،
ولكن على Scale واسع، ممكن تعمل أخطاء كارثية في تحديد المواقع،,ولكن علي واسع، ممكن تعمل اخطاء كارثيه في تحديد المواقع،
أخطاء أكبر بكتير من حجم الفروقات،,اخطاء اكبر بكتير من حجم الفروقات،
ممكن توصل لمئات وآلاف الأمتار.,ممكن توصل لميات والاف الامتار.
"""زينون""، يا عزيزي، في إحدى حُججه الشهيرة لإبطال الحركة،","""زينون""، يا عزيزي، في احدي حُججه الشهيره لابطال الحركه،"
"خرجلنا بحُجّة اسمها ""السهم الطائر""،","خرجلنا بحُجّه اسمها ""السهم الطاير""،"
قال إن انت لو أطلقت سهم، السهم دا مش بيتحرك.,قال ان انت لو اطلقت سهم، السهم دا مش بيتحرك.
"""الله! أمّال بيعمل إيه يا عم (زينون)؟!""","""الله! امّال بيعمل ايه يا عم زينون """
قالّك، عشان الزمن محدود، مكوّن من آنات،,قالّك، عشان الزمن محدود، مكوّن من انات،
لو وقّفنا السهم دا وخدناله كادر آني،,لو وقّفنا السهم دا وخدناله كادر اني،
"الزمن، يا عزيزي، بالنسبة لعم ""زينون""،","الزمن، يا عزيزي، بالنسبه لعم ""زينون""،"
"معمول من وحدات صغيرة اسمها ""آنات""،","معمول من وحدات صغيره اسمها ""انات""،"
فساعتها، يا عزيزي، الآن اللي بعده,فساعتها، يا عزيزي، الان اللي بعده
هتكون صورة لنفس السهم الثابت،,هتكون صوره لنفس السهم الثابت،
واحنا مستحيل نخلق حركة من شوية لقطات ثابتة.,واحنا مستحيل نخلق حركه من شويه لقطات ثابته.
"الحقيقة، يا عزيزي، وإن كنا قضينا على حجج ""زينون""،","الحقيقه، يا عزيزي، وان كنا قضينا علي حجج ""زينون""،"
فالحجة دي بالذات كان ليها أثر كبير جدًا على فهمنا للحركة،,فالحجه دي بالذات كان ليها اثر كبير جدًا علي فهمنا للحركه،
على مقياس الكون الأصغر،,علي مقياس الكون الاصغر،
الكون الأصغر المتمثل في الذرّات وما فيها،,الكون الاصغر المتمثل في الذرّات وما فيها،
"""زينون"" كان بيعتمد في حججه على إن المكان لانهائي،","""زينون"" كان بيعتمد في حججه علي ان المكان لانهايي،"
نقدر نقسّمه أنصاص إلى الأبد.,نقدر نقسّمه انصاص الي الابد.
لو بصينا للموضوع دا، وفكرنا فيه شوية،,لو بصينا للموضوع دا، وفكرنا فيه شويه،
هنلاقي إن ليس هناك ما يمنع هذا التخيل،,هنلاقي ان ليس هناك ما يمنع هذا التخيل،
انت دلوقتي لو معاك حتة بسكوت،,انت دلوقتي لو معاك حته بسكوت،
وعايز تقسّمها لعدد لانهائي من الأجزاء،,وعايز تقسّمها لعدد لانهايي من الاجزاء،
هتفضل تقسّم فيها وتفتفت، لحد ما تبقى فتافيت فتافيت.,هتفضل تقسّم فيها وتفتفت، لحد ما تبقي فتافيت فتافيت.
طب الفتفوتة دي هنقسمها ازاي؟!,طب الفتفوته دي هنقسمها ازاي
بسيطة، تخيل إن انت صغّرت نفسك بحيث الفتفوتة دي تبقى أد البسكوتة،,بسيطه، تخيل ان انت صغّرت نفسك بحيث الفتفوته دي تبقي اد البسكوته،
بقيت ماسكها وعارف تتحكّم فيها،,بقيت ماسكها وعارف تتحكّم فيها،
فبالتالي، هتقسّمها تاني، لحد ما تبقى فتافيت تاني،,فبالتالي، هتقسّمها تاني، لحد ما تبقي فتافيت تاني،
وكل ما الفتفوتة تصغر،,وكل ما الفتفوته تصغر،
تصغر انت كمان، وتفضل تقسّم في الفتافيت،,تصغر انت كمان، وتفضل تقسّم في الفتافيت،
لحد ما تفضل تقسّمها للأبد.,لحد ما تفضل تقسّمها للابد.
لو كنا، يا عزيزي، حلينا الموضوع دا بالتفاضل والتكامل،,لو كنا، يا عزيزي، حلينا الموضوع دا بالتفاضل والتكامل،
"فقصف الجبهة الحقيقي لحجة ""زينون""","فقصف الجبهه الحقيقي لحجه ""زينون"""
"جه من عند ""ماكس بلانك"" سنة 1900.","جه من عند ""ماكس بلانك"" سنه 1900."
"""ماكس بلانك"" كان بيحاول يحل مشكلة بسيطة،","""ماكس بلانك"" كان بيحاول يحل مشكله بسيطه،"
طب ليه الأجسام لمّا بتتسخّن، بيتغير لونها؟,طب ليه الاجسام لمّا بتتسخّن، بيتغير لونها؟
ليه الحديد لمّا بيسخن، بيتغير لونه؟,ليه الحديد لمّا بيسخن، بيتغير لونه؟
العلماء، يا عزيزي، كانوا بيعتبروا إن الإشعاع الحراري,العلماء، يا عزيزي، كانوا بيعتبروا ان الاشعاع الحراري
طاقة من الحركة المتصلة والمستمرة بانسيابية،,طاقه من الحركه المتصله والمستمره بانسيابيه،
ولكن الحسابات المتصلة دي,ولكن الحسابات المتصله دي
كانت بتنهار في الترددات العالية جدًا،,كانت بتنهار في الترددات العاليه جدًا،
عند الأطوال الموجية القصيرة،,عند الاطوال الموجيه القصيره،
لقوا إن الجسيمات بتطلّع طاقة لانهائية،,لقوا ان الجسيمات بتطلّع طاقه لانهاييه،
والمفارقة دي سمّوها بكارثة الأشعة فوق البنفسجية.,والمفارقه دي سمّوها بكارثه الاشعه فوق البنفسجيه.
"وهنا، ""ماكس بلانك"" طلع وقالّك: ""لا يوجد طاقة مستمرة.","وهنا، ""ماكس بلانك"" طلع وقالّك: ""لا يوجد طاقه مستمره."
"ولكنها بتتحرك إيه؟ على شكل حِزَم صغيرة.""","ولكنها بتتحرك ايه؟ علي شكل حِزَم صغيره."""
"سمّاها ""الكَمّ"" أو الـQuantum،","سمّاها ""الكَمّ"" او ال ،"
"ومن هنا، يا عزيزي، جه ""ثابت (بلانك) للطاقة""،","ومن هنا، يا عزيزي، جه ""ثابت بلانك للطاقه""،"
أصغر وحدة طاقة،,اصغر وحده طاقه،
دا، يا عزيزي، أساس كل فيزياء الكم.,دا، يا عزيزي، اساس كل فيزياء الكم.
ومن حسبة رياضية بتجمع 3 ثوابت،,ومن حسبه رياضيه بتجمع 3 ثوابت،
"اللي هي سرعة الضوء وثابت الجاذبية وثابت ""بلانك""،","اللي هي سرعه الضوء وثابت الجاذبيه وثابت ""بلانك""،"
"فبقى معانا، يا عزيزي، طول ""بلانك"" وزمن ""بلانك"" وكتلة ""بلانك""،","فبقي معانا، يا عزيزي، طول ""بلانك"" وزمن ""بلانك"" وكتله ""بلانك""،"
"ما سيبناش، يا عزيزي، حاجة في ""بلانك""، إلا وخدناها.","ما سيبناش، يا عزيزي، حاجه في ""بلانك""، الا وخدناها."
"طول ""بلانك"" وكتلة ""بلانك""","طول ""بلانك"" وكتله ""بلانك"""
"ناقص نحط شهادة ""بلانك""، وبنبقى بنوصف عريس!","ناقص نحط شهاده ""بلانك""، وبنبقي بنوصف عريس!"
"طول ""بلانك"" دا، يا عزيزي، هو أصغر وحدة مسافة في الكون،","طول ""بلانك"" دا، يا عزيزي، هو اصغر وحده مسافه في الكون،"
دي بيساوي...,دي بيساوي
يعني حاجة، يا عزيزي، أصغر من الصغر بكذا مرة!,يعني حاجه، يا عزيزي، اصغر من الصغر بكذا مره!
بمعنى، يا عزيزي، لو رجعنا لمثال الفتافيت وإن انت عمّال تصغر،,بمعني، يا عزيزي، لو رجعنا لمثال الفتافيت وان انت عمّال تصغر،
"فانت أول ما هتوصل لطول ""بلانك""،","فانت اول ما هتوصل لطول ""بلانك""،"
خلاص، دا أصغر صغر انت ممكن توصلّه،,خلاص، دا اصغر صغر انت ممكن توصلّه،
الكون مش هيسمحلك بأكتر من كدا.,الكون مش هيسمحلك باكتر من كدا.
"""بلانك"" هيجري وراك بالمسطرة!","""بلانك"" هيجري وراك بالمسطره!"
ما فيش، يا عزيزي، تجربة لحد دلوقتي قدرت توصل لدقة قريبة من كدا،,ما فيش، يا عزيزي، تجربه لحد دلوقتي قدرت توصل لدقه قريبه من كدا،
يعني مثلًا، أصغر جُسيم قدرنا نرصده، وهو الكوارك، طوله...,يعني مثلًا، اصغر جُسيم قدرنا نرصده، وهو الكوارك، طوله
دي أصغر حاجة، يا عزيزي، عرفنا نقفشها في الطبيعة،,دي اصغر حاجه، يا عزيزي، عرفنا نقفشها في الطبيعه،
"لو قارنته بقى بطول ""بلانك""،","لو قارنته بقي بطول ""بلانك""،"
فكأنك، يا عزيزي، بتقارن نملة بالمجرة كلها،,فكانك، يا عزيزي، بتقارن نمله بالمجره كلها،
أنا مش بأهزر، دا بجد.,انا مش باهزر، دا بجد.
"يعني، الكواركاية، أصغر حاجة مسكناها، أد المجرة، طول ""بلانك"" أد النملة.","يعني، الكواركايه، اصغر حاجه مسكناها، اد المجره، طول ""بلانك"" اد النمله."
أنا عارف إن دي حاجة صعب تخيلها، بس تعايش!,انا عارف ان دي حاجه صعب تخيلها، بس تعايش!
خلّيني، يا عزيزي، أأكدلك إن هذه القِيَم صحيحة رياضيًا،,خلّيني، يا عزيزي، ااكدلك ان هذه القِيَم صحيحه رياضيًا،
وهي دي حدود الفيزيا،,وهي دي حدود الفيزيا،
خطوط حمرا، زي سرعة الضوء كدا،,خطوط حمرا، زي سرعه الضوء كدا،
بعدها، ما فيش قوانين معروفة للحركة،,بعدها، ما فيش قوانين معروفه للحركه،
وإنما شوية تقلبات وانحرافات شديدة جدًا،,وانما شويه تقلبات وانحرافات شديده جدًا،
"وصفها الفيزيائي ""جون ويلر"" بالرغوة الكمية.","وصفها الفيزيايي ""جون ويلر"" بالرغوه الكميه."
تخيل، يا عزيزي، الجسيمات الدقيقة دي حركتها من كتر اضطرابها بتعمل رغاوي!,تخيل، يا عزيزي، الجسيمات الدقيقه دي حركتها من كتر اضطرابها بتعمل رغاوي!
"أما بقى، يا عزيزي، لو جينا نتكلم عن زمن ""بلانك""،","اما بقي، يا عزيزي، لو جينا نتكلم عن زمن ""بلانك""،"
فدي الحاجة الوحيدة من أول الحلقة,فدي الحاجه الوحيده من اول الحلقه
"اللي ""زينون"" جابها صح، من غير ما يقصد!","اللي ""زينون"" جابها صح، من غير ما يقصد!"
فضل يرمي في حجج، ودي لوّشت جت معاه صح!,فضل يرمي في حجج، ودي لوّشت جت معاه صح!
"زمن ""بلانك""، يا عزيزي...","زمن ""بلانك""، يا عزيزي"
"ودا، يا عزيزي، نقدره نعتبره الـ""آن"" اللي اتكلم عنه ""زينون""،","ودا، يا عزيزي، نقدره نعتبره ال""ان"" اللي اتكلم عنه ""زينون""،"
دا النقطة في الوقت، اللي لا يمكن كسرها أكتر من كدا،,دا النقطه في الوقت، اللي لا يمكن كسرها اكتر من كدا،
دا أسرع فترة زمنية ممكن توصل فيها.,دا اسرع فتره زمنيه ممكن توصل فيها.
بس ثابت!,بس ثابت!
"السهم الطالع بيتحرك في حِزَم من زمن ""بلانك"".","السهم الطالع بيتحرك في حِزَم من زمن ""بلانك""."
عشان نفهم، يا عزيزي، الحركة كويس في ميكانيكا الكم،,عشان نفهم، يا عزيزي، الحركه كويس في ميكانيكا الكم،
فتخيل الكون كله شاشة كبيرة،,فتخيل الكون كله شاشه كبيره،
وكل نقطة فيه عبارة عن Pixel،,وكل نقطه فيه عباره عن ،
الزمن والمكان ليهم حدود،,الزمن والمكان ليهم حدود،
ما فيش خط ناعم للحركة،,ما فيش خط ناعم للحركه،
بس فيه نبضات،,بس فيه نبضات،
الكون بيتحرك لقطة بلقطة، زي بَكَرة السينما،,الكون بيتحرك لقطه بلقطه، زي بَكَره السينما،
بسرعة 10 أُس 44 Frame في الثانية،,بسرعه 10 اُس 44 في الثانيه،
"يعني احنا، يا عزيزي، عايشين في ""فريمات""، فيلم Animation!","يعني احنا، يا عزيزي، عايشين في ""فريمات""، فيلم !"
بنتحرك من مكان ثابت في زمن ثابت للمكان والزمن اللي بعده.,بنتحرك من مكان ثابت في زمن ثابت للمكان والزمن اللي بعده.
طبعًا، يا عزيزي، دا مجرد تشبيه بسيط،,طبعًا، يا عزيزي، دا مجرد تشبيه بسيط،
بيكون ملحوظ كل ما بقينا صغيرين أوي.,بيكون ملحوظ كل ما بقينا صغيرين اوي.
"""صغيرين يا (أبو حميد) يعني حجمنا كام سنة؟""","""صغيرين يا ابو حميد يعني حجمنا كام سنه؟"""
لأ، يا عزيزي، أنا بأتكلم على من ذرّة وانت نازل،,لا، يا عزيزي، انا باتكلم علي من ذرّه وانت نازل،
القسم الذي لا تراه العين المجردة دا.,القسم الذي لا تراه العين المجرده دا.
انت، يا عزيزي، جسمك مكوّن من تريليونات الجسيمات الكمية،,انت، يا عزيزي، جسمك مكوّن من تريليونات الجسيمات الكميه،
وكل جُسيم بيعمل قفزته الصغيرة في اتجاه مختلف.,وكل جُسيم بيعمل قفزته الصغيره في اتجاه مختلف.
لمّا نجمّع بقى القفزات دي مع بعضها،,لمّا نجمّع بقي القفزات دي مع بعضها،
الحركة تبانلك انسيابية ومستمرة،,الحركه تبانلك انسيابيه ومستمره،
زي بالظبط مثال الشاشة والـPixels.,زي بالظبط مثال الشاشه وال .
وشريط السينما اللي بيبقى عبارة عن كادرات ثابتة،,وشريط السينما اللي بيبقي عباره عن كادرات ثابته،
لمّا بنشوف من بعيد هذه الكادرات،,لمّا بنشوف من بعيد هذه الكادرات،
الحركة بتبان طبيعية جدًا،,الحركه بتبان طبيعيه جدًا،
رغم إنها بتنتقل في الأصل على المستوى الكمي.,رغم انها بتنتقل في الاصل علي المستوي الكمي.
عزيزي، أنا حاسس إن أنا صعّبتها عليك، صح؟,عزيزي، انا حاسس ان انا صعّبتها عليك، صح؟
خلّيني أخرج خروج ذرّي، وأرجعلك رجوع كمي!,خلّيني اخرج خروج ذرّي، وارجعلك رجوع كمي!
عشان نفهم الحركة ماشية ازاي في ميكانيكا الكم،,عشان نفهم الحركه ماشيه ازاي في ميكانيكا الكم،
خلّينا، يا عزيزي، نرجع شوية لورا،,خلّينا، يا عزيزي، نرجع شويه لورا،
هنبص مع حركة الجزيئات والذرّات.,هنبص مع حركه الجزييات والذرّات.
"""دالتون"" في أوائل القرن الـ19","""دالتون"" في اوايل القرن ال19"
كان شايف إن الذرّة كِوَر عاملة زي البِلي،,كان شايف ان الذرّه كِوَر عامله زي البِلي،
بتتحرك زي الساعة بانسيابية،,بتتحرك زي الساعه بانسيابيه،
ونقدر نحدد مكانها وسرعتها، ما فيش أي أزمة.,ونقدر نحدد مكانها وسرعتها، ما فيش اي ازمه.
"جه بعده ""بولتزمان""،","جه بعده ""بولتزمان""،"
واكتشف ما يُعرف بالـEntropy، نظام عشوائي للحركة،,واكتشف ما يُعرف بال ، نظام عشوايي للحركه،
والحركة دي بتولّدلنا طاقة حراراية،,والحركه دي بتولّدلنا طاقه حرارايه،
يعني، لو ملينا كوباية ميّه، هنلاقيها من بعيد ثابتة،,يعني، لو ملينا كوبايه ميّه، هنلاقيها من بعيد ثابته،
ولكن في حقيقة الأمر، جزيئات الميّه اللي جوا الميّه,ولكن في حقيقه الامر، جزييات الميّه اللي جوا الميّه
بتتحرك بشكل عشوائي في كل الاتجاهات،,بتتحرك بشكل عشوايي في كل الاتجاهات،
وعند درجة الغليان، الموضوع بيتحول إلى حِنّة، فرح شعبي!,وعند درجه الغليان، الموضوع بيتحول الي حِنّه، فرح شعبي!
جزيئات الميّه بتتحرك بعشوائية وبجنون،,جزييات الميّه بتتحرك بعشواييه وبجنون،
وبطريقة وبنمط لا يمكن التنبؤ بيهم إطلاقًا،,وبطريقه وبنمط لا يمكن التنبو بيهم اطلاقًا،
احتمالات كتيرة جدًا لكل جزيء في الميّه.,احتمالات كتيره جدًا لكل جزيء في الميّه.
في كتابه، One Two Three... لحد الـInfitinity، إن شاء الله،,في كتابه، لحد ال ، ان شاء الله،
"بيقول الفيزيائي ""جورج جاموف""","بيقول الفيزيايي ""جورج جاموف"""
إن انت لو سخّنت كوباية ميّه،,ان انت لو سخّنت كوبايه ميّه،
فاللي بيمنع الميّه دي من إنها تطير،,فاللي بيمنع الميّه دي من انها تطير،
هو تماسك الجزيئات دي بينها وبين بعضها،,هو تماسك الجزييات دي بينها وبين بعضها،
ولكن يظل هناك احتمال نظري,ولكن يظل هناك احتمال نظري
إن نُص الكوباية الفوقاني كل جزيئات بتتحرك لفوق،,ان نُص الكوبايه الفوقاني كل جزييات بتتحرك لفوق،
والنُص التحتاني كل جزيئاته بتتحرك لتحت.,والنُص التحتاني كل جزيياته بتتحرك لتحت.
هنا، يا عزيزي، النُص الفوقاني هيفلت من النُص التحتاني،,هنا، يا عزيزي، النُص الفوقاني هيفلت من النُص التحتاني،
وفجأة، وانت قاعد مستني الشاي يغلي،,وفجاه، وانت قاعد مستني الشاي يغلي،
هتلاقي الميّه طارت وضربت في السقف!,هتلاقي الميّه طارت وضربت في السقف!
فلأنك، يا عزيزي، وانت بتسمعني دلوقتي,فلانك، يا عزيزي، وانت بتسمعني دلوقتي
ممكن تلاقي جزيئات الهوا، اللي في الأوضة حواليك،,ممكن تلاقي جزييات الهوا، اللي في الاوضه حواليك،
بيتصادف إنها كلها تتجمّع في الركن،,بيتصادف انها كلها تتجمّع في الركن،
وتلاقي نفسك قاعد في الفراغ بتتخنق!,وتلاقي نفسك قاعد في الفراغ بتتخنق!
ولكن، يا عزيزي، ما تقلقش،,ولكن، يا عزيزي، ما تقلقش،
احتمال حدوث دا يكاد يكون صفر، بصراحة.,احتمال حدوث دا يكاد يكون صفر، بصراحه.
"""(أبو حميد)، صفر؟ ولّا يكاد يكون صفر؟ لأن هنا يكمن الشيطان.""",""" ابو حميد ، صفر؟ ولّا يكاد يكون صفر؟ لان هنا يكمن الشيطان."""
ما تخافش، يا عزيزي، مش هيحصلّك!,ما تخافش، يا عزيزي، مش هيحصلّك!
الاحتمال، يا عزيزي، زي ما بأقولّك، أكبر من عمر الكون نفسه،,الاحتمال، يا عزيزي، زي ما باقولّك، اكبر من عمر الكون نفسه،
هو صفر، بس يعني مجاملينه،,هو صفر، بس يعني مجاملينه،
ممكن هذا الاحتمال يحصل كمان تريليون سنة،,ممكن هذا الاحتمال يحصل كمان تريليون سنه،
بس برضه، يظل ممكن يحصل، عادي، حركة عشوائية.,بس برضه، يظل ممكن يحصل، عادي، حركه عشواييه.
أنا، يا عزيزي، هنا مش بأخوفك،,انا، يا عزيزي، هنا مش باخوفك،
ولكن بأعرض قُدّامك كل الاحتمالات،,ولكن باعرض قُدّامك كل الاحتمالات،
الـEntropia تعمل اللي هي عايزاه،,ال تعمل اللي هي عايزاه،
فوضى بتتحرك زي خطوات واحد سكران بالظبط.,فوضي بتتحرك زي خطوات واحد سكران بالظبط.
عشان الجُسيم يوصل من نقطة لنقطة،,عشان الجُسيم يوصل من نقطه لنقطه،
فهو بيفضل يتحرك في كل الاتجاهات الممكنة،,فهو بيفضل يتحرك في كل الاتجاهات الممكنه،
وممكن ياخد آلاف السنين،,وممكن ياخد الاف السنين،
حتى لو كان الجُسيم ماشي بسرعة الضوء.,حتي لو كان الجُسيم ماشي بسرعه الضوء.
عندك مثلًا الشمس،,عندك مثلًا الشمس،
الحرارة اللي بتتولّد في مركزها,الحراره اللي بتتولّد في مركزها
بتطلّع طاقة حرارية على هيئة إشعاع كثيف،,بتطلّع طاقه حراريه علي هييه اشعاع كثيف،
وبتبدأ فوتونات الضوء رحلة طويلة,وبتبدا فوتونات الضوء رحله طويله
رحلة من مركز الشمس لحد سطحها.,رحله من مركز الشمس لحد سطحها.
لو الشعاع، يا عزيزي، خد مسار مستقيم،,لو الشعاع، يا عزيزي، خد مسار مستقيم،
بسرعته، اللي هي 300 ألف كيلومتر في الثانية،,بسرعته، اللي هي 300 الف كيلومتر في الثانيه،
مع العِلم إن نُص قُطر الشمس حوالي 700 ألف كيلومتر،,مع العِلم ان نُص قُطر الشمس حوالي 700 الف كيلومتر،
فالمفروض هنا إن الشعاع يخرج خلال ثانيتين وشوية.,فالمفروض هنا ان الشعاع يخرج خلال ثانيتين وشويه.
ولكن لمّا بنيجي نبص، مش هو دا اللي بنلاقيه بيحصل،,ولكن لمّا بنيجي نبص، مش هو دا اللي بنلاقيه بيحصل،
فوتونات الضوء بتتعرّض لعدد كبير جدًا جدًا من التصادمات،,فوتونات الضوء بتتعرّض لعدد كبير جدًا جدًا من التصادمات،
بتفضل، يا عزيزي، تخبط في ذرّات، جسيمات،,بتفضل، يا عزيزي، تخبط في ذرّات، جسيمات،
حاجات كتير من الشمس نفسها،,حاجات كتير من الشمس نفسها،
أي ذرّة بتقابل الإشعاع الضوئي،,اي ذرّه بتقابل الاشعاع الضويي،
بتمسّي عليه وتدّيله على قفاه،,بتمسّي عليه وتدّيله علي قفاه،
"فيروح مغيّر اتجاهه على طول، ولا كأنه بيلعب ""ثبّت صنم""!","فيروح مغيّر اتجاهه علي طول، ولا كانه بيلعب ""ثبّت صنم""!"
في الآخر، يا عزيزي، بعد رحلة طويلة،,في الاخر، يا عزيزي، بعد رحله طويله،
الضوء أخيرًا بيطلع لسطح الشمس،,الضوء اخيرًا بيطلع لسطح الشمس،
"على حسب ""جاموف""، بيقدّر هذه الرحلة تقريبًا بـ5000 سنة،","علي حسب ""جاموف""، بيقدّر هذه الرحله تقريبًا ب50 سنه،"
وعلى حسب توقعات فيزيائيين، المدة ممكن توصل لـ52 ألف سنة.,وعلي حسب توقعات فيزياين، المده ممكن توصل ل52 الف سنه.
الحاجات، يا عزيزي، العشوائية، اللي كنا بنشوفها في عالم ميكانيكا الكم،,الحاجات، يا عزيزي، العشواييه، اللي كنا بنشوفها في عالم ميكانيكا الكم،
كنا بنعتبر إن دا ناتج عن جهل بميكانيكا الحركة،,كنا بنعتبر ان دا ناتج عن جهل بميكانيكا الحركه،
اكتشفنا إنها حاجات Fundamental،,اكتشفنا انها حاجات ،
ميكانيكا الكم خلّتنا نعرف إن العشوائية دي متغلغلة في نسيج الطبيعة نفسها،,ميكانيكا الكم خلّتنا نعرف ان العشواييه دي متغلغله في نسيج الطبيعه نفسها،
إن العبث، اللي احنا شايفينه دا، مش عشان احنا جاهلين،,ان العبث، اللي احنا شايفينه دا، مش عشان احنا جاهلين،
مش عشان احنا مش عارفين إيه القاعدة،,مش عشان احنا مش عارفين ايه القاعده،
لأ، دا متأصلة في الطبيعة،,لا، دا متاصله في الطبيعه،
متأصلة في قوانين الفيزيا،,متاصله في قوانين الفيزيا،
"قوانين الفيزيا بتقولّك: ""اشرب، هو كدا.""","قوانين الفيزيا بتقولّك: ""اشرب، هو كدا."""
"يعني لو كان ""بولتزمان"" كشف عن عشوائية في ظاهر حركة المادة،","يعني لو كان ""بولتزمان"" كشف عن عشواييه في ظاهر حركه الماده،"
فالكمّ كشف إن جوهر المادة نفسه عشوائي ولا يمكن توقعه،,فالكمّ كشف ان جوهر الماده نفسه عشوايي ولا يمكن توقعه،
ما تعرفش تحسب حركته بدقة،,ما تعرفش تحسب حركته بدقه،
ولو عرفت مكان الجزيء، مش هتعرف سرعته،,ولو عرفت مكان الجزيء، مش هتعرف سرعته،
ولو عرفت سرعته، مش هتعرف مكانه.,ولو عرفت سرعته، مش هتعرف مكانه.
هو جُسيم غلس، مش هتوصلّه!,هو جُسيم غلس، مش هتوصلّه!
"العالم ""ويرنر هايزنبرج"" سنة 1927","العالم ""ويرنر هايزنبرج"" سنه 1927"
"جه وقال: ""الطبيعة بتقول، يا جماعة، مستحيل معرفة حركة الإلكترون،","جه وقال: ""الطبيعه بتقول، يا جماعه، مستحيل معرفه حركه الالكترون،"
يعني ما ينفعش نعرف مكانه وسرعته في نفس اللحظة،,يعني ما ينفعش نعرف مكانه وسرعته في نفس اللحظه،
لأننا عشان نعرف مكان الإلكترون، بنستخدم الضوء عشان نشوفه،,لاننا عشان نعرف مكان الالكترون، بنستخدم الضوء عشان نشوفه،
بس أول، يا حبايبي، ما الفوتونات بتخبط فيه، بيتزق وبيغيّر سرعته،,بس اول، يا حبايبي، ما الفوتونات بتخبط فيه، بيتزق وبيغيّر سرعته،
"وبالتالي، بيغيّر مكانه.""","وبالتالي، بيغيّر مكانه."""
يعني الملاحظة نفسها، يا عزيزي، بتأثّر على حركة الإلكترون.,يعني الملاحظه نفسها، يا عزيزي، بتاثّر علي حركه الالكترون.
"""طب، يا (أبو حميد)، دي مش مشكلة في الفيزيا،","""طب، يا ابو حميد ، دي مش مشكله في الفيزيا،"
"دي مشكلة في الأدوات اللي بتقيس.""","دي مشكله في الادوات اللي بتقيس."""
الحقيقة، يا عزيزي، إن دي ليست مشكلة أدوات قياس،,الحقيقه، يا عزيزي، ان دي ليست مشكله ادوات قياس،
يعني، حتى لو استخدمت حاجة خيالية طبعًا،,يعني، حتي لو استخدمت حاجه خياليه طبعًا،
ما بتعملش الـEffect بتاع الفوتون،,ما بتعملش ال بتاع الفوتون،
برضه، هتجد نفس المشكلة،,برضه، هتجد نفس المشكله،
"الكون بيقولّك: ""Listen Your Obama","الكون بيقولّك: """
دا قانون الكون!,دا قانون الكون!
انت ليك عندي حاجة واحدة تخص الذرّة،,انت ليك عندي حاجه واحده تخص الذرّه،
يا المكان، يا السرعة،,يا المكان، يا السرعه،
"اتصرّف بقى، مش هتاخد الاتنين!""","اتصرّف بقي، مش هتاخد الاتنين!"""
القانون نفسه بيقولّك إن الطبيعة Fundamentally,القانون نفسه بيقولّك ان الطبيعه
جواها، مش هتقولّك حاجة بدقة!,جواها، مش هتقولّك حاجه بدقه!
يعني، الإلكترون فعليًا ما عندهوش مكان وسرعة في نفس اللحظة،,يعني، الالكترون فعليًا ما عندهوش مكان وسرعه في نفس اللحظه،
"ومن هنا، يا عزيزي، ظهر ""مبدأ عدم اليقين""،","ومن هنا، يا عزيزي، ظهر ""مبدا عدم اليقين""،"
وبقى فعل المراقبة نفسه جزء من الواقع،,وبقي فعل المراقبه نفسه جزء من الواقع،
واحنا كملاحظين للموضوع أصبحنا جزء من اللعبة.,واحنا كملاحظين للموضوع اصبحنا جزء من اللعبه.
"""ثانية واحدة يا (أبو حميد)!","""ثانيه واحده يا ابو حميد !"
أنا ساقط (نوبل) وعايز أعوّض!,انا ساقط نوبل وعايز اعوّض!
أنا لقيتها المرادي...,انا لقيتها المرادي
قول للجماعة بتوع (السويد)، يلّا، يطلّعوا Visa.,قول للجماعه بتوع السويد ، يلّا، يطلّعوا .
أني بوابتي في (نوبل) بوابة الكوانتم، بوابة رقم 6،,اني بوابتي في نوبل بوابه الكوانتم، بوابه رقم 6،
مش انت يا (أبو حميد) بتقول إن الحركة بتولّد حرارة؟,مش انت يا ابو حميد بتقول ان الحركه بتولّد حراره؟
وانعدام الحركة يعني برودة،,وانعدام الحركه يعني بروده،
زي ما بنبقى في الشتا كداهو.,زي ما بنبقي في الشتا كداهو.
طب ما احنا بقى نتلّج المادة على الآخر،,طب ما احنا بقي نتلّج الماده علي الاخر،
ساعتها، الجسيمات هي رُخرى هتثبت على الآخر،,ساعتها، الجسيمات هي رُخري هتثبت علي الاخر،
الجسيمات هتبقى Frozen، مش هتتحرك،,الجسيمات هتبقي ، مش هتتحرك،
ساعتها، نقدر نقيس مكان وسرعة الجُسيم.,ساعتها، نقدر نقيس مكان وسرعه الجُسيم.
"أنا خدت (نوبل) Deep Freezer!""","انا خدت نوبل !"""
"والله، يا عزيزي، دا تفكير كويس، ولكن، للأسف، لا يوجد ""نوبل""!","والله، يا عزيزي، دا تفكير كويس، ولكن، للاسف، لا يوجد ""نوبل""!"
"""خلصت يا (أبو حميد)؟!""","""خلصت يا ابو حميد """
لأ، مش خلصت، بس اللي انت اكتشفته دا مش اكتشاف!,لا، مش خلصت، بس اللي انت اكتشفته دا مش اكتشاف!
بالك انت، لو رحمتنا من أفكارك،,بالك انت، لو رحمتنا من افكارك،
أوعدك، هتاخدها في السلام.,اوعدك، هتاخدها في السلام.
"اللجنة الدولية هتقول: ""إيه دا؟! سكت! ادّوله سلام.""","اللجنه الدوليه هتقول: ""ايه دا سكت! ادّوله سلام."""
خلّيني، يا عزيزي، أشرحلك وأقولّك العوار في نظريتك.,خلّيني، يا عزيزي، اشرحلك واقولّك العوار في نظريتك.
قبل ميكانيكا الكم، الفيزيائيين كانوا بيقولوا,قبل ميكانيكا الكم، الفيزياين كانوا بيقولوا
إن بالوصول إلى درجة الصفر المطلق،,ان بالوصول الي درجه الصفر المطلق،
اللي هي -273.12 درجة مئوية،,اللي هي -273.12 درجه ميويه،
فالذرات هنا بتقف تمامًا،,فالذرات هنا بتقف تمامًا،
دا كان اللي بيتقال.,دا كان اللي بيتقال.
ولكن في التسعينات، العلماء وصلوا لدرجة حرارة قريبة جدًا للصفر المطلق،,ولكن في التسعينات، العلماء وصلوا لدرجه حراره قريبه جدًا للصفر المطلق،
حركة الذرّات قلّت بالفعل،,حركه الذرّات قلّت بالفعل،
ووصلت لحالة غريبة،,ووصلت لحاله غريبه،
"اسمها ""تكاثف (بوز آينشتاين)""،","اسمها ""تكاثف بوز اينشتاين ""،"
الذرّات اتصرّفت كأنها ذرّة واحدة عملاقة،,الذرّات اتصرّفت كانها ذرّه واحده عملاقه،
ولكنها لم تثبت تمامًا،,ولكنها لم تثبت تمامًا،
كان لسة فيه ذبذبات كمية خفيفة جدًا.,كان لسه فيه ذبذبات كميه خفيفه جدًا.
"""يا (أبو حميد)، بس هما كدا ما وصلوش للصفر المطلق،","""يا ابو حميد ، بس هما كدا ما وصلوش للصفر المطلق،"
"انت قُلت إن هما بس قربوا.""","انت قُلت ان هما بس قربوا."""
يا عزيزي، الصفر المطلق دا صفر نظري،,يا عزيزي، الصفر المطلق دا صفر نظري،
مستحيل يكون موجود،,مستحيل يكون موجود،
لأنه لو موجود، الذرّات هتثبت فعلًا،,لانه لو موجود، الذرّات هتثبت فعلًا،
وهنعرف سرعتها ومكانها في نفس الوقت.,وهنعرف سرعتها ومكانها في نفس الوقت.
هنا، يجيلك مبدأ عدم اليقين،,هنا، يجيلك مبدا عدم اليقين،
"يقولّك: ""لأ، انت بتتصرّف من دماغك ليه؟","يقولّك: ""لا، انت بتتصرّف من دماغك ليه؟"
أنا قُلتلك إن ما فيش يقين،,انا قُلتلك ان ما فيش يقين،
"انت بتتيقن ليه؟!""","انت بتتيقن ليه """
"الفيزيا، يا عزيزي، عاملة زي ""أحمد بدير"" كدا،","الفيزيا، يا عزيزي، عامله زي ""احمد بدير"" كدا،"
ما ينفعش، ما دام فيه مادة، يبقى فيه حركة،,ما ينفعش، ما دام فيه ماده، يبقي فيه حركه،
الثبات المطلق دا من رابع المستحيلات، ما تجيبش سيرته!,الثبات المطلق دا من رابع المستحيلات، ما تجيبش سيرته!
حركة الجُسيم، يا عزيزي، في ميكانيكا الكم بقت عبارة عن موجة احتمالية،,حركه الجُسيم، يا عزيزي، في ميكانيكا الكم بقت عباره عن موجه احتماليه،
"يعني، لو بسّطناها بملعب ""زينون""،","يعني، لو بسّطناها بملعب ""زينون""،"
فالجُسيم احتمال يبقى موجود في النقطة أ،,فالجُسيم احتمال يبقي موجود في النقطه ا،
واحتمال يبقى موجود في النقطة د، احنا ما نعرفش!,واحتمال يبقي موجود في النقطه د، احنا ما نعرفش!
طبعًا، يا عزيزي، لمّا نيجي لحاجة زي كدا،,طبعًا، يا عزيزي، لمّا نيجي لحاجه زي كدا،
انت عارف احنا هنجيب سيرة مين كويس،,انت عارف احنا هنجيب سيره مين كويس،
"الفيزيائي ""إرفين شرودنجر"".","الفيزيايي ""ارفين شرودنجر""."
الراجل دا بهدلني جامد أوي!,الراجل دا بهدلني جامد اوي!
طول عمري بآكل من الزبالة ومبسوطة!,طول عمري باكل من الزباله ومبسوطه!
"""شرودنجر""، يا عزيزي، حط معادلته الشهيرة،","""شرودنجر""، يا عزيزي، حط معادلته الشهيره،"
الإلكترون ما بيلّفش حوالين النواة زي الكواكب،,الالكترون ما بيلّفش حوالين النواه زي الكواكب،
ولكنه بيلف في سحابة من الاحتمالات،,ولكنه بيلف في سحابه من الاحتمالات،
كل نقطة في هذه السحابة بتمثل فرصة،,كل نقطه في هذه السحابه بتمثل فرصه،
فرصة إنه يظهر فيها لو راقبناه.,فرصه انه يظهر فيها لو راقبناه.
يعني، انت لو واقف في النقطة أ،,يعني، انت لو واقف في النقطه ا،
وممكن تبقى واقف في النقطة ب،,وممكن تبقي واقف في النقطه ب،
فاحنا هنتأكد أول ما نبص عليك.,فاحنا هنتاكد اول ما نبص عليك.
"ودا ""شرودنجر"" شبّهه بالمثل الأشهر ""قطة (شرودنجر)""،","ودا ""شرودنجر"" شبّهه بالمثل الاشهر ""قطه شرودنجر ""،"
القطة اللي محبوسة جوا صندوق،,القطه اللي محبوسه جوا صندوق،
ومعاها ذرّة مشعة سامة ممكن تتحلل،,ومعاها ذرّه مشعه سامه ممكن تتحلل،
احتمال حدوث دا 50%،,احتمال حدوث دا 50 ،
لو الذرّة المشعة اتحللت، القطة هتموت،,لو الذرّه المشعه اتحللت، القطه هتموت،
لو ما اتحللتش، يبقى القطة هتعيش.,لو ما اتحللتش، يبقي القطه هتعيش.
وانت برة، يا عزيزي، قبل بقى ما تفتح عليها الصندوق،,وانت بره، يا عزيزي، قبل بقي ما تفتح عليها الصندوق،
فالقطة فعليًا هي عايشة وميتة في نفس الوقت،,فالقطه فعليًا هي عايشه وميته في نفس الوقت،
لحد ما تفتح وتتأكد بنفسك،,لحد ما تفتح وتتاكد بنفسك،
أول ما تفتح وتتأكد بنفسك،,اول ما تفتح وتتاكد بنفسك،
هتتحول لحاجة منهم،,هتتحول لحاجه منهم،
بس طول ما انت ما فتحتش، كل الاحتمالات موجودة.,بس طول ما انت ما فتحتش، كل الاحتمالات موجوده.
الحركة مع الكم، يا عزيزي، وصلت للخيال العلمي،,الحركه مع الكم، يا عزيزي، وصلت للخيال العلمي،
حتى لو جُسيم قُدّامه حاجز بيمنعه،,حتي لو جُسيم قُدّامه حاجز بيمنعه،
وطاقته ما توديهوش الناحية التانية،,وطاقته ما توديهوش الناحيه التانيه،
فمجرد وجود احتمال إنه يبقى موجود الناحية التانية,فمجرد وجود احتمال انه يبقي موجود الناحيه التانيه
الجُسيم بيختفي زيه زي الشبح،,الجُسيم بيختفي زيه زي الشبح،
وبيظهر الناحية التانية عادي جدًا،,وبيظهر الناحيه التانيه عادي جدًا،
"في ظاهرة عجيبة، يا عزيزي، اسمها ""النفق الكمي""...","في ظاهره عجيبه، يا عزيزي، اسمها ""النفق الكمي"""
ودي، يا عزيزي، بتحصل في الشمس باستمرار.,ودي، يا عزيزي، بتحصل في الشمس باستمرار.
الطاقة الحرارية جوا الشمس,الطاقه الحراريه جوا الشمس
ما بتكونش كافية حسابيًا عشان نواة الهيدروجين تندمج،,ما بتكونش كافيه حسابيًا عشان نواه الهيدروجين تندمج،
فبيحصل، يا عزيزي، نفق كمومي،,فبيحصل، يا عزيزي، نفق كمومي،
عزيزي الجزيء، مش عارف تعدّي؟ ما معاكش طاقة كفاية تعدّيك؟,عزيزي الجزيء، مش عارف تعدّي؟ ما معاكش طاقه كفايه تعدّيك؟
اسلك هذا النفق، اطلع على الأبعاد على طول!,اسلك هذا النفق، اطلع علي الابعاد علي طول!
يقوم داخل، يا عزيزي، النفق على طول، يندمج.,يقوم داخل، يا عزيزي، النفق علي طول، يندمج.
"أما مثلًا ""ريتشارد فاينمان""، فكان له تفسير تاني للحركة،","اما مثلًا ""ريتشارد فاينمان""، فكان له تفسير تاني للحركه،"
إن الجُسيم عشان يروح من مكان لمكان،,ان الجُسيم عشان يروح من مكان لمكان،
فهو بيمشي كل الطرُق الممكنة،,فهو بيمشي كل الطرُق الممكنه،
بيمشيهم At The Same Time، في نفس الوقت،,بيمشيهم ، في نفس الوقت،
عشان في الآخر، يختار المتوسط الكمي لكل الاحتمالات,عشان في الاخر، يختار المتوسط الكمي لكل الاحتمالات
"في ما يُعرف بنظرية ""المسارات المتعددة"".","في ما يُعرف بنظريه ""المسارات المتعدده""."
الحركة، يا عزيزي، في المستقبل بقى هيكون ليها شكل تاني خالص،,الحركه، يا عزيزي، في المستقبل بقي هيكون ليها شكل تاني خالص،
خلّينا نروح لنظرية الكم وظاهرة التشابك الكمي،,خلّينا نروح لنظريه الكم وظاهره التشابك الكمي،
"دي الظاهرة اللي اتكلم عنها ""شرودنجر"" لأول مرة سنة 1935،","دي الظاهره اللي اتكلم عنها ""شرودنجر"" لاول مره سنه 1935،"
وبتقول تخيل جُسيمين أ و ب،,وبتقول تخيل جُسيمين ا و ب،
اتولدوا مع بعض في نفس التفاعل،,اتولدوا مع بعض في نفس التفاعل،
فبقوا زي ما يكونوا توأم كمي،,فبقوا زي ما يكونوا توام كمي،
من لحظة ولادتهم، وبيحصل بينهم ترابط،,من لحظه ولادتهم، وبيحصل بينهم ترابط،
لو واحد فيهم غيّر حالته، التاني يتغير في نفس اللحظة.,لو واحد فيهم غيّر حالته، التاني يتغير في نفس اللحظه.
بنلاقي، يا عزيزي، إن دا بيحصل، مهما كانوا بُعاد عن بعض،,بنلاقي، يا عزيزي، ان دا بيحصل، مهما كانوا بُعاد عن بعض،
"حتى لو واحد في مجرتنا، والتاني في مجردة ""أندروميدا""،","حتي لو واحد في مجرتنا، والتاني في مجرده ""اندروميدا""،"
دا غريب جدًا، يا عزيزي، لأن دا حاجة بتحصل Almost Instantaneously.,دا غريب جدًا، يا عزيزي، لان دا حاجه بتحصل .
هنا، يا عزيزي، بيحصل Communication عبر المجرّات،,هنا، يا عزيزي، بيحصل عبر المجرّات،
"""يا جسم يا اللي في مجرة تانية،","""يا جسم يا اللي في مجره تانيه،"
يا اللي أنا وانت طالعين من نفس المكان، من نفس التفاعل،,يا اللي انا وانت طالعين من نفس المكان، من نفس التفاعل،
"أنا اتغيرت... اتغيّر، يلّا.""","انا اتغيرت اتغيّر، يلّا."""
الفكرة دي، يا عزيزي، كانت غريبة جدًا،,الفكره دي، يا عزيزي، كانت غريبه جدًا،
"لدرجة ""آينشتاين"" كان بيقول: ""إيه دا دا دا؟! إيه دا؟!","لدرجه ""اينشتاين"" كان بيقول: ""ايه دا دا دا ايه دا"
"دا Spooky Action at a Distance.""","دا ."""
"""أيوة يا (أبو حميد)، هو كان شايف إنها Spooky Fiction Aspectus!""","""ايوه يا ابو حميد ، هو كان شايف انها !"""
"في ما معناه، يا عزيزي، إن دا ""عمل شيطاني عن بُعد!""","في ما معناه، يا عزيزي، ان دا ""عمل شيطاني عن بُعد!"""
ولكن، يا عزيزي، بعد عشرات السنين،,ولكن، يا عزيزي، بعد عشرات السنين،
تم إثبات إن التشابك الكمّي حقيقة علمية،,تم اثبات ان التشابك الكمّي حقيقه علميه،
"لو ""آينشتاين""، يا عزيزي، بيتجنّ منه،","لو ""اينشتاين""، يا عزيزي، بيتجنّ منه،"
"فلمّا ""الدحّيح"" يغلط في حاجة، ما تقعدش بقى تمسك عليه، هه؟","فلمّا ""الدحّيح"" يغلط في حاجه، ما تقعدش بقي تمسك عليه، هه؟"
"""آينشتاين"" كان مش فاهم ميكانيكا الكم وكان بينكرها،","""اينشتاين"" كان مش فاهم ميكانيكا الكم وكان بينكرها،"
"وعادي، عالم عظيم، وبنحييه وبندّيله ""نوبل""،","وعادي، عالم عظيم، وبنحييه وبندّيله ""نوبل""،"
"و""زينون""، اللي عمّال أمرمطلك فيه من أول الحلقة،","و""زينون""، اللي عمّال امرمطلك فيه من اول الحلقه،"
كان واخد وضعه وسط (اليونان) القديمة، وأنا بأجيب سيرته في حلقاتي،,كان واخد وضعه وسط اليونان القديمه، وانا باجيب سيرته في حلقاتي،
بيغلط عادي،,بيغلط عادي،
"""(أبو حميد)، انت مشخصن الموضوع مع فلاسفة (اليونان)؟!",""" ابو حميد ، انت مشخصن الموضوع مع فلاسفه اليونان"
Sorry، يا عزيزي، نرجع للحلقة!,، يا عزيزي، نرجع للحلقه!
تعالى، يا عزيزي، نروح لسنة 1997،,تعالي، يا عزيزي، نروح لسنه 1997،
"في جامعة ""إنسبروك"" في ""النمسا""،","في جامعه ""انسبروك"" في ""النمسا""،"
لمّا بتحصل أول تجربة انتقال آني كمي,لمّا بتحصل اول تجربه انتقال اني كمي
أو ما يُعرف بالـQuantum-Teleportation،,او ما يُعرف بال - ،
الانتقال هنا مش نقل مادة،,الانتقال هنا مش نقل ماده،
ولكننا بننقل الحالة الكمية،,ولكننا بننقل الحاله الكميه،
اللي هي المعلومات الكمية،,اللي هي المعلومات الكميه،
المعلومات اللي موجودة في فوتون بتروح لفوتون آخر بعيد عنه،,المعلومات اللي موجوده في فوتون بتروح لفوتون اخر بعيد عنه،
في الحالة دي، الفوتون الأصلي بيتفكك وبيتحول إلى صفحة بيضا،,في الحاله دي، الفوتون الاصلي بيتفكك وبيتحول الي صفحه بيضا،
وبتنتقل الخصائص والمعلومات بتاعته,وبتنتقل الخصايص والمعلومات بتاعته
إلى الفوتون التاني بسرعة الضوء،,الي الفوتون التاني بسرعه الضوء،
ولكن ما ينفعش يكون فيه نسختين،,ولكن ما ينفعش يكون فيه نسختين،
وإنما الكيان نفسه هو اللي بينتقل،,وانما الكيان نفسه هو اللي بينتقل،
كأنك بتنقل الروح من جسم لجسم تاني.,كانك بتنقل الروح من جسم لجسم تاني.
ومن هنا، يا عزيزي، العلماء بدأوا يفكروا في آخر صيحة للحركة،,ومن هنا، يا عزيزي، العلماء بداوا يفكروا في اخر صيحه للحركه،
وهي نقل الوعي البشري نفسه.,وهي نقل الوعي البشري نفسه.
"""(أبو حميد)، أي حد هيقرب من الوعي بتاعي،",""" ابو حميد ، اي حد هيقرب من الوعي بتاعي،"
"هأتصرّف معاه بشكل غير لائق!""","هاتصرّف معاه بشكل غير لايق!"""
اسم الله يا أخويا! اسم الله!,اسم الله يا اخويا! اسم الله!
"انت، يا عزيزي، وعيك، لو اتحمّل على ""فلاشة""، هيبقى 4 كيلوبايت!","انت، يا عزيزي، وعيك، لو اتحمّل علي ""فلاشه""، هيبقي 4 كيلوبايت!"
أنت لا تملك وعي!,انت لا تملك وعي!
انت إدراكك للعالم إدراك جرذان!,انت ادراكك للعالم ادراك جرذان!
"اطرد ""شرودنجر""! هو إيه اللي متمسكّلي بالوعي بتاعه دا؟! ما تصحى يا عم!","اطرد ""شرودنجر""! هو ايه اللي متمسكّلي بالوعي بتاعه دا ما تصحي يا عم!"
"الفيزيائي ""روجر بينروس"" و""ماكس تيجمارك""","الفيزيايي ""روجر بينروس"" و""ماكس تيجمارك"""
كانوا بيتساءلوا وبيقولوا,كانوا بيتساءلوا وبيقولوا
لو الوعي نفسه عبارة عن عمليات فيزيائية كمية،,لو الوعي نفسه عباره عن عمليات فيزياييه كميه،
عمليات بتحصل جوا المخ،,عمليات بتحصل جوا المخ،
فإيه اللي يمنعنا إن احنا ننسخ هذه الحالة الكمية،,فايه اللي يمنعنا ان احنا ننسخ هذه الحاله الكميه،
وننقلها في كمبيوتر كمي؟,وننقلها في كمبيوتر كمي؟
لو فهمنا الحالة الكمية لشبكات النيورونات في الدماغ،,لو فهمنا الحاله الكميه لشبكات النيورونات في الدماغ،
اللي هي الخلايا الأساسية في الجهاز العصبي،,اللي هي الخلايا الاساسيه في الجهاز العصبي،
ساعتها، نقدر نظريًا نعيد تكوينها،,ساعتها، نقدر نظريًا نعيد تكوينها،
وتبقى انت، يا عزيزي، موجود جوا الكمبيوتر الكمي،,وتبقي انت، يا عزيزي، موجود جوا الكمبيوتر الكمي،
تتحول إلى Folder،,تتحول الي ،
ليك جسم مادي ممكن يبقى زي Avatar،,ليك جسم مادي ممكن يبقي زي ،
كأن روحك لبست Robot،,كان روحك لبست ،
والوعي بتاعك هيفضل موجود في الكمبيوتر للأبد،,والوعي بتاعك هيفضل موجود في الكمبيوتر للابد،
وينتقل من Avatar إلى Avatar،,وينتقل من الي ،
في صفر زمن في أي حتة في العالم،,في صفر زمن في اي حته في العالم،
هتتعامل، يا عزيزي، مع الكون زي ما الضوء بيتعامل بالظبط.,هتتعامل، يا عزيزي، مع الكون زي ما الضوء بيتعامل بالظبط.
الكلام دا، يا عزيزي، مش خيال، العلماء بيدرسوا احتمالية تحقيقه فعليًا،,الكلام دا، يا عزيزي، مش خيال، العلماء بيدرسوا احتماليه تحقيقه فعليًا،
4 مواسم في Black Mirror راحوا في القصة دي،,4 مواسم في راحوا في القصه دي،
ما تعرفش حاجة!,ما تعرفش حاجه!
نظرية زي...,نظريه زي
"لـ""روجر بينروس"" و""ستوارت هاميروف""","ل""روجر بينروس"" و""ستوارت هاميروف"""
بتتكلم في مشروع الـQuantum-Consciousness،,بتتكلم في مشروع ال - ،
المشروع بيتكلم عن العمليات اللي بتحصل جوا الـMicrotubules،,المشروع بيتكلم عن العمليات اللي بتحصل جوا ال ،
دي أنابيب دقيقة في الهيكل الداخلي للخلايا العصبية،,دي انابيب دقيقه في الهيكل الداخلي للخلايا العصبيه،
بتمثل الحركة وبتنقل المواد جوا الخلية،,بتمثل الحركه وبتنقل المواد جوا الخليه،
في المشروع، العمليات دي ممكن تشتغل كمعلومات كمومية،,في المشروع، العمليات دي ممكن تشتغل كمعلومات كموميه،
والنظرية بتقترح إن الوعي نفسه,والنظريه بتقترح ان الوعي نفسه
ناتج عن اهتزازات كمية في هذه الأنابيب،,ناتج عن اهتزازات كميه في هذه الانابيب،
"الكلام دا، يا عزيزي، في ""أمريكا"".","الكلام دا، يا عزيزي، في ""امريكا""."
على الجانب الآخر، عندك مبادرة Initiative 2045،,علي الجانب الاخر، عندك مبادره 2045،
"دي اللي أطلقها ""ديمتري إتسكوف"" في ""روسيا""،","دي اللي اطلقها ""ديمتري اتسكوف"" في ""روسيا""،"
أطلقها سنة 2011 بهدف إن هو يعمل تقنيات,اطلقها سنه 2011 بهدف ان هو يعمل تقنيات
تخلّينا ننقل الشخصية إلى ناقل غير بيولوجي،,تخلّينا ننقل الشخصيه الي ناقل غير بيولوجي،
الـAvatar، اللي أنا كلمتك عنه،,ال ، اللي انا كلمتك عنه،
هدفهم من دا مش الانتقال الآني،,هدفهم من دا مش الانتقال الاني،
وإنما إطالة الحياة،,وانما اطاله الحياه،
الحلم البشري القديم، يا عزيزي، الله يمسّيه بالخير!,الحلم البشري القديم، يا عزيزي، الله يمسّيه بالخير!
دلوقتي، الإنسان بقى أسهل إن هو يتمنى طولة العمر!,دلوقتي، الانسان بقي اسهل ان هو يتمني طوله العمر!
"كما قال ""الدحّيح"" 2024.","كما قال ""الدحّيح"" 2024."
المبادرة، يا عزيزي، متقسّمة لـ4 مراحل،,المبادره، يا عزيزي، متقسّمه ل4 مراحل،
المرحلة الأولى من 2015 لـ2020،,المرحله الاولي من 2015 ل2020،
هنصنع Robot أو Avatar،,هنصنع او ،
يتحكم فيه الإنسان بإشارات من مخه.,يتحكم فيه الانسان باشارات من مخه.
المرحلة التانية من 2020 لـ2025،,المرحله التانيه من 2020 ل2025،
هننقل دماغ شخص في وحدة،,هننقل دماغ شخص في وحده،
وحدة Life Support System،,وحده ،
ومن خلالها، هيتحكم هو في هذا الـRobot،,ومن خلالها، هيتحكم هو في هذا ال ،
المرحلة التالتة بقى من 2030 لـ2035،,المرحله التالته بقي من 2030 ل2035،
هنبني كمبيوتر كامل يحاكي الدماغ والوعي،,هنبني كمبيوتر كامل يحاكي الدماغ والوعي،
ونحمّل الوعي دا في الـAvatar.,ونحمّل الوعي دا في ال .
المرحلة الأخيرة من 2045 وانت طالع،,المرحله الاخيره من 2045 وانت طالع،
عصر جديد للإنسانية،,عصر جديد للانسانيه،
حيث الأجساد الهولوجرافية،,حيث الاجساد الهولوجرافيه،
لن تحتاج إلى جسد مادي،,لن تحتاج الي جسد مادي،
هتكون، يا عزيزي، فعليًا ضوء وطاقة،,هتكون، يا عزيزي، فعليًا ضوء وطاقه،
"Thank You, All of You!",", !"
"""يعني أنا، يا (أبو حميد)، في التوقيت الحالي، لحد 2025، فيه مرحلتين المفروض خلصوا.""","""يعني انا، يا ابو حميد ، في التوقيت الحالي، لحد 2025، فيه مرحلتين المفروض خلصوا."""
الحقيقة، يا عزيزي، ما فيش أي حاجة من دي حصلت،,الحقيقه، يا عزيزي، ما فيش اي حاجه من دي حصلت،
كل اللي وصلناله بعض النجاحات الجزئية المتعلقة بالمرحلة الأولى،,كل اللي وصلناله بعض النجاحات الجزييه المتعلقه بالمرحله الاولي،
"ودي حققتها شركات زي ""نيورالينك"" بتاعة ""إيلون ماسك""،","ودي حققتها شركات زي ""نيورالينك"" بتاعه ""ايلون ماسك""،"
"لمّا في 2024، قدرت إنها تصنّع ""تشيباية"" في الدماغ","لمّا في 2024، قدرت انها تصنّع ""تشيبايه"" في الدماغ"
تخلّيك تقدر تتحكم في الـMouse والكمبيوتر بالتفكير،,تخلّيك تقدر تتحكم في ال والكمبيوتر بالتفكير،
وتتحكم في الأطراف الصناعية وتحركها،,وتتحكم في الاطراف الصناعيه وتحركها،
يعني، يا عزيزي، المرحلة الأولى بتحصل دلوقتي،,يعني، يا عزيزي، المرحله الاولي بتحصل دلوقتي،
"و""ماسك"" لسة قايل، من قوالاته الكتيرة يعني،","و""ماسك"" لسه قايل، من قوالاته الكتيره يعني،"
إن وعي الإنسان، إن شاء الله، بإذن الله، بإذن الله، بإذن الله،,ان وعي الانسان، ان شاء الله، باذن الله، باذن الله، باذن الله،
هينتقل إلى الـRobot،,هينتقل الي ال ،
وهيكون وقتها الإنسان، يا عزيزي، إن شاء الله، بإذن الله، خالد،,وهيكون وقتها الانسان، يا عزيزي، ان شاء الله، باذن الله، خالد،
لو، يا عزيزي، كنت بتحلم بالخلود، تحلّى بالأمل!,لو، يا عزيزي، كنت بتحلم بالخلود، تحلّي بالامل!
الهدف العلمي دا يستحق وقت أكبر،,الهدف العلمي دا يستحق وقت اكبر،
سيب المبادرة تاخد وقتها، وكل واحد وحظه.,سيب المبادره تاخد وقتها، وكل واحد وحظه.
الحركة، يا عزيزي، هتفضل في كل شيء حواليك،,الحركه، يا عزيزي، هتفضل في كل شيء حواليك،
"القمر بيلف حوالين ""الأرض""،","القمر بيلف حوالين ""الارض""،"
"و""الأرض"" بتلف حوالين الشمس،","و""الارض"" بتلف حوالين الشمس،"
والشمس بتلف حوالين مركز المجرة،,والشمس بتلف حوالين مركز المجره،
والمجرة بتتحرك في عنقود ضخم،,والمجره بتتحرك في عنقود ضخم،
والعناقيد اللي فيها المجرات دي هي كمان بتتحرك في نسيج زمكاني،,والعناقيد اللي فيها المجرات دي هي كمان بتتحرك في نسيج زمكاني،
نسيج مليان بالمادة والطاقة المظلمة والرغاوي الكمية،,نسيج مليان بالماده والطاقه المظلمه والرغاوي الكميه،
فيه حفلة، يا عزيزي، في الكون،,فيه حفله، يا عزيزي، في الكون،
الكون كله بيتحرك وبيرقص وبيتمدد زي البالونة،,الكون كله بيتحرك وبيرقص وبيتمدد زي البالونه،
سرعته في التمدد عمّالة تزيد مع الوقت،,سرعته في التمدد عمّاله تزيد مع الوقت،
معزوفة حركة لا تتوقف.,معزوفه حركه لا تتوقف.
خُد بالك، يا عزيزي، مش الكون بس هو اللي بيتحرك،,خُد بالك، يا عزيزي، مش الكون بس هو اللي بيتحرك،
نظرية الأكوان المتعددة بتقول إن ممكن ما يبقاش الكون دا بس هو اللي بيتحرك،,نظريه الاكوان المتعدده بتقول ان ممكن ما يبقاش الكون دا بس هو اللي بيتحرك،
إن ممكن يبقى فيه عدد لانهائي من الأكوان بتتحرك مع بعض،,ان ممكن يبقي فيه عدد لانهايي من الاكوان بتتحرك مع بعض،
كل كون من الأكوان دي بيتحرك بقوانينه الفيزيائية الخاصة بيه.,كل كون من الاكوان دي بيتحرك بقوانينه الفيزياييه الخاصه بيه.
وفيه بقى، يا عزيزي، نظرية الأوتار الفائقة،,وفيه بقي، يا عزيزي، نظريه الاوتار الفايقه،
"ونسختها العجيبة نظرية ""إم""، الـM-Theory،","ونسختها العجيبه نظريه ""ام""، ال - ،"
ودي، يا عزيزي، بتقترح إن كل شيء من أول الذرّة لحد المجرة,ودي، يا عزيزي، بتقترح ان كل شيء من اول الذرّه لحد المجره
مش كُتَل من المادة، ولكن أوتار دقيقة بتتهز، بتـVibrate،,مش كُتَل من الماده، ولكن اوتار دقيقه بتتهز، بت ،
أوتار بتتحرك وبتطلّع نغمات،,اوتار بتتحرك وبتطلّع نغمات،
فبتولّد أنواع مختلفة من المادة والطاقة.,فبتولّد انواع مختلفه من الماده والطاقه.
"ربما، يا عزيزي، قعدتك على كوكب ""الأرض"" ما خلّتكش واعي بكل هذه الحركات،","ربما، يا عزيزي، قعدتك علي كوكب ""الارض"" ما خلّتكش واعي بكل هذه الحركات،"
ولكن، مبدأ الحركة، زي ما تقول كدا، ممكن يبقى عابر للعلوم،,ولكن، مبدا الحركه، زي ما تقول كدا، ممكن يبقي عابر للعلوم،
من الفيزيا للرياضيات لحياتك نفسها،,من الفيزيا للرياضيات لحياتك نفسها،
حياتك اللي لازم تتحرك فيها كل لحظة، ما تقفش في مكانك،,حياتك اللي لازم تتحرك فيها كل لحظه، ما تقفش في مكانك،
سواء عشان تجري ورا أتوبيس، أو تجري ورا حلم.,سواء عشان تجري ورا اتوبيس، او تجري ورا حلم.
في النهاية، يا عزيزي، كونيًا وإنسانيًا،,في النهايه، يا عزيزي، كونيًا وانسانيًا،
زي ما شُفنا في هذه الحلقة، الحركة بركة،,زي ما شُفنا في هذه الحلقه، الحركه بركه،
جملة بتلخص الفلسفة والفيزيا,جمله بتلخص الفلسفه والفيزيا
"من ""هرقليطس"" لـ""أرسطو"" ومن ""نيوتن"" لـ""آينشتاين"".","من ""هرقليطس"" ل""ارسطو"" ومن ""نيوتن"" ل""اينشتاين""."
ومن أول وجود هذا الكون وهو في حركة،,ومن اول وجود هذا الكون وهو في حركه،
"واحنا هنفضل نتحرك رغم أنف ""زينون""،","واحنا هنفضل نتحرك رغم انف ""زينون""،"
لأن، يا عزيزي، ببساطة، الحركة = الحياة.,لان، يا عزيزي، ببساطه، الحركه الحياه.
بس كدا، يا عزيزي. أخيرًا، وليس آخرًا،,بس كدا، يا عزيزي. اخيرًا، وليس اخرًا،
ما تنساش تشوف الحلقات اللي فاتت، تشوف الحلقات الجاية،,ما تنساش تشوف الحلقات اللي فاتت، تشوف الحلقات الجايه،
"تنزل تبص على المصادر، ولو احنا على الـ""يوتيوب""، نشترك على القناة.","تنزل تبص علي المصادر، ولو احنا علي ال""يوتيوب""، نشترك علي القناه."
"""(أبو حميد)، أنا متضايق أوي إن الحلقة دي ما طلعتش بجائزة (نوبل)،",""" ابو حميد ، انا متضايق اوي ان الحلقه دي ما طلعتش بجايزه نوبل ،"
"مع إن كان قُدّامي... كام فرصة في العارضة!""","مع ان كان قُدّامي كام فرصه في العارضه!"""
"انت عارف، يا عزيزي، ""زينون""،","انت عارف، يا عزيزي، ""زينون""،"
لمّا أصحابه بيحبوا يضايقوه، بيشغلوله أغنية إيه؟,لمّا اصحابه بيحبوا يضايقوه، بيشغلوله اغنيه ايه؟
"""بُص الحركة دي""","""بُص الحركه دي"""
ما فيش حركة!,ما فيش حركه!
"مش هأبص! مش هأبص!""","مش هابص! مش هابص!"""
أرجوك يا جلالة المَلِك،,ارجوك يا جلاله المَلِك،
أرجوك، ارحمني!,ارجوك، ارحمني!
أرحمك؟!,ارحمك
دا أنا هعمل منك عِبرة،,دا انا هعمل منك عِبره،
يا خاين يا عميل!,يا خاين يا عميل!
أرجوك!,ارجوك!
كُلّه إلا النفي،,كُلّه الا النفي،
كُلّه إلا النفي،,كُلّه الا النفي،
مش عايز أتنفي.,مش عايز اتنفي.
تتنفي؟!,تتنفي
طب إيه رأيك بقى،,طب ايه رايك بقي،
إني هَنفيك انت وعيلتك كلها!,اني هَنفيك انت وعيلتك كلها!
إيه دا؟!,ايه دا
- هو ينفع عيلتي تيجي؟! - إيه؟!,- هو ينفع عيلتي تيجي - ايه
قصدي، لأ، أرجوك،,قصدي، لا، ارجوك،
أرجوك، ما تنفنيش أنا وعيلتي,ارجوك، ما تنفنيش انا وعيلتي
في جزيرة تكون استوائية وجوّها كويس كدا!,في جزيره تكون استواييه وجوّها كويس كدا!
ما تعيّشنيش في كابوس زي دا، لأ!,ما تعيّشنيش في كابوس زي دا، لا!
بقى كدا؟!,بقي كدا
طب أنا بقى هنقّي أجمل وأحلى جزيرة استوائية,طب انا بقي هنقّي اجمل واحلي جزيره استواييه
بأحسن جو،,باحسن جو،
وأنفيك انت وكل اللي بتحبهم فيها!,وانفيك انت وكل اللي بتحبهم فيها!
لأ!,لا!
لأ، طبعًا، خلّيني أشتغل، وأجيب رزقي بنفسي!,لا، طبعًا، خلّيني اشتغل، واجيب رزقي بنفسي!
أنا بَحِب الشُغل، بَعشَق الشُغل،,انا بَحِب الشُغل، بَعشَق الشُغل،
لا، ما تحرمنيش من الشُغل والعمل الشاق!,لا، ما تحرمنيش من الشُغل والعمل الشاق!
حلو أوي أوي أوي!,حلو اوي اوي اوي!
انت بقى محروم من الشغل،,انت بقي محروم من الشغل،
وهَبعَت معاك ثروة ما تعرفش أولها من آخرها.,وهَبعَت معاك ثروه ما تعرفش اولها من اخرها.
وعِيش!,وعِيش!
قضاء ربنا وقَدَره،,قضاء ربنا وقَدَره،
أهو أهوَن إني أعيش مَلِك عظيم،,اهو اهوَن اني اعيش مَلِك عظيم،
بمسئوليات كبيرة وعملاقة،,بمسيوليات كبيره وعملاقه،
لا، لا، لا، لا، لا، لا!,لا، لا، لا، لا، لا، لا!
سبقتك يا مغفل!,سبقتك يا مغفل!
آدي ممتلكاتي،,ادي ممتلكاتي،
والتاج بتاعي،,والتاج بتاعي،
وشوف بقى هتتحمل كل امتيازات ورفاهية المُلك ازاي!,وشوف بقي هتتحمل كل امتيازات ورفاهيه المُلك ازاي!
لا! لا!,لا! لا!
تاج ومُلك وثروة، لأ!,تاج ومُلك وثروه، لا!
سبايا وغِنى ورفاهية، آه!,سبايا وغِني ورفاهيه، اه!
أعزائي المشاهدين، السلام عليكم ورحمة الله وبركاته،,اعزايي المشاهدين، السلام عليكم ورحمه الله وبركاته،
"أهلًا بكم في حلقة جديدة، من برنامج ""الدحّيح""!","اهلًا بكم في حلقه جديده، من برنامج ""الدحّيح""!"
عزيزي المُشاهد الجميل، تعالى نفتح مع بعض كتاب...,عزيزي المُشاهد الجميل، تعالي نفتح مع بعض كتاب
"""مساجين الجغرافيا"".","""مساجين الجغرافيا""."
"الكاتب ""تيم مارشال"" بيقول في كتابه","الكاتب ""تيم مارشال"" بيقول في كتابه"
"لو ""فلاديمير بوتين"" رجُل متدين، كما يصف نفسه يعني،","لو ""فلاديمير بوتين"" رجُل متدين، كما يصف نفسه يعني،"
تابع للكنيسة الروسية الأرثوذكسية،,تابع للكنيسه الروسيه الارثوذكسيه،
فأهم صلاة بيدعي بيها كل يوم,فاهم صلاه بيدعي بيها كل يوم
عبارة عن أمنية وسؤال واحد مجنن أمه.,عباره عن امنيه وسوال واحد مجنن امه.
"""طبعًا يا (أبو حميد) أكيد بيتمنى من ربنا (أوكرانيا).""","""طبعًا يا ابو حميد اكيد بيتمني من ربنا اوكرانيا ."""
"لأ، يا عزيزي، الحقيقة إن الكاتب في الكتاب بيتخيل ""بوتين"" بيسأل ربنا،","لا، يا عزيزي، الحقيقه ان الكاتب في الكتاب بيتخيل ""بوتين"" بيسال ربنا،"
"وبيقولّه: ""يا رب، ليه لم تزوّد تفصيلة جغرافية في الخريطة؟","وبيقولّه: ""يا رب، ليه لم تزوّد تفصيله جغرافيه في الخريطه؟"
ليه يا ربي ما زوّدتلناش أي حاجز منيع طبيعي كدا,ليه يا ربي ما زوّدتلناش اي حاجز منيع طبيعي كدا
يقفّل الدولة الروسية كدا، ويخلّينا قاعدين متطمنين؟,يقفّل الدوله الروسيه كدا، ويخلّينا قاعدين متطمنين؟
أنا مش طالب غير سلسلة جبال شرق (أوكرانيا)،,انا مش طالب غير سلسله جبال شرق اوكرانيا ،
"والصحة والستر بس!""","والصحه والستر بس!"""
"دي، يا عزيزي، أمنية أي حاكم عدّى على ""روسيا"" على مر القرون،","دي، يا عزيزي، امنيه اي حاكم عدّي علي ""روسيا"" علي مر القرون،"
"""روسيا""، فيه سهل،","""روسيا""، فيه سهل،"
دا زي حلم صعود كاس العالم عندنا كدا!,دا زي حلم صعود كاس العالم عندنا كدا!
"دا ببساطة، يا عزيزي، لأن موقع ""أوكرانيا""","دا ببساطه، يا عزيزي، لان موقع ""اوكرانيا"""
"والمنطقة اللي غرب ""روسيا""","والمنطقه اللي غرب ""روسيا"""
هي مساحة بنسمّيها The European Plain،,هي مساحه بنسمّيها ،
السهل الأوروبي،,السهل الاوروبي،
ما فيش جبال!,ما فيش جبال!
Highway أربعتاشر حارة!,اربعتاشر حاره!
الدبابة تمشي بالسرعة اللي هي عايزاها!,الدبابه تمشي بالسرعه اللي هي عايزاها!
"ما فيش كارتة، بنزينة، إشارة واحدة تقولّك: ""هدّئ""،","ما فيش كارته، بنزينه، اشاره واحده تقولّك: ""هدّي""،"
أنت في ممر الرياح!,انت في ممر الرياح!
مساحة بيحتلها واحد من أكبر السهول الممتدة على الكوكب،,مساحه بيحتلها واحد من اكبر السهول الممتده علي الكوكب،
"من أول جبال ""البرانس"" على الحدود الفرنسية","من اول جبال ""البرانس"" علي الحدود الفرنسيه"
"لحد جبال ""الأورال"" في ""روسيا""،","لحد جبال ""الاورال"" في ""روسيا""،"
"مساحة سهل أي جيش يقطعها ويخُش ""روسيا""،","مساحه سهل اي جيش يقطعها ويخُش ""روسيا""،"
مش محتاج معدّات حربية أو مؤن!,مش محتاج معدّات حربيه او مون!
الراجل كان نِفسه بس يبقى فيها شوية جبال،,الراجل كان نِفسه بس يبقي فيها شويه جبال،
"""مانع جغرافي يسترنا!","""مانع جغرافي يسترنا!"
أي حاجة نتستر بيها، نتدارى منها،,اي حاجه نتستر بيها، نتداري منها،
أنا طول التاريخ بآخد على قفايا من المنطقة دي!,انا طول التاريخ باخد علي قفايا من المنطقه دي!
"(نابليون) يخُش من هنا، (هتلر) يخُش من هنا!""","نابليون يخُش من هنا، هتلر يخُش من هنا!"""
"""روسيا""، يا عزيزي، طول ما هي موجودة، عايزة تقفل هذا السرسوب!","""روسيا""، يا عزيزي، طول ما هي موجوده، عايزه تقفل هذا السرسوب!"
"خلّيني أقولّك إن قَدَر ""روسيا"" الجغرافي","خلّيني اقولّك ان قَدَر ""روسيا"" الجغرافي"
خلّاها من بدايتها دولة في حالة مُلِحّة من الاحتياج للتوسع،,خلّاها من بدايتها دوله في حاله مُلِحّه من الاحتياج للتوسع،
دولة طبيعتها الجغرافية عايزاها دايمًا تتمطى،,دوله طبيعتها الجغرافيه عايزاها دايمًا تتمطي،
محتاجة طول الوقت تأمّن نفسها وحدودها،,محتاجه طول الوقت تامّن نفسها وحدودها،
دي عقيدة اسمها Attack as Defense،,دي عقيده اسمها ،
"وبدأت في عهد أول قيصر لـ""روسيا""، ""إيفان الرهيب""، Ivan The Terrible.","وبدات في عهد اول قيصر ل""روسيا""، ""ايفان الرهيب""، ."
"على حسب كلام المؤرخ ""ستيفن كوتكين""،","علي حسب كلام المورخ ""ستيفن كوتكين""،"
"فمن أيام ""إيفان"" في القرن الـ16،","فمن ايام ""ايفان"" في القرن ال16،"
"""روسيا"" قدرت تتوسع بمعدّل متوسطه 50 ميل مربع يوميًا،","""روسيا"" قدرت تتوسع بمعدّل متوسطه 50 ميل مربع يوميًا،"
على مدار أد إيه يا عزيزي؟ مئات السنين.,علي مدار اد ايه يا عزيزي؟ ميات السنين.
فضلِت، يا عزيزي، تكبر وتكبر وتكبر،,فضلِت، يا عزيزي، تكبر وتكبر وتكبر،
عشان تلاقي نفسها من هذه الـanxiety,عشان تلاقي نفسها من هذه ال
مغطّية تقريبًا سُدس مساحة الأرض على هذا الكوكب.,مغطّيه تقريبًا سُدس مساحه الارض علي هذا الكوكب.
"أما بقى المؤرخ ""جيوفري هوسكينج""","اما بقي المورخ ""جيوفري هوسكينج"""
"بيعتبر توسُّع ""روسيا"" ناحية الغرب وناحية ""أوكرانيا""","بيعتبر توسُّع ""روسيا"" ناحيه الغرب وناحيه ""اوكرانيا"""
ربما يكون طريقتها الوحيدة للدفاع عن نفسها،,ربما يكون طريقتها الوحيده للدفاع عن نفسها،
حتى لو دا هيخلّيها أمام الشعوب إمبراطورية شريرة،,حتي لو دا هيخلّيها امام الشعوب امبراطوريه شريره،
لأن دا، على حسب رأيه، مصيرها الحتمي،,لان دا، علي حسب رايه، مصيرها الحتمي،
مصير سابق وجودها نفسه،,مصير سابق وجودها نفسه،
أو على حسب تعبيره البليغ...,او علي حسب تعبيره البليغ
"""(روسيا) أصبحت إمبراطورية قبل أن تصبح دولة.""",""" روسيا اصبحت امبراطوريه قبل ان تصبح دوله."""
"""ياه يا (أبو حميد)! دا القَدَر والجغرافيا طلعت قاسية أوي!","""ياه يا ابو حميد ! دا القَدَر والجغرافيا طلعت قاسيه اوي!"
احنا طول السنين دي كلها ظالمين عمّنا (فلاديمير)!,احنا طول السنين دي كلها ظالمين عمّنا فلاديمير !
احنا فاكرين إن (بوتين) دا راجل مفتري على (أوروبا) وعايز ياخد أراضيها،,احنا فاكرين ان بوتين دا راجل مفتري علي اوروبا وعايز ياخد اراضيها،
أتاريه سجين للجغرافيا، يا عيني!,اتاريه سجين للجغرافيا، يا عيني!
"أسير عقيدة الـAttack as Defense، اللي بادئة من أيام جدود جدوده!""","اسير عقيده ال ، اللي باديه من ايام جدود جدوده!"""
يا عزيزي، لا تكُن طيب!,يا عزيزي، لا تكُن طيب!
لو الجغرافيا بتفرض على أُمّة طريقة معيّنة للنجاة،,لو الجغرافيا بتفرض علي اُمّه طريقه معيّنه للنجاه،
فالتاريخ هو الوحيد اللي قادر يقولّنا إذا كانت الطريقة دي ناجحة بالفعل ولّا لأ.,فالتاريخ هو الوحيد اللي قادر يقولّنا اذا كانت الطريقه دي ناجحه بالفعل ولّا لا.
"صعب طبعًا نتخيل ""فلاديمير بوتين"" بيصلّي كل يوم،","صعب طبعًا نتخيل ""فلاديمير بوتين"" بيصلّي كل يوم،"
عشان سلسلة جبال خيالية!,عشان سلسله جبال خياليه!
"ولكن سهل نتخيل ""بوتين"" وهو بيفتكر مدينته ""سان بطرسبرج"" اللي اتولد فيها،","ولكن سهل نتخيل ""بوتين"" وهو بيفتكر مدينته ""سان بطرسبرج"" اللي اتولد فيها،"
المدينة اللي بناها قيصر حالم من 3 قرونK,المدينه اللي بناها قيصر حالم من 3 قرون
وكان برضه عنده وقتها أمنية جغرافية مُلِحّة،,وكان برضه عنده وقتها امنيه جغرافيه مُلِحّه،
"بدل ما يكون بيتمنى وبيصلّي عشان جبال تعزل ""روسيا""،","بدل ما يكون بيتمني وبيصلّي عشان جبال تعزل ""روسيا""،"
"كان بيحلم بمينا صغيرة ""روسيا"" تقدر تطُل بيها على بحر مفتوح،","كان بيحلم بمينا صغيره ""روسيا"" تقدر تطُل بيها علي بحر مفتوح،"
ما هي دي الأزمة التانية!,ما هي دي الازمه التانيه!
انت ما عندكش جبال تحرسك،,انت ما عندكش جبال تحرسك،
وما عندكش access لميّه ما بتتجمدش على بحر مفتوح،,وما عندكش لميّه ما بتتجمدش علي بحر مفتوح،
لا منك في شارع داخلي مستور وسط العماير،,لا منك في شارع داخلي مستور وسط العماير،
ولا منك ماسك ناصية وشايف البحر!,ولا منك ماسك ناصيه وشايف البحر!
السمسار البليغ!,السمسار البليغ!
القيصر دا، يا عزيزي، بسبب مشكلته الجغرافية هيصنع تاريخ،,القيصر دا، يا عزيزي، بسبب مشكلته الجغرافيه هيصنع تاريخ،
"هيفتح بلكونة لـ""روسيا""، عشان تقدر تطلع من سجنها الجغرافي،","هيفتح بلكونه ل""روسيا""، عشان تقدر تطلع من سجنها الجغرافي،"
"عشان ""روسيا"" ما تفارقش مسرح التاريخ من وقت هذه اللحظة،","عشان ""روسيا"" ما تفارقش مسرح التاريخ من وقت هذه اللحظه،"
"القيصر اللي بتكلم عليه، يا عزيزي، هنا هو القيصر ""بطرس الأكبر""،","القيصر اللي بتكلم عليه، يا عزيزي، هنا هو القيصر ""بطرس الاكبر""،"
"في يوم 29 يناير سنة 1676، بيموت قيصر ""روسيا"" ""أليكسيز""،","في يوم 29 يناير سنه 1676، بيموت قيصر ""روسيا"" ""اليكسيز""،"
ومن هنا، بيظهر سؤال: مَن هو القيصر الجديد؟,ومن هنا، بيظهر سوال: مَن هو القيصر الجديد؟
"""أليكسيز"" القيصر الراحل كان متجوز اتنين،","""اليكسيز"" القيصر الراحل كان متجوز اتنين،"
وكما تتوقع، هيبدأ يحصل توتر وخناقات,وكما تتوقع، هيبدا يحصل توتر وخناقات
بين أسرة الزوجة الأولى وأسرة الزوجة التانية،,بين اسره الزوجه الاولي واسره الزوجه التانيه،
"لو انت قاعد في مقصورة ""موسكو""، هتلاقي على يمينك الزوجة الأولى،","لو انت قاعد في مقصوره ""موسكو""، هتلاقي علي يمينك الزوجه الاولي،"
وأسرتها الـMiloslavskys،,واسرتها ال ،
"وأبناءها ""فيودور"" و""إيفان"" و""صوفيا"".","وابناءها ""فيودور"" و""ايفان"" و""صوفيا""."
على شمالك، الفريق التاني للزوجة التانية،,علي شمالك، الفريق التاني للزوجه التانيه،
وأسرتها من الـNaryshkinas،,واسرتها من ال ،
"وابنها الأهم في هذه الحدوتة، ""بطرس"" أو ""بيتر"".","وابنها الاهم في هذه الحدوته، ""بطرس"" او ""بيتر""."
في البداية، الفريق الأول بيتقدم,في البدايه، الفريق الاول بيتقدم
"لمّا ""فيودور"" ابن الزوجة الأولى هو اللي بيمسك الحُكم،","لمّا ""فيودور"" ابن الزوجه الاولي هو اللي بيمسك الحُكم،"
وبتنتصر الزوجة الأولى.,وبتنتصر الزوجه الاولي.
"ولكن بعد 6 سنين من حُكمه، ""فيودور"" بيموت،","ولكن بعد 6 سنين من حُكمه، ""فيودور"" بيموت،"
وقتها، يا عزيزي، بينحصر الاختيار بين اتنين،,وقتها، يا عزيزي، بينحصر الاختيار بين اتنين،
الكورة بترجع الملعب،,الكوره بترجع الملعب،
"عيلة الزوجة الأولى بتطلّع ابنها ""إيفان""،","عيله الزوجه الاولي بتطلّع ابنها ""ايفان""،"
"أخو ""فيودور"" اللي بينزل من على الدِكة.","اخو ""فيودور"" اللي بينزل من علي الدِكه."
"على الناحية التانية، عيلة الزوجة التانية بتنزّل ""بيتر"" زي ما هو.","علي الناحيه التانيه، عيله الزوجه التانيه بتنزّل ""بيتر"" زي ما هو."
الوضع بقى بالنسبة للكنيسة الأرثوذكسية ومجلس كبار النبلاء كان محسوم،,الوضع بقي بالنسبه للكنيسه الارثوذكسيه ومجلس كبار النبلاء كان محسوم،
"الاتنين، يا عزيزي، كانوا مقررين إن هُما مش هيختاروا ""إيفان""","الاتنين، يا عزيزي، كانوا مقررين ان هُما مش هيختاروا ""ايفان"""
"هيختاروا ""بيتر""،","هيختاروا ""بيتر""،"
"ودا ليه؟ لأن ""إيفان"" مريض،","ودا ليه؟ لان ""ايفان"" مريض،"
وعنده مشاكل مش بس جسدية، ولكن كمان عقلية،,وعنده مشاكل مش بس جسديه، ولكن كمان عقليه،
"""بطرس"" بقى، بسم الله، ما شاء الله، عليه، ""بطرس الأكبر"".","""بطرس"" بقي، بسم الله، ما شاء الله، عليه، ""بطرس الاكبر""."
وبرغم إن عنده 10 سنين بس،,وبرغم ان عنده 10 سنين بس،
إلا إن جسمه ممشوق، وكان متحدث لبق،,الا ان جسمه ممشوق، وكان متحدث لبق،
وأمه أحسنت تربيته،,وامه احسنت تربيته،
"طلّعته مثقف، بفضل المُعلّم بتاعها ""أرتامون ماتفييف""،","طلّعته مثقف، بفضل المُعلّم بتاعها ""ارتامون ماتفييف""،"
الراجل اللي كان عنده معمل علمي ومكتبة عملاقة.,الراجل اللي كان عنده معمل علمي ومكتبه عملاقه.
"""طب يا (أبو حميد)، وهل كدا (إيفان) هيسكت على هذه المهزلة؟!""","""طب يا ابو حميد ، وهل كدا ايفان هيسكت علي هذه المهزله """
"والله، يا عزيزي، لو على ""إيفان""، فـ""إيفان"" غلبان وماشي بالعلاج،","والله، يا عزيزي، لو علي ""ايفان""، ف""ايفان"" غلبان وماشي بالعلاج،"
"اللي هيخُش يتكلمله، هتبقى أخته ""صوفيا""،","اللي هيخُش يتكلمله، هتبقي اخته ""صوفيا""،"
"""صوفيا"" متعلمة وطموحة، زيها زي ""بطرس"" بالظبط،","""صوفيا"" متعلمه وطموحه، زيها زي ""بطرس"" بالظبط،"
ولكن حظها في هذا العالم وهذا التوقيت,ولكن حظها في هذا العالم وهذا التوقيت
أنها، يا عزيزي، أنثى،,انها، يا عزيزي، انثي،
سِت، ما ينفعش يبقى فيه قيصر سِت!,سِت، ما ينفعش يبقي فيه قيصر سِت!
"وعشان كدا، ""صوفيا"" هتلجأ للمؤامرة،","وعشان كدا، ""صوفيا"" هتلجا للموامره،"
هتدبر مؤامرة مرعبة،,هتدبر موامره مرعبه،
هتلعب game شطرنج على الحُكم،,هتلعب شطرنج علي الحُكم،
وعساكرها في هذا الـgame هتبقى قوة مهمة جوا البلاط،,وعساكرها في هذا ال هتبقي قوه مهمه جوا البلاط،
قوة اسمها، بالنُطق اللي على أد حاله يعني، Streltsy،,قوه اسمها، بالنُطق اللي علي اد حاله يعني، ،
دا عبارة عن فيلق عسكري بيحرس القيصر بولاء تام،,دا عباره عن فيلق عسكري بيحرس القيصر بولاء تام،
بلُغة هذا العصر، الحرس الرئاسي.,بلُغه هذا العصر، الحرس الرياسي.
"""صوفيا"" هتسرّب كدا سرسوب إشاعة بيقول","""صوفيا"" هتسرّب كدا سرسوب اشاعه بيقول"
إن القيصر اللي قبل كدا، يا جماعة، لم يمُت بطريقة عادية،,ان القيصر اللي قبل كدا، يا جماعه، لم يمُت بطريقه عاديه،
"""لأ، أخويا (فيودور)، الله يرحمه، اتقتل يا رجالة!""","""لا، اخويا فيودور ، الله يرحمه، اتقتل يا رجاله!"""
"وبتعمل إيه؟ بتتهم الزوجة التانية، أم ""بطرس""،","وبتعمل ايه؟ بتتهم الزوجه التانيه، ام ""بطرس""،"
إن هي اللي سممته،,ان هي اللي سممته،
"وإن هُما برضه بيدبروا لقتل ""إيفان"" أخوها،","وان هُما برضه بيدبروا لقتل ""ايفان"" اخوها،"
زي ما قتلوا أخوها، ما هُما التلاتة إخوات!,زي ما قتلوا اخوها، ما هُما التلاته اخوات!
وهنا، هيبدأ ما يُسمّى بالـMoscow Uprising،,وهنا، هيبدا ما يُسمّي بال ،
عشرات الجنود من الفيلق اللي المفروض يحرس القيصر,عشرات الجنود من الفيلق اللي المفروض يحرس القيصر
بعد ما سمعوا الإشاعة، هيروحوا قصر Palace of Facets،,بعد ما سمعوا الاشاعه، هيروحوا قصر ،
"اللي موجود فين؟ موجود في الـ""كريملين""،","اللي موجود فين؟ موجود في ال""كريملين""،"
"والهدف إيه؟ الهدف إبادة أُسرة ""بطرس""، الـNaryshkinas.","والهدف ايه؟ الهدف اباده اُسره ""بطرس""، ال ."
"""نتاليا""، الزوجة التانية، أم ""بطرس""،","""نتاليا""، الزوجه التانيه، ام ""بطرس""،"
"هتحضن ""بطرس"" ومعاه ""إيفان""، أخوه اللي مش شقيق،","هتحضن ""بطرس"" ومعاه ""ايفان""، اخوه اللي مش شقيق،"
الاتنين اللي بيتنافسوا على الحُكم،,الاتنين اللي بيتنافسوا علي الحُكم،
هي شايفاهم مجرد طفلين،,هي شايفاهم مجرد طفلين،
هتحضنهم وهي بتترعش،,هتحضنهم وهي بتترعش،
"ومُعلّمها، اللي علّم ""بطرس""، اللي حكيتلك عنه، ""أرتامون""،","ومُعلّمها، اللي علّم ""بطرس""، اللي حكيتلك عنه، ""ارتامون""،"
هيتوسل للجنود إن هُما يمشوا بسلام،,هيتوسل للجنود ان هُما يمشوا بسلام،
"""يا جماعة، القيصر (فيودور) مات موتة طبيعية،","""يا جماعه، القيصر فيودور مات موته طبيعيه،"
و(إيفان) أهو قُدّامكم، صاغ سليم،,و ايفان اهو قُدّامكم، صاغ سليم،
"كل اللي اتقالّكم إشاعات. (بطرس) و(إيفان) إخوات.""","كل اللي اتقالّكم اشاعات. بطرس و ايفان اخوات."""
وهنا، الجنود هيقوموا عاملين إيه؟ هيقتلوا المُعلّم.,وهنا، الجنود هيقوموا عاملين ايه؟ هيقتلوا المُعلّم.
"""بطرس"" هيشوف هذا المشهد قُدّام عينيه، ومش هيتمحي من ذاكرته للأبد!","""بطرس"" هيشوف هذا المشهد قُدّام عينيه، ومش هيتمحي من ذاكرته للابد!"
جنود الفيلق، الـStreltsy، اللي حكيتلك عنهم،,جنود الفيلق، ال ، اللي حكيتلك عنهم،
"بيقتلوا 40 من قرايب ""بطرس"" بوحشية شديدة،","بيقتلوا 40 من قرايب ""بطرس"" بوحشيه شديده،"
كل جثة بتتقطّع، وبتتحط على أَسِنّة الحربة،,كل جثه بتتقطّع، وبتتحط علي اَسِنّه الحربه،
ويحطوها على مَدخَل القصر على شكل هرم،,ويحطوها علي مَدخَل القصر علي شكل هرم،
وفي يوم وليلة بتنتهي المذبحة،,وفي يوم وليله بتنتهي المذبحه،
ومش بس هي اللي بتنتهي،,ومش بس هي اللي بتنتهي،
"طفولة ""بطرس"" هي كمان بتنتهي للأبد.","طفوله ""بطرس"" هي كمان بتنتهي للابد."
"""(أبو حميد)، مع احترامي للحظات المأساوية ووفاة طفولة (بطرس)،",""" ابو حميد ، مع احترامي للحظات الماساويه ووفاه طفوله بطرس ،"
بس أنا عندي سؤال،,بس انا عندي سوال،
واضح إن جنود الفيلق دُول ما كانوش باقيين على حد،,واضح ان جنود الفيلق دُول ما كانوش باقيين علي حد،
والإشاعة كانت سايقاهم،,والاشاعه كانت سايقاهم،
و(بطرس) المفروض مُرشّحهم القيصري اللي جاي،,و بطرس المفروض مُرشّحهم القيصري اللي جاي،
وتَبَع الناس اللي متهمين بالقتل،,وتَبَع الناس اللي متهمين بالقتل،
فليه الجنود دُول ما قتلوش (بطرس)؟!,فليه الجنود دُول ما قتلوش بطرس
ذنبهم إيه الناس اللي ماتت الكتير دي,ذنبهم ايه الناس اللي ماتت الكتير دي
"واحنا ذنبنا إيه، إن احنا لسة هنكمّل الحلقة الطويلة دي؟!""","واحنا ذنبنا ايه، ان احنا لسه هنكمّل الحلقه الطويله دي """
الإجابة على سؤال: لماذا لم يقتلوا (بطرس) right away، بسيطة جدًا،,الاجابه علي سوال: لماذا لم يقتلوا بطرس ، بسيطه جدًا،
"""صوفيا"" كانت ذكية جدًا وهي بتقول إشاعتها،","""صوفيا"" كانت ذكيه جدًا وهي بتقول اشاعتها،"
"كانت عارفة إن الكنيسة هي اللي اختارت ""بطرس"" كقيصر،","كانت عارفه ان الكنيسه هي اللي اختارت ""بطرس"" كقيصر،"
وقتله هيبقى جريمة ضد الرب،,وقتله هيبقي جريمه ضد الرب،
مش مجرد تار بيتّاخد من أُسرة لأُسرة تانية.,مش مجرد تار بيتّاخد من اُسره لاُسره تانيه.
"تسألني تقولّي: ""الله! طب هي استفادت إيه أصلًا من الأول؟!""","تسالني تقولّي: ""الله! طب هي استفادت ايه اصلًا من الاول """
هقولّك إن بعد شهر واحد من المذبحة اللي حصلت دي،,هقولّك ان بعد شهر واحد من المذبحه اللي حصلت دي،
"الـ""كريملين"" اضطر عشان يحقن التوتر ويقفل سلسال الدم،","ال""كريملين"" اضطر عشان يحقن التوتر ويقفل سلسال الدم،"
إنه، يا عزيزي، هيعمل الاتنين،,انه، يا عزيزي، هيعمل الاتنين،
هيعمل إيه؟ هيعيّن الاتنين قياصرة،,هيعمل ايه؟ هيعيّن الاتنين قياصره،
"الـ""ماتش"" هيخلص 1 لـ1،","ال""ماتش"" هيخلص 1 ل1،"
الفرقتين هياخدوا دهبي،,الفرقتين هياخدوا دهبي،
"""بطرس"" هيبقى قيصر، و""إيفان"" هيبقى قيصر.","""بطرس"" هيبقي قيصر، و""ايفان"" هيبقي قيصر."
كدا، فاضل واحد ما اتراضاش في الموضوع دا،,كدا، فاضل واحد ما اتراضاش في الموضوع دا،
"مين؟ ""صوفيا"".","مين؟ ""صوفيا""."
"محلولة، ""إيفان"" لسة عيّل صغير، وعنده مشاكل صحية،","محلوله، ""ايفان"" لسه عيّل صغير، وعنده مشاكل صحيه،"
"إذًا، ""صوفيا"" هتبقى هي الواصية عليه.","اذًا، ""صوفيا"" هتبقي هي الواصيه عليه."
"""صوفيا""، يا عزيزي، في سن الـ25، هتبقى القيصر الحقيقي اللي مستخبي ورا طفلين،","""صوفيا""، يا عزيزي، في سن ال25، هتبقي القيصر الحقيقي اللي مستخبي ورا طفلين،"
واحد عمره 16 سنة، والتاني عمره 10 سنين.,واحد عمره 16 سنه، والتاني عمره 10 سنين.
"""صوفيا""، يا عزيزي، هتبدأ واحدة واحدة تبعد ""بطرس"" عن البلاط، تهمّشه،","""صوفيا""، يا عزيزي، هتبدا واحده واحده تبعد ""بطرس"" عن البلاط، تهمّشه،"
هيبقى، يا عزيزي، قيصر remotely،,هيبقي، يا عزيزي، قيصر ،
"هيروح يعيش مع أمه في واحدة من القرى القريبة من ""موسكو""،","هيروح يعيش مع امه في واحده من القري القريبه من ""موسكو""،"
"ونادرًا ما هيروح الـ""كريملين""، إلا لحضور المناسبات الرسمية.","ونادرًا ما هيروح ال""كريملين""، الا لحضور المناسبات الرسميه."
"نفي ""بطرس"" هيشكّل شخصيته بشكل غريب جدًا،","نفي ""بطرس"" هيشكّل شخصيته بشكل غريب جدًا،"
تنئشة ما مرّش بيها أي قيصر من قبله،,تنيشه ما مرّش بيها اي قيصر من قبله،
المدبحة اللي سكت عليها النبلاء والكنيسة، اللي حصلت في حق أهله،,المدبحه اللي سكت عليها النبلاء والكنيسه، اللي حصلت في حق اهله،
"خلقت جوا ""بطرس"" كُره عميق لـ""موسكو"" والـ""كريملين""،","خلقت جوا ""بطرس"" كُره عميق ل""موسكو"" وال""كريملين""،"
ما كانش طايق طقوس الحُكم والمراسم والأجواء دي كلها،,ما كانش طايق طقوس الحُكم والمراسم والاجواء دي كلها،
والأهم من كل دا إن هو ما كانش طايق جنود الفيلق،,والاهم من كل دا ان هو ما كانش طايق جنود الفيلق،
اللي المفروض بيحمي القيصر،,اللي المفروض بيحمي القيصر،
الـStreltsy اللي موجود في كل حتة،,ال اللي موجود في كل حته،
حتى تاج القيصر ما كانش بيحبه،,حتي تاج القيصر ما كانش بيحبه،
أولًا، ما كانش لحق يلبسه،,اولًا، ما كانش لحق يلبسه،
ثانيًا، هو ما شافش من وراه غير الرعب والدم،,ثانيًا، هو ما شافش من وراه غير الرعب والدم،
وإحساس دائم بعدم الأمان،,واحساس دايم بعدم الامان،
وإنه ممكن في أي لحظة يتقتل!,وانه ممكن في اي لحظه يتقتل!
"لو كان ""بطرس"" يطول إنه يهاجر برة ""روسيا"" كلها، ويروح ""أوروبا""،","لو كان ""بطرس"" يطول انه يهاجر بره ""روسيا"" كلها، ويروح ""اوروبا""،"
كان بالفعل عمل كدا،,كان بالفعل عمل كدا،
"ولكنه كان محظوظ إنه يقضّي طفولته في مكان أقرب لـ""أوروبا"" من ""روسيا""،","ولكنه كان محظوظ انه يقضّي طفولته في مكان اقرب ل""اوروبا"" من ""روسيا""،"
ما يسمى بالـGerman Quarter،,ما يسمي بال ،
دا ghetto صغير كدا كان عمله أبوه القيصر،,دا صغير كدا كان عمله ابوه القيصر،
"حي بسيط برة ""موسكو""،","حي بسيط بره ""موسكو""،"
"كان عامله ""لإقامة الديبلوماسيين والتجار الأجانب اللي موجودين عندنا.""","كان عامله ""لاقامه الديبلوماسيين والتجار الاجانب اللي موجودين عندنا."""
لأن مثلًا كان عندهم عادات زي شرب السجاير,لان مثلًا كان عندهم عادات زي شرب السجاير
بيلبسوا قُبّاعات، بيحلقوا دقنهم،,بيلبسوا قُبّاعات، بيحلقوا دقنهم،
"عادات، زي ما تقول كدا وقتها، كانت غريبة على أهل ""موسكو""،","عادات، زي ما تقول كدا وقتها، كانت غريبه علي اهل ""موسكو""،"
"ما ينفعش أهل ""موسكو"" يشوفوا الناس لابسة برانيط وحالقة دقنها!","ما ينفعش اهل ""موسكو"" يشوفوا الناس لابسه برانيط وحالقه دقنها!"
ظهور الحاجات دي للشعب كان بيعمل مشاكل في هذا الوقت.,ظهور الحاجات دي للشعب كان بيعمل مشاكل في هذا الوقت.
وفي الوقت اللي البروتوكول كان بيقول فيه إن القيصر يجب إن هو يتعلّم في الكنيسة،,وفي الوقت اللي البروتوكول كان بيقول فيه ان القيصر يجب ان هو يتعلّم في الكنيسه،
"فـ""بطرس"" المُراهق هياخد كل تعليمه من الأجانب اللي نشأ وسطهم،","ف""بطرس"" المُراهق هياخد كل تعليمه من الاجانب اللي نشا وسطهم،"
الديبلوماسيين، التجار، المحاربين،,الديبلوماسيين، التجار، المحاربين،
"زي مثلًا، الأسكتلندي ""باتريك جوردون""،","زي مثلًا، الاسكتلندي ""باتريك جوردون""،"
اللي خدم في البلاط الروسي،,اللي خدم في البلاط الروسي،
"وقرر إن هو يعلّم ""بطرس"" علوم السياسة والحرب.","وقرر ان هو يعلّم ""بطرس"" علوم السياسه والحرب."
"كمان في الـGerman Quarter، اللي حكيتلك عنه، اللي ""بطرس"" نشأ فيه،","كمان في ال ، اللي حكيتلك عنه، اللي ""بطرس"" نشا فيه،"
"هيعرف إن العالم أكبر بكتير من ""روسيا""،","هيعرف ان العالم اكبر بكتير من ""روسيا""،"
وهيعرف أسوأ حقيقة ممكن يعرفها قيصر عن بلده،,وهيعرف اسوا حقيقه ممكن يعرفها قيصر عن بلده،
الأجانب هيقولوله إن بلدك بقالها كتير ما نزلّهاش update،,الاجانب هيقولوله ان بلدك بقالها كتير ما نزلّهاش ،
"""احنا لمّا بنيجي (روسيا)، بنحس إن احنا رجعِنا بالزمن،","""احنا لمّا بنيجي روسيا ، بنحس ان احنا رجعِنا بالزمن،"
"""روسيا"" أكبر بلد في العالم، سكانها أكبر من 8 مليون في الوقت دا،","""روسيا"" اكبر بلد في العالم، سكانها اكبر من 8 مليون في الوقت دا،"
إلا إنها لا زالت إمبراطورية عايشة في عصور الظلام،,الا انها لا زالت امبراطوريه عايشه في عصور الظلام،
"الكنيسة بتسيطر على كل حاجة في ""روسيا""،","الكنيسه بتسيطر علي كل حاجه في ""روسيا""،"
ما فيش لا صُحُف ولا جامعات ولا كُتُب،,ما فيش لا صُحُف ولا جامعات ولا كُتُب،
"موضوع بقى النهضة والثورة العلمية اللي غيّرت ""أوروبا"" في القرن الـ17 دا،","موضوع بقي النهضه والثوره العلميه اللي غيّرت ""اوروبا"" في القرن ال17 دا،"
ما جالهومش، ما عدّاش عليهم كخبر.,ما جالهومش، ما عدّاش عليهم كخبر.
عشان كدا، كان سهل إن الأجانب دُول ينعزلوا في الـghetto،,عشان كدا، كان سهل ان الاجانب دُول ينعزلوا في ال ،
الحي دا، اللي بناه القيصر اللي قبل كدا،,الحي دا، اللي بناه القيصر اللي قبل كدا،
"هناك، الدنيا مختلفة شوية عن ""موسكو""، بتسمح بالحاجات دي.","هناك، الدنيا مختلفه شويه عن ""موسكو""، بتسمح بالحاجات دي."
"كلام الأجانب وتعليمهم ليه، هيزوّد كُره ""بطرس"" لـ""موسكو""،","كلام الاجانب وتعليمهم ليه، هيزوّد كُره ""بطرس"" ل""موسكو""،"
"وكمان، هيزوّد من اشتياقه إن ""إيه دا؟!","وكمان، هيزوّد من اشتياقه ان ""ايه دا"
طب إيه بقى اللي بيحصل برة (موسكو) وبرة (روسيا)؟!,طب ايه بقي اللي بيحصل بره موسكو وبره روسيا
نفتح باب الـ(فريزر)، نشوف برة، العالم بيقول إيه!,نفتح باب ال فريزر ، نشوف بره، العالم بيقول ايه!
"أنا سمعت إن فيه اختراعات وعلوم بتظهر، وحياة ما حدش شافها قبل كدا.""","انا سمعت ان فيه اختراعات وعلوم بتظهر، وحياه ما حدش شافها قبل كدا."""
في مرة، يا عزيزي، هيشوف مَركِب إنجليزي متكسّر،,في مره، يا عزيزي، هيشوف مَركِب انجليزي متكسّر،
هيروح مصلّح المركِب، ويجمّعه على بعضه ويُبحِر بيه،,هيروح مصلّح المركِب، ويجمّعه علي بعضه ويُبحِر بيه،
المركب دي، يا عزيزي، لحد النهاردة,المركب دي، يا عزيزي، لحد النهارده
"محفوظة في المتحف البحري في ""سان بطرسبرج""، باسم...","محفوظه في المتحف البحري في ""سان بطرسبرج""، باسم"
"""جِدّة البَحَرية الروسية""، هذه المَركِب.","""جِدّه البَحَريه الروسيه""، هذه المَركِب."
"بسبب المَركِب دا، ""بطرس"" هيقرر إن هو يغيّر تمامًا هدف حياته،","بسبب المَركِب دا، ""بطرس"" هيقرر ان هو يغيّر تمامًا هدف حياته،"
"""أنا عايز أبني سفينة تعدّي المحيطات،","""انا عايز ابني سفينه تعدّي المحيطات،"
وتكسر عُزلة هذه الإمبراطورية المتخلفة،,وتكسر عُزله هذه الامبراطوريه المتخلفه،
"اللي لسة ما يعرفوش الـ(بايب)!""","اللي لسه ما يعرفوش ال بايب !"""
"على حسب كلام المؤرخ ""دومينيك ساندبروك""،","علي حسب كلام المورخ ""دومينيك ساندبروك""،"
"رغبة ""بطرس"" النفسية في إنه يهرب ويطلع برة ""روسيا""","رغبه ""بطرس"" النفسيه في انه يهرب ويطلع بره ""روسيا"""
"هتقابل برضه رغبته في إنه يغيّر المكان اللي شاف فيه ""تروما"" الطفولة،","هتقابل برضه رغبته في انه يغيّر المكان اللي شاف فيه ""تروما"" الطفوله،"
هيبدأ يتعلّم بشكل مكثف الملاحة والإبحار،,هيبدا يتعلّم بشكل مكثف الملاحه والابحار،
حتى لو كانت بدايات صغيرة كدا على الضيّق، بيتعلّم في الأنهار والبحيرات.,حتي لو كانت بدايات صغيره كدا علي الضيّق، بيتعلّم في الانهار والبحيرات.
"وبمساعدة ""باتريك جوردون""، المعلّم، اللي حكيتلك عنه،","وبمساعده ""باتريك جوردون""، المعلّم، اللي حكيتلك عنه،"
هيشكّل ما يُعرف بالـPlay Troops،,هيشكّل ما يُعرف بال ،
أبناء النبلاء والموظفين،,ابناء النبلاء والموظفين،
وبعض المراهقين الكتير اللي من نفس الجيل بتاعه،,وبعض المراهقين الكتير اللي من نفس الجيل بتاعه،
"هيتقالّهم إن ""القيصر بتاعنا حابب إن هو يعمل جيش عشان يلعب، عشان يجرب،","هيتقالّهم ان ""القيصر بتاعنا حابب ان هو يعمل جيش عشان يلعب، عشان يجرب،"
احنا بنـ(كَريِت) game (بابجي)،,احنا بن كَريِت بابجي ،
"بنعمل (كاونتر سترايك) للإمبراطور، عشان يتعلم.""","بنعمل كاونتر سترايك للامبراطور، عشان يتعلم."""
طبعًا، المراهقين هيحبوا إن هُما يلعبوا ألعاب حرب،,طبعًا، المراهقين هيحبوا ان هُما يلعبوا العاب حرب،
وكمان، عشان يلعبوا مع القيصر، فالموضوع هيبقى high budget، مصروف عليه،,وكمان، عشان يلعبوا مع القيصر، فالموضوع هيبقي ، مصروف عليه،
هيجيبلهم بقى أزياء حقيقية وأحصنة وسيوف بجد،,هيجيبلهم بقي ازياء حقيقيه واحصنه وسيوف بجد،
"""هنعمل Game لـAge of Empires! قيصر وحرامية!""","""هنعمل ل ! قيصر وحراميه!"""
"""(أبو حميد)، أنا حاسس، بصراحة، إن انت برنامجك ميّع،",""" ابو حميد ، انا حاسس، بصراحه، ان انت برنامجك ميّع،"
بتتكلم على تُرّاهات،,بتتكلم علي تُرّاهات،
القيصر لمّا يقعد يلعبلي ألعاب حروب، دا هيفيده في إيه؟!,القيصر لمّا يقعد يلعبلي العاب حروب، دا هيفيده في ايه
"ما هو (صوفيا) قاعدة في الـ""كريملين"" مسيطرة على الحُكم.""","ما هو صوفيا قاعده في ال""كريملين"" مسيطره علي الحُكم."""
يا عزيزي، ما هو اللعب دا إيه غير وسيلة للتعلُّم؟,يا عزيزي، ما هو اللعب دا ايه غير وسيله للتعلُّم؟
level 1، بنلعب.,1، بنلعب.
level 2، بنعمل ثورات.,2، بنعمل ثورات.
level 3، بنعلن حروب.,3، بنعلن حروب.
level 4، نحن حُكام العالم، عندنا إمبراطوريات.,4، نحن حُكام العالم، عندنا امبراطوريات.
بتبدأ كدا، يا عزيزي.,بتبدا كدا، يا عزيزي.
الجيش اللي بدأ بجيش مراهقين بيلعب لعب عيال،,الجيش اللي بدا بجيش مراهقين بيلعب لعب عيال،
"هيتشكّل منه سنة 1687 ما يُعرف بـ""أفواج الحرس""،","هيتشكّل منه سنه 1687 ما يُعرف ب""افواج الحرس""،"
دُول هيبقوا نواة جيش روسي جديد،,دُول هيبقوا نواه جيش روسي جديد،
"ما فيهوش Streltsy، ولا ولاؤه لـ""صوفيا"" في الـ""كريملين""،","ما فيهوش ، ولا ولاوه ل""صوفيا"" في ال""كريملين""،"
جيش بيدين للولاء لصاحب الكورة اللي كان بيلعّبنا،,جيش بيدين للولاء لصاحب الكوره اللي كان بيلعّبنا،
Peter The Great.,.
وسنة 1689، هتحصل، يا عزيزي، مواجهة قوية جدًا،,وسنه 1689، هتحصل، يا عزيزي، مواجهه قويه جدًا،
مواجهة بين مراهق حالم عنده 17 سنة،,مواجهه بين مراهق حالم عنده 17 سنه،
وأخت مكّارة وداهية بقالها سنين وسنين عايزة تقتله.,واخت مكّاره وداهيه بقالها سنين وسنين عايزه تقتله.
"""صوفيا"" عارفة كويس أوي، يا عزيزي، إن كل ما ""بطرس"" بيكبر،","""صوفيا"" عارفه كويس اوي، يا عزيزي، ان كل ما ""بطرس"" بيكبر،"
كل ما خطره بيزيد على وجودها في الحُكم.,كل ما خطره بيزيد علي وجودها في الحُكم.
في أغسطس 1689،,في اغسطس 1689،
"""صوفيا"" هتقود مسيرة استعراض قوة،","""صوفيا"" هتقود مسيره استعراض قوه،"
"وهتاخد قوات الـStreltsy وهتخرج بيهم لشوارع ""موسكو""،","وهتاخد قوات ال وهتخرج بيهم لشوارع ""موسكو""،"
ولكنها، يا عزيزي، هتتفاجئ بحاجة غريبة،,ولكنها، يا عزيزي، هتتفاجي بحاجه غريبه،
"""بطرس"" بيتحرك في نفس الشوارع، وبيقابلها بجيش الـPlay Troops،","""بطرس"" بيتحرك في نفس الشوارع، وبيقابلها بجيش ال ،"
فاكر الجيش اللي كان بيلعب بيه؟,فاكر الجيش اللي كان بيلعب بيه؟
أهو فريق الناشئين دلوقتي هيحارب.,اهو فريق الناشيين دلوقتي هيحارب.
"استعراض ""صوفيا"" بيتقلب عليها،","استعراض ""صوفيا"" بيتقلب عليها،"
هنا، الطبقة الحاكمة شافت قُدّامها شاب قوي وسيم عنده طموح عسكري،,هنا، الطبقه الحاكمه شافت قُدّامها شاب قوي وسيم عنده طموح عسكري،
وعنده جيش حقيقي.,وعنده جيش حقيقي.
فجأة هنا، بيدركوا الحقيقة،,فجاه هنا، بيدركوا الحقيقه،
"""عندنا واحدة ست هنا ما عندهاش شرعية،","""عندنا واحده ست هنا ما عندهاش شرعيه،"
مجرد واصية على أخ مريض،,مجرد واصيه علي اخ مريض،
وفي الكفة التانية، شاب حالم معاه جيش جاهز،,وفي الكفه التانيه، شاب حالم معاه جيش جاهز،
"عمل كل دا وهو بعيد عن القصر وبعيد عن كل الدعم.""","عمل كل دا وهو بعيد عن القصر وبعيد عن كل الدعم."""
"يمكن من كام سنة كانت كفّة ""صوفيا"" أتقل،","يمكن من كام سنه كانت كفّه ""صوفيا"" اتقل،"
"ولكن دلوقتي ""بطرس"" بقى مستوفي كل شروط الحاكم،","ولكن دلوقتي ""بطرس"" بقي مستوفي كل شروط الحاكم،"
مش من مصلحة أي حد إنه يبعد أكتر من كدا عن العرش.,مش من مصلحه اي حد انه يبعد اكتر من كدا عن العرش.
"النبلاء بالتدريج هيبدأوا يبعدوا عن مسيرة ""صوفيا"" خالص،","النبلاء بالتدريج هيبداوا يبعدوا عن مسيره ""صوفيا"" خالص،"
"و""بطرس"" هيدخل ""موسكو"" في موكب منتصر،","و""بطرس"" هيدخل ""موسكو"" في موكب منتصر،"
وعشرات من الـStreltsy هييجوا راكعين طالبين مغفرته،,وعشرات من ال هييجوا راكعين طالبين مغفرته،
"""بطرس""، يا عزيزي، هيقوم رايح الـ""كريملين"" وهيحضن أخوه ""إيفان""،","""بطرس""، يا عزيزي، هيقوم رايح ال""كريملين"" وهيحضن اخوه ""ايفان""،"
وهيقوم لابس لبس القيصر ويحيّي الجماهير على مَدخَل القصر،,وهيقوم لابس لبس القيصر ويحيّي الجماهير علي مَدخَل القصر،
القصر، يا عزيزي، اللي كان موجود فيه,القصر، يا عزيزي، اللي كان موجود فيه
بيشهد على مذبحة حصلت لمُعلّمه وحصلت لأهله وناسه.,بيشهد علي مذبحه حصلت لمُعلّمه وحصلت لاهله وناسه.
"""بيتر""، يا عزيزي، هيستغل الفرصة والزخم،","""بيتر""، يا عزيزي، هيستغل الفرصه والزخم،"
"عشان يبعد ""صوفيا"" عن الحُكم،","عشان يبعد ""صوفيا"" عن الحُكم،"
"هيبعتها على دير ""نوفوديفيتشي""،","هيبعتها علي دير ""نوفوديفيتشي""،"
الدير اللي أي ست بتروحه، بتروحه عشان تعتزل العالم تمامًا.,الدير اللي اي ست بتروحه، بتروحه عشان تعتزل العالم تمامًا.
"وهنا، يا عزيزي، ""بطرس"" بيصبح القيصر الحقيقي،","وهنا، يا عزيزي، ""بطرس"" بيصبح القيصر الحقيقي،"
قيصر مختلف بتكوين وتعليم ما حصلش لأي قيصر قبله،,قيصر مختلف بتكوين وتعليم ما حصلش لاي قيصر قبله،
ما بقاش تحت إيده جيش لعبة أو مَركِب قديمة،,ما بقاش تحت ايده جيش لعبه او مَركِب قديمه،
لأ، دا كل إمكانيات الإمبراطورية العملاقة دي بقت مُسخّرة تحت إيده،,لا، دا كل امكانيات الامبراطوريه العملاقه دي بقت مُسخّره تحت ايده،
الإمبراطورية اللي هو لسة لحد دلوقتي بيكره كل تفصيلة في نظام إدارتها.,الامبراطوريه اللي هو لسه لحد دلوقتي بيكره كل تفصيله في نظام ادارتها.
"وبالرغم من إنه بقى حاكم ""روسيا""،","وبالرغم من انه بقي حاكم ""روسيا""،"
إلا إنه مش مكتفي بيها، وبيحلم بالعالم اللي برة هذه الحدود.,الا انه مش مكتفي بيها، وبيحلم بالعالم اللي بره هذه الحدود.
أحسن حاجة، يا عزيزي، في أحلام أي قيصر أو زعيم عظيم إنها غالبًا بتتحقق،,احسن حاجه، يا عزيزي، في احلام اي قيصر او زعيم عظيم انها غالبًا بتتحقق،
القيصر بيحلم إن هو يبني سُفُن عملاقة تخرج للمحيطات،,القيصر بيحلم ان هو يبني سُفُن عملاقه تخرج للمحيطات،
هنقولّه لأ؟ اللي يقدر يقولّه لأ، يتفضل!,هنقولّه لا؟ اللي يقدر يقولّه لا، يتفضل!
إلا إن عكس ناس تانية، الطبيعة الجغرافية والمناخية ما ساعدتهوش،,الا ان عكس ناس تانيه، الطبيعه الجغرافيه والمناخيه ما ساعدتهوش،
الراجل، يا عزيزي، عنده مشكلة،,الراجل، يا عزيزي، عنده مشكله،
وهي إن بلده ما عندهاش بحر،,وهي ان بلده ما عندهاش بحر،
"""روسيا"" بتطل بشكل مباشر على الـArctic Ocean،","""روسيا"" بتطل بشكل مباشر علي ال ،"
ودا، يا فرحتي بيه، محيط متجمد طول السنة!,ودا، يا فرحتي بيه، محيط متجمد طول السنه!
"""خُد بالك، يا (أبو حميد)، في الجنوب، فيه (بحر أسود)،","""خُد بالك، يا ابو حميد ، في الجنوب، فيه بحر اسود ،"
"ما قلتهوش ليه؟ ولّا انت عنصري؟!""","ما قلتهوش ليه؟ ولّا انت عنصري """
"والله، يا عزيزي، ""البحر الأسود"" أولًا، بحر local كدا، almost بحيرة،","والله، يا عزيزي، ""البحر الاسود"" اولًا، بحر كدا، بحيره،"
ثانيًا، كان فيه قوة عُظمى تانية مسيطرة عليه، العثمانيين.,ثانيًا، كان فيه قوه عُظمي تانيه مسيطره عليه، العثمانيين.
"لو بصوا فوق في الشمال، هيلاقوا: ""إيه دا؟! فيه (بحر البلطيق)!""","لو بصوا فوق في الشمال، هيلاقوا: ""ايه دا فيه بحر البلطيق !"""
"بس دا، للأسف، مسيطرة عليه ""السويد""،","بس دا، للاسف، مسيطره عليه ""السويد""،"
اللي هُما ورثة Vikings،,اللي هُما ورثه ،
"ودُول مصنفين أنهم من أقوى ممالك ""أوروبا"".","ودُول مصنفين انهم من اقوي ممالك ""اوروبا""."
"""بطرس""، يا عزيزي، لقى إمبراطوريته...","""بطرس""، يا عزيزي، لقي امبراطوريته"
إمبراطورية قِبلي!,امبراطوريه قِبلي!
"""روسيا"" محرومة من أي مَنفَذ على المياه الأوروبية،","""روسيا"" محرومه من اي مَنفَذ علي المياه الاوروبيه،"
"""لا عارفين نعمل صفقات تجارية،","""لا عارفين نعمل صفقات تجاريه،"
ولا عارفين نطلع طلعات غزو،,ولا عارفين نطلع طلعات غزو،
"ولا حتى عارفين نجيب جمبري!""","ولا حتي عارفين نجيب جمبري!"""
"انت محتاج مينا أو شبّاك تطل بيه كـ""روسيا"" على العالم الحديث،","انت محتاج مينا او شبّاك تطل بيه ك""روسيا"" علي العالم الحديث،"
"وفي سنة 1659، ""بيتر"" هيحدد هدفه،","وفي سنه 1659، ""بيتر"" هيحدد هدفه،"
"وهو حصن ""آزوف"" التركي،","وهو حصن ""ازوف"" التركي،"
"الحصن دا، لو قدِر يحتله، دا هيفتحله مَنفَذ على ""البحر الأسود""،","الحصن دا، لو قدِر يحتله، دا هيفتحله مَنفَذ علي ""البحر الاسود""،"
"ومنه، إن شاء الله، يفتح كمان مَنفَذ على ""البحر المتوسط"".","ومنه، ان شاء الله، يفتح كمان مَنفَذ علي ""البحر المتوسط""."
كمان، الحرب على العثمانيين، بصراحة، مُبرَرة،,كمان، الحرب علي العثمانيين، بصراحه، مُبرَره،
"لأن ""روسيا"" في هذا الوقت انضمت إلى ما يُسمّى بالـHoly League،","لان ""روسيا"" في هذا الوقت انضمت الي ما يُسمّي بال ،"
"دا تحالف عمله البابا ""إنوسينت الـ11""،","دا تحالف عمله البابا ""انوسينت ال11""،"
"وضم فيه إمبراطوريات مسيحية، زي ""النمسا""، زي ""روسيا""،","وضم فيه امبراطوريات مسيحيه، زي ""النمسا""، زي ""روسيا""،"
ضد الإمبراطورية العثمانية المسلمة.,ضد الامبراطوريه العثمانيه المسلمه.
"""بطرس"" حاصر بجيشه ""آزوف""،","""بطرس"" حاصر بجيشه ""ازوف""،"
إلا إنه اتفاجئ إن العثمانيين بيدعموا الحصن وبيموّنوه،,الا انه اتفاجي ان العثمانيين بيدعموا الحصن وبيموّنوه،
بالسُفُن اللي جاية من البحر.,بالسُفُن اللي جايه من البحر.
شايف بقى هنا ميزة إن يبقى عندك بحر؟,شايف بقي هنا ميزه ان يبقي عندك بحر؟
"على الناحية التانية، ""بطرس"" قواته لسة بدائية،","علي الناحيه التانيه، ""بطرس"" قواته لسه بداييه،"
ما معاهاش أسطول يقدر يعترض أي حاجة،,ما معاهاش اسطول يقدر يعترض اي حاجه،
"عشان كدا، هجوم ""بيتر"" على العثمانيين فشل.","عشان كدا، هجوم ""بيتر"" علي العثمانيين فشل."
ولكنه ربّى جواه عناد مرعب،,ولكنه ربّي جواه عناد مرعب،
عناد خلّاه يخلّي 30 ألف عامل يشتغلوا على السُفُن،,عناد خلّاه يخلّي 30 الف عامل يشتغلوا علي السُفُن،
"""احنا لازم يبقى عندنا بَحَرية!""","""احنا لازم يبقي عندنا بَحَريه!"""
وفي 5 شهور بس، بيقدر يبني أسطول،,وفي 5 شهور بس، بيقدر يبني اسطول،
ووصل بيه الحصن سنة 1696،,ووصل بيه الحصن سنه 1696،
ورمى سهم فيه رسالة واحدة،,ورمي سهم فيه رساله واحده،
"""الاستسلام، أو الحرب.""","""الاستسلام، او الحرب."""
العثمانيين بيرفضوا إن هُما يستسلموا، عشان تبدأ هنا حرب شرسة جدًا،,العثمانيين بيرفضوا ان هُما يستسلموا، عشان تبدا هنا حرب شرسه جدًا،
"حرب وقف فيها ""بطرس"" في الصفوف الأمامية،","حرب وقف فيها ""بطرس"" في الصفوف الاماميه،"
وفي أولى معاركه البحرية،,وفي اولي معاركه البحريه،
القيصر الشاب بينتصر على قوة عُظمى،,القيصر الشاب بينتصر علي قوه عُظمي،
وأخيرًا، بيحقق حلم حياته، وينتزع مينا على الميّه المفتوحة.,واخيرًا، بيحقق حلم حياته، وينتزع مينا علي الميّه المفتوحه.
قبل، يا عزيزي، ما تفرح وترقص،,قبل، يا عزيزي، ما تفرح وترقص،
خلّيني أقولّك، يا عزيزي، إن دا كان مجرد انتصار معنوي، مش أكتر.,خلّيني اقولّك، يا عزيزي، ان دا كان مجرد انتصار معنوي، مش اكتر.
"""أيوة يا (أبو حميد)، أنا عارفه الانتصار المعنوي دا،","""ايوه يا ابو حميد ، انا عارفه الانتصار المعنوي دا،"
"يعني، زي ما انت بتنتصر عليا كدا.""","يعني، زي ما انت بتنتصر عليا كدا."""
لأ، يا عزيزي، أنا ما بَنتصرش عليك معنويًا،,لا، يا عزيزي، انا ما بَنتصرش عليك معنويًا،
أنا بنتصر عليك وهميًا، انت مش موجود،,انا بنتصر عليك وهميًا، انت مش موجود،
أنا بَكسَب حد مش موجود!,انا بَكسَب حد مش موجود!
معنويًا دا، انت كسبت حد موجود، بس ما كسبتهوش أوي.,معنويًا دا، انت كسبت حد موجود، بس ما كسبتهوش اوي.
في حالتك انت، أنا حاربت حد مش موجود، وبرضه، ما انتصرتش!,في حالتك انت، انا حاربت حد مش موجود، وبرضه، ما انتصرتش!
أنا مثير للشفقة!,انا مثير للشفقه!
"""خلاص يا (أبو حميد)، هنكرمشلك نُص دعم في التعليقات!","""خلاص يا ابو حميد ، هنكرمشلك نُص دعم في التعليقات!"
"كمّل! كمّل، أبوس إيدك!""","كمّل! كمّل، ابوس ايدك!"""
الراجل، يا عزيزي، صحيح خد 3 نقط، ولكن المجموعة لسة كبيرة،,الراجل، يا عزيزي، صحيح خد 3 نقط، ولكن المجموعه لسه كبيره،
العثمانيين بعد ما شافوا قوّته وخطره،,العثمانيين بعد ما شافوا قوّته وخطره،
"مستحيل يسيبوه يعدّي من ""البحر الأسود"" لـ""البحر المتوسط""،","مستحيل يسيبوه يعدّي من ""البحر الاسود"" ل""البحر المتوسط""،"
"""مش هو كسب مينا؟ خلاص، خلّيه متحاصر فيها.""","""مش هو كسب مينا؟ خلاص، خلّيه متحاصر فيها."""
"وفي نفس سنة انتصار القيصر، بيموت الأخ ""إيفان""،","وفي نفس سنه انتصار القيصر، بيموت الاخ ""ايفان""،"
فاكر؟ أخوه المريض.,فاكر؟ اخوه المريض.
ورغم من إن وجوده أصلًا من الأول كان وجود شكلي،,ورغم من ان وجوده اصلًا من الاول كان وجود شكلي،
"فكل أنظار الكنيسة والنبلاء راحت ناحية ""بطرس""،","فكل انظار الكنيسه والنبلاء راحت ناحيه ""بطرس""،"
"""بس المرادي مش رايحاله ببصة الحاكم اللي عايزينه يقودنا،","""بس المرادي مش رايحاله ببصه الحاكم اللي عايزينه يقودنا،"
لأ، احنا رايحين هنا نوجّهه،,لا، احنا رايحين هنا نوجّهه،
بقولّك إيه، انت قيصر إمبراطورية عملاقة،,بقولّك ايه، انت قيصر امبراطوريه عملاقه،
مكانك، تقعد في الـ(كريملين) تدير شؤونه، وآخرك مؤامرات بلاط،,مكانك، تقعد في ال كريملين تدير شوونه، واخرك موامرات بلاط،
إنما حروب عجيبة مع قوى عُظمى وأساطير ورحّالة،,انما حروب عجيبه مع قوي عُظمي واساطير ورحّاله،
وعاملّي فيها (ابن بطوطة)،,وعاملّي فيها ابن بطوطه ،
"لا اركَزلي يا عم (ماجلان)، هه! اركَز!""","لا اركَزلي يا عم ماجلان ، هه! اركَز!"""
"اللي بيحصل إن في أول سنة لـ""بطرس"" وهو على عرش ""روسيا""","اللي بيحصل ان في اول سنه ل""بطرس"" وهو علي عرش ""روسيا"""
هياخد، يا عزيزي، أغرب قرار ممكن ياخده حاكم.,هياخد، يا عزيزي، اغرب قرار ممكن ياخده حاكم.
بعد أسبوع من انتصار القيصر على العثمانيين،,بعد اسبوع من انتصار القيصر علي العثمانيين،
هيروح القيصر مفاجئ البلاط بقرار جديد،,هيروح القيصر مفاجي البلاط بقرار جديد،
هيعلن عن تشكيل بعثة ديبلوماسية,هيعلن عن تشكيل بعثه ديبلوماسيه
بتضم 250 من سفراء ونبلاء ومترجمين،,بتضم 250 من سفراء ونبلاء ومترجمين،
"بعثة هتلفّ غرب ""أوروبا"" بالكامل،","بعثه هتلفّ غرب ""اوروبا"" بالكامل،"
بيعمل، زي ما تقول كدا، PR campaign،,بيعمل، زي ما تقول كدا، ،
هدفها إنها تساعده إنه يلاقي حلفاء يحاربوا معاه الأتراك.,هدفها انها تساعده انه يلاقي حلفاء يحاربوا معاه الاتراك.
لحد هنا، الدنيا ماشية حلاوة، تفكير ديبلوماسي ظريف.,لحد هنا، الدنيا ماشيه حلاوه، تفكير ديبلوماسي ظريف.
المفاجأة، يا عزيزي، هتيجي،,المفاجاه، يا عزيزي، هتيجي،
"لمّا الـ""كريملين"" يتفاجئ إن ""بطرس"" بنفسه مسافر مع البعثة،","لمّا ال""كريملين"" يتفاجي ان ""بطرس"" بنفسه مسافر مع البعثه،"
"""حضرتك، ما فيش قيصر في التاريخ ساب (موسكو) قبل كدا،","""حضرتك، ما فيش قيصر في التاريخ ساب موسكو قبل كدا،"
إلا لو كان خارج عشان يحارب،,الا لو كان خارج عشان يحارب،
"القيصر مكانه على العرش، مكان مقدس!""","القيصر مكانه علي العرش، مكان مقدس!"""
"خُد بالك، يا عزيزي، نحن هنا نتكلم عن حلم ""بطرس""، وليس حلم القيصر،","خُد بالك، يا عزيزي، نحن هنا نتكلم عن حلم ""بطرس""، وليس حلم القيصر،"
"هنا، القيصر يعمل لدى ""بطرس""،","هنا، القيصر يعمل لدي ""بطرس""،"
"القيصر بيحقق أحلام ""بطرس""، مش العكس.","القيصر بيحقق احلام ""بطرس""، مش العكس."
"""بطرس"" من وهو صغير، كان بيحلم إن هو يلفّ العالم،","""بطرس"" من وهو صغير، كان بيحلم ان هو يلفّ العالم،"
"يشوف العالم اللي برة ""روسيا"" دا،","يشوف العالم اللي بره ""روسيا"" دا،"
ينهي عزلة إمبراطوريته دي،,ينهي عزله امبراطوريته دي،
عشان كدا، هياخد حاشية كاملة، 250 شخص،,عشان كدا، هياخد حاشيه كامله، 250 شخص،
كأنهم بالظبط الحملة الفرنسية،,كانهم بالظبط الحمله الفرنسيه،
بس دي حملة هدفها الحقيقي بجد بقى,بس دي حمله هدفها الحقيقي بجد بقي
"إن هُما يسجلوا كل العلوم اللي هيقابلوها، ويرجعوا بيها لـ""روسيا"".","ان هُما يسجلوا كل العلوم اللي هيقابلوها، ويرجعوا بيها ل""روسيا""."
وفي سنة 1697، بتنطلق The Grand Embassy،,وفي سنه 1697، بتنطلق ،
والنبلاء بيشوفوا قُدّامهم أغرب قيصر في التاريخ،,والنبلاء بيشوفوا قُدّامهم اغرب قيصر في التاريخ،
"""بطرس"" هيقابل ملوك زي ""ويليام التالت"" في ""إنجلترا""،","""بطرس"" هيقابل ملوك زي ""ويليام التالت"" في ""انجلترا""،"
"و""أوجستس التاني"" في ""بولندا""،","و""اوجستس التاني"" في ""بولندا""،"
ولكن معظم رحلته هيكون متخفّي ومتنكر في شخصية رجُل عادي من العامة،,ولكن معظم رحلته هيكون متخفّي ومتنكر في شخصيه رجُل عادي من العامه،
"اسمه ""بيتر ميخائيليوف""،","اسمه ""بيتر ميخاييليوف""،"
"""أنا، يا جماعة، مش القيصر، لأ، أنا عم (بيتر ميخائيليوف).""","""انا، يا جماعه، مش القيصر، لا، انا عم بيتر ميخاييليوف ."""
"""بيتر""، يا عزيزي، هيعمل حاجة غريبة جدًا على أي قيصر،","""بيتر""، يا عزيزي، هيعمل حاجه غريبه جدًا علي اي قيصر،"
هيبقى، يا عزيزي، أول قيصر صنايعي،,هيبقي، يا عزيزي، اول قيصر صنايعي،
أول واحد هيطمع في كرسي الحُكم، مش كمنصب، لأ، كخشب!,اول واحد هيطمع في كرسي الحُكم، مش كمنصب، لا، كخشب!
هيروح، يا عزيزي، يشتغل نجّار، ويتعلم هذه الحِرفة،,هيروح، يا عزيزي، يشتغل نجّار، ويتعلم هذه الحِرفه،
"هيتعلّم في شركة ""(الهند) الشرقية الهولندية"".","هيتعلّم في شركه "" الهند الشرقيه الهولنديه""."
"ومرة تانية، هيروح يشتغل عامل في حوض ""ديبتفورد"" في ""إنجلترا""،","ومره تانيه، هيروح يشتغل عامل في حوض ""ديبتفورد"" في ""انجلترا""،"
عشان، يا عزيزي، يتعلّم هناك كل حاجة عن السُفُن.,عشان، يا عزيزي، يتعلّم هناك كل حاجه عن السُفُن.
خلّيني، يا عزيزي، أقولّك إن هدف البعثة سوف يفشل سياسيًا،,خلّيني، يا عزيزي، اقولّك ان هدف البعثه سوف يفشل سياسيًا،
"لأن ""إنجلترا"" و""بولندا"" مشغولين في أزمة عرش ""إسبانيا""،","لان ""انجلترا"" و""بولندا"" مشغولين في ازمه عرش ""اسبانيا""،"
الأزمة اللي هتتحول بعد كدا لحروب الخلافة الإسبانية،,الازمه اللي هتتحول بعد كدا لحروب الخلافه الاسبانيه،
"""ما حدش فاضي، يا حبيبي، يروح معاك مشوار العثمانيين دا!""","""ما حدش فاضي، يا حبيبي، يروح معاك مشوار العثمانيين دا!"""
"ولكن بالرغم من كدا، ""بطرس"" هيروح ""أوروبا"" ويتفرّج ويشوف اللي بيحصل،","ولكن بالرغم من كدا، ""بطرس"" هيروح ""اوروبا"" ويتفرّج ويشوف اللي بيحصل،"
ودا كان أهم مكسب من البعثة،,ودا كان اهم مكسب من البعثه،
"ملوك ""أوروبا"" هيشوفوا البعثة الروسية","ملوك ""اوروبا"" هيشوفوا البعثه الروسيه"
"""مجرد شوية ناس همج جايينلنا كدا يتفرّجوا علينا،","""مجرد شويه ناس همج جايينلنا كدا يتفرّجوا علينا،"
"ما بياكلوش بالشوكة والسكّينة، ما عندهومش (إتيكيت)!""","ما بياكلوش بالشوكه والسكّينه، ما عندهومش اتيكيت !"""
ولكن قُصاد احتقارهم دا،,ولكن قُصاد احتقارهم دا،
"""بطرس"" هتكون طاقته مختلفة تمامًا ناحيتهم،","""بطرس"" هتكون طاقته مختلفه تمامًا ناحيتهم،"
هيدرس علومهم بجوع شديد،,هيدرس علومهم بجوع شديد،
من أول، يا عزيزي، الصناعات الحربية لحد طِب الأسنان،,من اول، يا عزيزي، الصناعات الحربيه لحد طِب الاسنان،
تخيل إن انت عندك قائد هنا فرد,تخيل ان انت عندك قايد هنا فرد
بيتحرك لوحده، عشان ياخد معاه الإمبراطورية بتاعته،,بيتحرك لوحده، عشان ياخد معاه الامبراطوريه بتاعته،
بينقل إمبراطورية كاملة من عصور الظلام للعِلم.,بينقل امبراطوريه كامله من عصور الظلام للعِلم.
المشكلة، يا عزيزي، إن وانت خارج تستكشف العالم وتتعلّم عنه،,المشكله، يا عزيزي، ان وانت خارج تستكشف العالم وتتعلّم عنه،
فيه إمبراطورية انت سايبها، ما فيهاش قيصرها،,فيه امبراطوريه انت سايبها، ما فيهاش قيصرها،
الراجل القيصر سايب وراه إمبراطورية بتغلي،,الراجل القيصر سايب وراه امبراطوريه بتغلي،
"أي حد هيغطّي مكانه، هيقولّك: ""طب وليه ما أمسكهاش أنا؟","اي حد هيغطّي مكانه، هيقولّك: ""طب وليه ما امسكهاش انا؟"
"ما أنا اللي قاعد فيها، أنا اللي موجود.""","ما انا اللي قاعد فيها، انا اللي موجود."""
ودا تقريبًا اللي حصل،,ودا تقريبًا اللي حصل،
عشان نشوف في صباح 15 يوليو 1698،,عشان نشوف في صباح 15 يوليو 1698،
"رسالة بتقول إن قوات الـStreltsy بتزحف بأفواجها ناحية ""موسكو""،","رساله بتقول ان قوات ال بتزحف بافواجها ناحيه ""موسكو""،"
"ليه؟ ""هنخلع القيصر الشابّ","ليه؟ ""هنخلع القيصر الشابّ"
اللي سايب (روسيا)، ورايح يتصرمحلي في (أوروبا)،,اللي سايب روسيا ، ورايح يتصرمحلي في اوروبا ،
"سايب العرش، ورايح يشتغل عامل أو نجار؟!""","سايب العرش، ورايح يشتغل عامل او نجار """
"المشكلة، يا عزيزي، إن ""بطرس"" لمّا بيجيله هذا الخبر،","المشكله، يا عزيزي، ان ""بطرس"" لمّا بيجيله هذا الخبر،"
"بيقوم رادد وقايل: ""مسافة السِكّة.""","بيقوم رادد وقايل: ""مسافه السِكّه."""
إيه بقى المشكلة في الموضوع دا تحديدًا؟,ايه بقي المشكله في الموضوع دا تحديدًا؟
السِكّة!,السِكّه!
هنا، يا عزيزي، في عصر ما قبل الطيران، وما قبل العربيات،,هنا، يا عزيزي، في عصر ما قبل الطيران، وما قبل العربيات،
"بينك وبين ""موسكو"" آلاف الأميال،","بينك وبين ""موسكو"" الاف الاميال،"
فبالتالي، مستحيل يوصل في الوقت المناسب.,فبالتالي، مستحيل يوصل في الوقت المناسب.
ولكن هنا، بتجيله إيد العون،,ولكن هنا، بتجيله ايد العون،
بتظهر المعجزة في آخر وقت مستنيها،,بتظهر المعجزه في اخر وقت مستنيها،
"الأسكتلندي ""باتريك جوردون""،","الاسكتلندي ""باتريك جوردون""،"
حليفه القديم، ومُعلّمه اللي حكيتلك عنه،,حليفه القديم، ومُعلّمه اللي حكيتلك عنه،
"""باتريك"" بيظهر بقوّته العسكرية، عشان يقود جنود ""بطرس"" ويحررهم،","""باتريك"" بيظهر بقوّته العسكريه، عشان يقود جنود ""بطرس"" ويحررهم،"
"خَد الجنود اللي حاربوا مع ""بطرس"" في ""آزوف""،","خَد الجنود اللي حاربوا مع ""بطرس"" في ""ازوف""،"
"الجنود اللي ولاءهم لـ""بطرس""،","الجنود اللي ولاءهم ل""بطرس""،"
"فضلوا يزحفوا من كل ضواحي ""روسيا"" بيلبّوا النداء،","فضلوا يزحفوا من كل ضواحي ""روسيا"" بيلبّوا النداء،"
عشان يقفوا أمام الـStreltsy، ويهزمومهم.,عشان يقفوا امام ال ، ويهزمومهم.
"""بطرس"" بيوصل أخيرًا لـ""روسيا""،","""بطرس"" بيوصل اخيرًا ل""روسيا""،"
وبيقرر إن الفيلق الـStreltsy دا، اللي قتلوا أهله،,وبيقرر ان الفيلق ال دا، اللي قتلوا اهله،
وحاولوا ينقلبوا عليه مرة وهو صغير، ومرة وهو كبير،,وحاولوا ينقلبوا عليه مره وهو صغير، ومره وهو كبير،
كفاية أوي عليهم كدا!,كفايه اوي عليهم كدا!
"""طول ما هُما موجودين، أنا عرشي وحياتي في خطر!""","""طول ما هُما موجودين، انا عرشي وحياتي في خطر!"""
"وهنا، يا عزيزي، بيبدأ يظهرلنا جانب مظلم من ""بيتر""،","وهنا، يا عزيزي، بيبدا يظهرلنا جانب مظلم من ""بيتر""،"
"لمّا قدمتلك ""بيتر""، قدمتلك طفل شغوف بالمعرفة،","لمّا قدمتلك ""بيتر""، قدمتلك طفل شغوف بالمعرفه،"
شغوف بالسفر، عايز يستكشف ويشوف العالم،,شغوف بالسفر، عايز يستكشف ويشوف العالم،
ويرجع يبني بلده، عشان تبقى إمبراطورية قوية وسط الإمبراطوريات.,ويرجع يبني بلده، عشان تبقي امبراطوريه قويه وسط الامبراطوريات.
بس ضريبة حماس الطفولة مشاكل الطفولة،,بس ضريبه حماس الطفوله مشاكل الطفوله،
"""بيتر"" زي ما كان أسير لروح الطفل الفضولي،","""بيتر"" زي ما كان اسير لروح الطفل الفضولي،"
"فهو كان سجين الـ""تروما"" اللي حصلت قُدّام عينه،","فهو كان سجين ال""تروما"" اللي حصلت قُدّام عينه،"
وهنا، أخيرًا بيظهر الطفل اللي بيقرر إنه ينتقم من كل جروحه القديمة.,وهنا، اخيرًا بيظهر الطفل اللي بيقرر انه ينتقم من كل جروحه القديمه.
"""بيتر""، يا عزيزي، هيبني 14 أوضة تعذيب للـStreltsy،","""بيتر""، يا عزيزي، هيبني 14 اوضه تعذيب لل ،"
كل أسبوع، هيستجوبهم ويعذبهم بنفسه،,كل اسبوع، هيستجوبهم ويعذبهم بنفسه،
هيستخدم معاهم أبشع الطرُق المروعة،,هيستخدم معاهم ابشع الطرُق المروعه،
"""بيتر"" مثلًا كان عنده سوط، كرباج،","""بيتر"" مثلًا كان عنده سوط، كرباج،"
بينزع اللحم من الجِلد، كرباج بيسلُخ!,بينزع اللحم من الجِلد، كرباج بيسلُخ!
على حسب المصادر، الكرباج دا، يا عزيزي، كان بيقتل من 25 جَلدة بس،,علي حسب المصادر، الكرباج دا، يا عزيزي، كان بيقتل من 25 جَلده بس،
أكتر، يا عزيزي، من 1000 واحد ماتوا،,اكتر، يا عزيزي، من 10 واحد ماتوا،
بعضهم القيصر هو اللي قتلهم بإيده،,بعضهم القيصر هو اللي قتلهم بايده،
عرف في استجوابه ليهم,عرف في استجوابه ليهم
"إن خطتهم كانت إن هُما يرجّعوا ""صوفيا"" من الدير للعرش،","ان خطتهم كانت ان هُما يرجّعوا ""صوفيا"" من الدير للعرش،"
"فراح لحد الدير، المنفى اللي كان حاطط فيه ""صوفيا""،","فراح لحد الدير، المنفي اللي كان حاطط فيه ""صوفيا""،"
وجه، يا عزيزي، قُدّام أوضتها،,وجه، يا عزيزي، قُدّام اوضتها،
وقام معلّقلها جثث جنود الـStreltsy،,وقام معلّقلها جثث جنود ال ،
"""زي ما رصّيتي أهلي قُدّامي في مدخل القصر!""","""زي ما رصّيتي اهلي قُدّامي في مدخل القصر!"""
حَط كمان مع الجثث الورقة اللي كان موجود فيها الالتماس،,حَط كمان مع الجثث الورقه اللي كان موجود فيها الالتماس،
اللي المفروض كان يتقدم باسمها، عشان هي اللي ترجع الحُكم.,اللي المفروض كان يتقدم باسمها، عشان هي اللي ترجع الحُكم.
"في كتابه Peter The Great، هيقول ""روبرت ماسي""،","في كتابه ، هيقول ""روبرت ماسي""،"
"""بطرس"" مش بس اتعامل بالوحشية دي، عشان تاره القديم،","""بطرس"" مش بس اتعامل بالوحشيه دي، عشان تاره القديم،"
لأ، وإنما دي كانت رسالة للجميع،,لا، وانما دي كانت رساله للجميع،
"""أنا جادّ في مشروعي لتطوير (روسيا).""","""انا جادّ في مشروعي لتطوير روسيا ."""
الـStreltsy مش بس كانوا بيمثلوا تار شخصي عنده،,ال مش بس كانوا بيمثلوا تار شخصي عنده،
"لأ، دُول كانوا أكبر قوة محافظة ورجعية في ""روسيا""،","لا، دُول كانوا اكبر قوه محافظه ورجعيه في ""روسيا""،"
"فهنا، ""بطرس"" كان بيوصّل رسالة إن دا مصير أي حد هيقف أمام الحداثة،","فهنا، ""بطرس"" كان بيوصّل رساله ان دا مصير اي حد هيقف امام الحداثه،"
"وإن الوش الـ""كيوت"" وراه وش تاني مظلم.","وان الوش ال""كيوت"" وراه وش تاني مظلم."
"""بطرس"" كان لسة عايش في الصدمة، اللي شافها في ""أوروبا""،","""بطرس"" كان لسه عايش في الصدمه، اللي شافها في ""اوروبا""،"
"وراح مجمّع نبلاء ""روسيا"" حواليه،","وراح مجمّع نبلاء ""روسيا"" حواليه،"
"قالّهم: ""يا جدعان، احنا ما طِلعناش عايشين!","قالّهم: ""يا جدعان، احنا ما طِلعناش عايشين!"
برة، فيه حاجة اسمها (كوفي ميكس)،,بره، فيه حاجه اسمها كوفي ميكس ،
فيه مكرونة بشاميل، فيه شاي بحليب،,فيه مكرونه بشاميل، فيه شاي بحليب،
احنا ما كناش واعيين!,احنا ما كناش واعيين!
أنا أسمع على حاجة اسمها البيتزا، نُصها بطعم، والنُص التاني بطعم تاني!,انا اسمع علي حاجه اسمها البيتزا، نُصها بطعم، والنُص التاني بطعم تاني!
"أنا مبهور! خلّينا نطلع برة، نشوف الحداثة.""","انا مبهور! خلّينا نطلع بره، نشوف الحداثه."""
وراح، يا عزيزي، بعنف عمل حركة ثورية،,وراح، يا عزيزي، بعنف عمل حركه ثوريه،
وهي إنه يمسك موس، ويحلق دقونهم،,وهي انه يمسك موس، ويحلق دقونهم،
ومسك لبسهم وقام مقطّعه،,ومسك لبسهم وقام مقطّعه،
فالرجالة بقوا محلوقين وعرايا قُدّامه،,فالرجاله بقوا محلوقين وعرايا قُدّامه،
فراح آمرهم ينضّفوا نفسهم، ويلبسوا زِي الأوروبين.,فراح امرهم ينضّفوا نفسهم، ويلبسوا زِي الاوروبين.
النبلاء هنا، يا عزيزي، اتصدموا،,النبلاء هنا، يا عزيزي، اتصدموا،
اللحية عند الروس وعند الأرثوذكس دي حاجة مقدسة،,اللحيه عند الروس وعند الارثوذكس دي حاجه مقدسه،
دي شنب الصعايدة كدا، حلاقته حوار!,دي شنب الصعايده كدا، حلاقته حوار!
كانوا شايفين، يا عزيزي، إن الدقن دي هدية من الرب،,كانوا شايفين، يا عزيزي، ان الدقن دي هديه من الرب،
حلاقتها خطيئة!,حلاقتها خطييه!
ولكن بعد اللي الناس شافته من القيصر،,ولكن بعد اللي الناس شافته من القيصر،
ما حدش يقدر يعارض القيصر.,ما حدش يقدر يعارض القيصر.
الراجل جاهز ببرنامج تحديث وكولونيا aftershave،,الراجل جاهز ببرنامج تحديث وكولونيا ،
"محتاج بس مَنفذ لـ""روسيا"" على العالَم،","محتاج بس مَنفذ ل""روسيا"" علي العالَم،"
عشان يحقق كل أحلامه في بلده.,عشان يحقق كل احلامه في بلده.
"""بطرس"" رجع تاني يبص برة، ""عايزين نتوسع""،","""بطرس"" رجع تاني يبص بره، ""عايزين نتوسع""،"
الراجل كان متأكد إنه مش هيقدر يحارب الأتراك لوحده،,الراجل كان متاكد انه مش هيقدر يحارب الاتراك لوحده،
من غير أي حلفاء،,من غير اي حلفاء،
عشان كدا، بييجي سنة 1700، ويمضي معاهدة صُلح مع الأتراك،,عشان كدا، بييجي سنه 1700، ويمضي معاهده صُلح مع الاتراك،
من خلال معاهدة الصُلح دي، كان بيحاول يوصّل رسالة،,من خلال معاهده الصُلح دي، كان بيحاول يوصّل رساله،
"لمّا هيبعت بعثة ""روسيا"" الديبلوماسية، اللي المفروض تمضي المعاهدة،","لمّا هيبعت بعثه ""روسيا"" الديبلوماسيه، اللي المفروض تمضي المعاهده،"
لأول مرة هيبعتهم عن طريق البحر،,لاول مره هيبعتهم عن طريق البحر،
ليه؟ عشان يأكّد وهو بيمضي الاتفاقية,ليه؟ عشان ياكّد وهو بيمضي الاتفاقيه
إن دولته أصبحت قوة بَحَرية،,ان دولته اصبحت قوه بَحَريه،
"""وأنا مش هتراجع عن التوسع البحري، أنا مش هتحبس تاني!""","""وانا مش هتراجع عن التوسع البحري، انا مش هتحبس تاني!"""
"وبرغم إن ما حدش هيسمحله إنه يتوسع في ""البحر الأسود""،","وبرغم ان ما حدش هيسمحله انه يتوسع في ""البحر الاسود""،"
ولكن المعاهدة دي حافظتله على الحصن اللي هو كسبه من الأتراك،,ولكن المعاهده دي حافظتله علي الحصن اللي هو كسبه من الاتراك،
"""الحمد لله على الـ3 بُنط!""","""الحمد لله علي ال3 بُنط!"""
"هنا، ""بيتر"" بدأ يجهّز نفسه للوجهة التانية، ""بحر البلطيق""،","هنا، ""بيتر"" بدا يجهّز نفسه للوجهه التانيه، ""بحر البلطيق""،"
ودا، لو تفتكر، معناه عَوَأ مع مين؟,ودا، لو تفتكر، معناه عَوَا مع مين؟
"مع السوايدة، السوايدة ""مهكّرين"" سواحله.","مع السوايده، السوايده ""مهكّرين"" سواحله."
"وهنا، ""بطرس"" عشان يواجه ""السويد""،","وهنا، ""بطرس"" عشان يواجه ""السويد""،"
"بيتحالف مع ""الدنمارك""،","بيتحالف مع ""الدنمارك""،"
"وكمان، بيتحالف مع ""ساكسونيا"" و""بولندا"" و""ليتوانيا""،","وكمان، بيتحالف مع ""ساكسونيا"" و""بولندا"" و""ليتوانيا""،"
"""ياه يا (أبو حميد)! كل دا عشان يهاجم (السويد)؟!""","""ياه يا ابو حميد ! كل دا عشان يهاجم السويد """
يا عزيزي، قُلتلك، أحفاد فايكينج،,يا عزيزي، قُلتلك، احفاد فايكينج،
"""السويد"" يعني أقوى أسطول في الشَمال،","""السويد"" يعني اقوي اسطول في الشَمال،"
مشهورين بالمحاربين والمقاتلين الأشداء،,مشهورين بالمحاربين والمقاتلين الاشداء،
6 مواسم، 89 حلقة،,6 مواسم، 89 حلقه،
مش فاكر أبدًا إن هُما تقهقروا 4 حلقات ورا بعض!,مش فاكر ابدًا ان هُما تقهقروا 4 حلقات ورا بعض!
المقاتل السويدي الواحد يتوزن بـ10 من الروس!,المقاتل السويدي الواحد يتوزن ب10 من الروس!
"""طب يا (أبو حميد)، لمّا هي قوية كدا،","""طب يا ابو حميد ، لمّا هي قويه كدا،"
ليه الناس دي كلها تحالفت مع (بيتر) عشان يواجهوها؟!,ليه الناس دي كلها تحالفت مع بيتر عشان يواجهوها
"إيه المغري في ماتش (السويد)؟!""","ايه المغري في ماتش السويد """
"""السويد""، يا عزيزي، وقتها،","""السويد""، يا عزيزي، وقتها،"
"كان بيحكُمها ""تشارلز"" اللي عمره لم يتعدّ الـ15 سنة.","كان بيحكُمها ""تشارلز"" اللي عمره لم يتعدّ ال15 سنه."
"هنا، جميع الأطراف المحيطة قالتلك: ""دي فرصة،","هنا، جميع الاطراف المحيطه قالتلك: ""دي فرصه،"
"الواد الصغير دا مش هيصمد قُدّامنا.""","الواد الصغير دا مش هيصمد قُدّامنا."""
"وهنا، بتبدأ حرب بدخول الروس لـ""إستونيا""،","وهنا، بتبدا حرب بدخول الروس ل""استونيا""،"
"وحصارهم لمدينة ""نارفا"" سنة 1700.","وحصارهم لمدينه ""نارفا"" سنه 1700."
التحالف جاهز خلاص، كله اكتمل، المعنويات عالية.,التحالف جاهز خلاص، كله اكتمل، المعنويات عاليه.
إلا إنهم نسيوا تفصيلة صغيرة،,الا انهم نسيوا تفصيله صغيره،
"عم ""تشارلز"" ما كانش مجرد عيّل عنده 15 سنة وخلاص،","عم ""تشارلز"" ما كانش مجرد عيّل عنده 15 سنه وخلاص،"
دا كان أقرب لبطل إغريقي،,دا كان اقرب لبطل اغريقي،
شخصية طالعة من Game of Thrones،,شخصيه طالعه من ،
لدرجة إن ألقابه كانت Lion of The North،,لدرجه ان القابه كانت ،
"وLast Viking، ""الفايكينج الأخير""،","و ، ""الفايكينج الاخير""،"
من وهو عمره 6 سنين، كان متسلّم للمُعلّمين العسكريين بتوعه،,من وهو عمره 6 سنين، كان متسلّم للمُعلّمين العسكريين بتوعه،
"فيه ناس كانت بتتمرن تقعد على الـ""بوتي""،","فيه ناس كانت بتتمرن تقعد علي ال""بوتي""،"
وفيه ناس كانت بتتعلّم استراتيجيات حربية،,وفيه ناس كانت بتتعلّم استراتيجيات حربيه،
الأطفال بتروح الـkids area، دا، بيجيله استدعا،,الاطفال بتروح ال ، دا، بيجيله استدعا،
بيطلّع الـ101!,بيطلّع ال101!
الواد من وهو عمره 6 سنين، وهب حياته للعسكرية.,الواد من وهو عمره 6 سنين، وهب حياته للعسكريه.
بيُقال إن في سن الـ8 سنوات، اصطاد أول غزالة ليه،,بيُقال ان في سن ال8 سنوات، اصطاد اول غزاله ليه،
في سن الـ10 سنوات، قتل أول ذئب.,في سن ال10 سنوات، قتل اول ذيب.
بالوتيرة دي، شوف لمّا يبقى عنده 15، ممكن يعمل إيه!,بالوتيره دي، شوف لمّا يبقي عنده 15، ممكن يعمل ايه!
"وصحيح إن هو كان أصغر من ""بطرس"" بـ10 سنوات كاملة،","وصحيح ان هو كان اصغر من ""بطرس"" ب10 سنوات كامله،"
بس عنده عبقرية عسكرية ما تعرفش أي حاجة غير الحرب والقتال.,بس عنده عبقريه عسكريه ما تعرفش اي حاجه غير الحرب والقتال.
"""بطرس"" كان محاصر ""نارفا"" ومطمّن،","""بطرس"" كان محاصر ""نارفا"" ومطمّن،"
"قواته 40 ألف، قوات ""تشارلز"" 10 آلاف،","قواته 40 الف، قوات ""تشارلز"" 10 الاف،"
"عشان كدا، في 19 نوفمبر، هيسيب الجيش ويروح لحليفه في ""بولندا""،","عشان كدا، في 19 نوفمبر، هيسيب الجيش ويروح لحليفه في ""بولندا""،"
هيقابله، عشان يحطوا خطوات المرحلة الجاية،,هيقابله، عشان يحطوا خطوات المرحله الجايه،
المرحلة بقى اللي بعد المعركة دي، لأن المعركة دي أصلًا مضمونة!,المرحله بقي اللي بعد المعركه دي، لان المعركه دي اصلًا مضمونه!
"الفكرة، يا عزيزي، إن قوات ""تشارلز"" كانت آه قليلة،","الفكره، يا عزيزي، ان قوات ""تشارلز"" كانت اه قليله،"
ولكنها كانت منضبطة عسكريًا،,ولكنها كانت منضبطه عسكريًا،
كانت مستنية الوقت واللحظة المناسبين،,كانت مستنيه الوقت واللحظه المناسبين،
ومع هبوب عاصفة تلجية حجبت الرؤية عن الروس،,ومع هبوب عاصفه تلجيه حجبت الرويه عن الروس،
"انطلق جنود ""تشارلز"" في صفّين مشاة وفرسان،","انطلق جنود ""تشارلز"" في صفّين مشاه وفرسان،"
فجأة، الروس الأقل خبرة في المعارك اللي زي دي,فجاه، الروس الاقل خبره في المعارك اللي زي دي
ما لحقوش حتى ينشروا مدفعيتهم،,ما لحقوش حتي ينشروا مدفعيتهم،
وكمان، ما كانوش اتدربوا التدريب المناسب على حروب زي دي،,وكمان، ما كانوش اتدربوا التدريب المناسب علي حروب زي دي،
فبنشوفهم بينسحبوا بشكل فوضوي،,فبنشوفهم بينسحبوا بشكل فوضوي،
برغم إن عددهم كان أكبر بكتير، 4 مرات!,برغم ان عددهم كان اكبر بكتير، 4 مرات!
المشاة اختلطوا مع الفرسان، وفيه جنود غرقوا في النهر وهُما بيعدّوا،,المشاه اختلطوا مع الفرسان، وفيه جنود غرقوا في النهر وهُما بيعدّوا،
دا غير الجنود اللي لمّا شافوا الكارثة دي، اتمردوا على الظباط وهربوا،,دا غير الجنود اللي لمّا شافوا الكارثه دي، اتمردوا علي الظباط وهربوا،
فوضى كاملة حصلت في جيش المبتدئين دا،,فوضي كامله حصلت في جيش المبتديين دا،
"خصوصًا إن القائد ""بطرس"" مش موجود.","خصوصًا ان القايد ""بطرس"" مش موجود."
"""تشارلز"" بذكائه وتكتيك المفاجأة، اللي لعب بيه دا،","""تشارلز"" بذكايه وتكتيك المفاجاه، اللي لعب بيه دا،"
خسر يا دوبك 700 مقاتل،,خسر يا دوبك 700 مقاتل،
تبُص، يا عزيزي، على الروس، اللي كانوا أكتر، خسروا 9000 مقاتل!,تبُص، يا عزيزي، علي الروس، اللي كانوا اكتر، خسروا 90 مقاتل!
زوّد على دُول بقى، 20 ألف وقعوا في الأَسر!,زوّد علي دُول بقي، 20 الف وقعوا في الاَسر!
لـ10 آلاف واحد!,ل10 الاف واحد!
10 آلاف جندي أسروا 20 ألف روسي، وقتلوا 9000!,10 الاف جندي اسروا 20 الف روسي، وقتلوا 90!
نهاية المعركة بالشكل المهين والمُذِل دا،,نهايه المعركه بالشكل المهين والمُذِل دا،
"خلّت ""تشارلز"" يحتقر ""بطرس""،","خلّت ""تشارلز"" يحتقر ""بطرس""،"
"""دا أنا علّمت عليه!""","""دا انا علّمت عليه!"""
"مش بس كدا، ""تشارلز"" افتكر إن ""بطرس"" هرب من المعركة،","مش بس كدا، ""تشارلز"" افتكر ان ""بطرس"" هرب من المعركه،"
ودا خلّاه ما يعتمدش الروس تاني،,ودا خلّاه ما يعتمدش الروس تاني،
وما يشوفهومش قوة يتعمل حسابها.,وما يشوفهومش قوه يتعمل حسابها.
"عشان كدا، بدل ما يكمّل على ""موسكو""، ويخش ياخد ""روسيا""،","عشان كدا، بدل ما يكمّل علي ""موسكو""، ويخش ياخد ""روسيا""،"
"هيقرر إن هو يعدّي على ""بولندا"" الأول،","هيقرر ان هو يعدّي علي ""بولندا"" الاول،"
"ليه؟ لأنه كان شايفها أخطر عنصر في ""الاتحاد""،","ليه؟ لانه كان شايفها اخطر عنصر في ""الاتحاد""،"
ودي، يا عزيزي، كانت ضربة الحظ،,ودي، يا عزيزي، كانت ضربه الحظ،
"دعوة الست أم ""بطرس""!","دعوه الست ام ""بطرس""!"
"""تشارلز""، يا عزيزي، هيخش ""بولندا""، الخصم الصعب العنيف،","""تشارلز""، يا عزيزي، هيخش ""بولندا""، الخصم الصعب العنيف،"
"ويفضل سنين وسنين يحارب في ""بولندا""،","ويفضل سنين وسنين يحارب في ""بولندا""،"
"""بطرس"" بقى كان في الفترة دي عمل ""ثيرابي""، وتعافى من صدمة الخسارة المذلة،","""بطرس"" بقي كان في الفتره دي عمل ""ثيرابي""، وتعافي من صدمه الخساره المذله،"
وتعافى من مواجهة جيش حديث All of a sudden،,وتعافي من مواجهه جيش حديث ،
"""وتعافي الخسارة من جيش رُبع الجيش بتاعي!""","""وتعافي الخساره من جيش رُبع الجيش بتاعي!"""
وقعد خَد كوباية شاي،,وقعد خَد كوبايه شاي،
وقعد يبني على مهله ازاي يعمل جيش روسي حقيقي،,وقعد يبني علي مهله ازاي يعمل جيش روسي حقيقي،
"وهيسخّر في سبيل هذا الجيش أهم مورد موجود في ""روسيا""،","وهيسخّر في سبيل هذا الجيش اهم مورد موجود في ""روسيا""،"
"""احنا، بالصلاة على النبي كدا، ما حيلتناش غير البشر.""","""احنا، بالصلاه علي النبي كدا، ما حيلتناش غير البشر."""
هيعمل خدمة إجبارية للروس داخل الجيش،,هيعمل خدمه اجباريه للروس داخل الجيش،
مدتها أد إيه؟ 25 سنة.,مدتها اد ايه؟ 25 سنه.
25 سنة تجنيد.,25 سنه تجنيد.
"اللي حبيبته هتقولّه: ""هستناك تخلّص وتيجي""، دا ما تصدّقهوش،","اللي حبيبته هتقولّه: ""هستناك تخلّص وتيجي""، دا ما تصدّقهوش،"
الجواز هيبقى على المعاش!,الجواز هيبقي علي المعاش!
"الـ""كارير"" هيبدأ 52 سنة! Intern!","ال""كارير"" هيبدا 52 سنه! !"
"كل شاب، يا عزيزي، في ""روسيا"" كان شايف إن سياسة التجنيد دي حُكم تأبيدة،","كل شاب، يا عزيزي، في ""روسيا"" كان شايف ان سياسه التجنيد دي حُكم تابيده،"
"مع كامل احترامي للقيصر، بس كل موارد ""روسيا"" المالية","مع كامل احترامي للقيصر، بس كل موارد ""روسيا"" الماليه"
اتوجهت لبناء هذه الجيوش،,اتوجهت لبناء هذه الجيوش،
لدرجة إن أجراس الكنايس كانوا بيدوّبوها، عشان ياخدوا الحديد بتاعها، ويعملوا أسلحة!,لدرجه ان اجراس الكنايس كانوا بيدوّبوها، عشان ياخدوا الحديد بتاعها، ويعملوا اسلحه!
اتفرضت الضرايب كمان على كل مَظهر من حياة الروس،,اتفرضت الضرايب كمان علي كل مَظهر من حياه الروس،
"التوابيت، اللبس، وأكتر حاجة كانت بتضايق ""بطرس""، الدقون!","التوابيت، اللبس، واكتر حاجه كانت بتضايق ""بطرس""، الدقون!"
"""عايز تربّي دقنك؟ من حقك، بس ادفع ضريبة! زيها زي الـ(فاميه)!""","""عايز تربّي دقنك؟ من حقك، بس ادفع ضريبه! زيها زي ال فاميه !"""
"من أول سنة 1703، ""بطرس"" هيغيّر تكتيكاته بمنتهى الذكاء،","من اول سنه 1703، ""بطرس"" هيغيّر تكتيكاته بمنتهي الذكاء،"
"""احنا مش هنخُش معارك مصيرية قوية،","""احنا مش هنخُش معارك مصيريه قويه،"
مش عايزين نكسب أوي، ومش عايزين نخسر أوي،,مش عايزين نكسب اوي، ومش عايزين نخسر اوي،
هنخُش معارك على أد جيشنا ومواردنا،,هنخُش معارك علي اد جيشنا ومواردنا،
نستنزف السويديين كدا واحدة واحدة.,نستنزف السويديين كدا واحده واحده.
سياسة الحرب بالدنجلة!,سياسه الحرب بالدنجله!
"نخُش على سواحل (البلطيق) واحدة واحدة.""","نخُش علي سواحل البلطيق واحده واحده."""
"وفي وسط هذه المعارك، ""بطرس"" هيلاقي اللي بيدوّر عليه من وهو صغير،","وفي وسط هذه المعارك، ""بطرس"" هيلاقي اللي بيدوّر عليه من وهو صغير،"
"- فتاة أحلامه. - ""مين يا (أبو حميد)؟!""","- فتاه احلامه. - ""مين يا ابو حميد """
"-""نينسكانس"". - ""شكلها بنت حلال يا (أبو حميد).""","-""نينسكانس"". - ""شكلها بنت حلال يا ابو حميد ."""
بالظبط، يا عزيزي، بنت حلال وكبيرة وهتعرف تحميه كويس،,بالظبط، يا عزيزي، بنت حلال وكبيره وهتعرف تحميه كويس،
والأهم من كل دا، بتطُل على البحر.,والاهم من كل دا، بتطُل علي البحر.
"- ""إيه؟!"" - كما رأيت، طول هذه الحلقة،","- ""ايه "" - كما رايت، طول هذه الحلقه،"
"حلم حياة ""بطرس"" لم يكُن فتاة، ولكن مدينة بتطُل على البحر.","حلم حياه ""بطرس"" لم يكُن فتاه، ولكن مدينه بتطُل علي البحر."
"""بطرس"" لو كان طلع إسكندراني، كانت مشاكله كلها هتتحل!","""بطرس"" لو كان طلع اسكندراني، كانت مشاكله كلها هتتحل!"
"المهم، يا عزيزي، ""بطرس"" هيلاقي أخيرًا المدينة اللي بيدوّر عليها.","المهم، يا عزيزي، ""بطرس"" هيلاقي اخيرًا المدينه اللي بيدوّر عليها."
حاجة بتطُل على البحر،,حاجه بتطُل علي البحر،
"وفي مدينة ""نينسكانس""، ""بطرس"" هيبني حصن ""بيتر بول""،","وفي مدينه ""نينسكانس""، ""بطرس"" هيبني حصن ""بيتر بول""،"
"الحصن اللي سوف يكون نواة لما يُعرف بعد كدا بمدينة ""سان بطرسبرج"".","الحصن اللي سوف يكون نواه لما يُعرف بعد كدا بمدينه ""سان بطرسبرج""."
"""بيتر""، يا عزيزي، هيقف وسط البحر وهيقرر إن دي هتكون نافذة ""روسيا"" على ""أوروبا"".","""بيتر""، يا عزيزي، هيقف وسط البحر وهيقرر ان دي هتكون نافذه ""روسيا"" علي ""اوروبا""."
"وقتها، يا عزيزي، ما حدش صدّق كلام ""بطرس""،","وقتها، يا عزيزي، ما حدش صدّق كلام ""بطرس""،"
لأن المكان عبارة عن مستنقعات موبوءة،,لان المكان عباره عن مستنقعات موبوءه،
وصحيح المدينة دي بحري، بس الجو شديد جدًا،,وصحيح المدينه دي بحري، بس الجو شديد جدًا،
الرياح بتيجي عاتية،,الرياح بتيجي عاتيه،
باختصار، مكان صعب جدًا تسكن فيه.,باختصار، مكان صعب جدًا تسكن فيه.
"ولكن إصرار ""بطرس"" كان أقوى من كل حاجة حواليه،","ولكن اصرار ""بطرس"" كان اقوي من كل حاجه حواليه،"
"برغم إن ""الطبيعة"" ما ساعدتهوش،","برغم ان ""الطبيعه"" ما ساعدتهوش،"
الطبيعة المناخية للمكان،,الطبيعه المناخيه للمكان،
بس انت بتتكلم على طفل!,بس انت بتتكلم علي طفل!
فهيحاول هنا إنه يبني المدينة على إيده،,فهيحاول هنا انه يبني المدينه علي ايده،
"محتاج طبعًا فلوس، فهيعمل إيه؟ هيروح يفرض ضرايب أكتر في ""روسيا"".","محتاج طبعًا فلوس، فهيعمل ايه؟ هيروح يفرض ضرايب اكتر في ""روسيا""."
"""لسة ما فرضناش ضريبة على القمح، فنفرضها،","""لسه ما فرضناش ضريبه علي القمح، فنفرضها،"
المواليد، يبقى الوضع أجازة وغرامة مع بعض،,المواليد، يبقي الوضع اجازه وغرامه مع بعض،
ما فيش مشكلة!,ما فيش مشكله!
موضوع الدقون، كله حَلَق، واللي ما حلقش بيدفع ضريبة،,موضوع الدقون، كله حَلَق، واللي ما حلقش بيدفع ضريبه،
"لسة فيه شنبات! طب هنفرض ضريبة على الشنبات.""","لسه فيه شنبات! طب هنفرض ضريبه علي الشنبات."""
بالفعل، يا عزيزي، دا مش هزار،,بالفعل، يا عزيزي، دا مش هزار،
الراجل كان بيفرض ضرايب على الدقون، القمح، المواليد، والشنبات.,الراجل كان بيفرض ضرايب علي الدقون، القمح، المواليد، والشنبات.
"وهيستخدم شباب ""روسيا"" كلها كوقود لهذا الحلم،","وهيستخدم شباب ""روسيا"" كلها كوقود لهذا الحلم،"
300 ألف جندي في الجيش،,300 الف جندي في الجيش،
"30 ألف جندي بيحرسوا ""آزوف""،","30 الف جندي بيحرسوا ""ازوف""،"
الحصن اللي كسبه من الأتراك،,الحصن اللي كسبه من الاتراك،
"ومئات الآلاف التانيين بيتشحنوا لبناء ""سان بطرسبرج"" من الصفر.","وميات الالاف التانيين بيتشحنوا لبناء ""سان بطرسبرج"" من الصفر."
آلاف وآلاف هيموتوا بسبب الجو،,الاف والاف هيموتوا بسبب الجو،
عملية البناء القاسية والصعبة، واللي كان أغلبها يدوي.,عمليه البناء القاسيه والصعبه، واللي كان اغلبها يدوي.
كمان، افتكر إن أنا قُلتلك، المنطقة كانت مليانة مستنقعات،,كمان، افتكر ان انا قُلتلك، المنطقه كانت مليانه مستنقعات،
فالأوبئة كانت كتيرة جدًا.,فالاوبيه كانت كتيره جدًا.
"واحدة من إخوات ""بيتر"" هتقول بعد كدا...","واحده من اخوات ""بيتر"" هتقول بعد كدا"
"""احنا اللي عاملينله قيمة، دي جغرافيا ما يتقعدش فيها.""","""احنا اللي عاملينله قيمه، دي جغرافيا ما يتقعدش فيها."""
للأسف، يا عزيزي، حل الجغرافيا هو الجغرافيا!,للاسف، يا عزيزي، حل الجغرافيا هو الجغرافيا!
"""سان بطرسبرج"" هتفضل عاصمة الإمبراطورية الروسية","""سان بطرسبرج"" هتفضل عاصمه الامبراطوريه الروسيه"
عشان إيه؟ بتُطل على الميّه،,عشان ايه؟ بتُطل علي الميّه،
وبتفضل كدا لحوالي 200 سنة،,وبتفضل كدا لحوالي 200 سنه،
تقريبًا على الثورة البلشفية،,تقريبًا علي الثوره البلشفيه،
"وهتكون ""سان بطرسبرج"" نافذة ""روسيا"" على أوروبا.","وهتكون ""سان بطرسبرج"" نافذه ""روسيا"" علي اوروبا."
ولكنها برضه، هتتلخد بوصف مظلم جدًا، أنها...,ولكنها برضه، هتتلخد بوصف مظلم جدًا، انها
مدينة تأسست على بقايا مَن قاموا ببنائها.,مدينه تاسست علي بقايا مَن قاموا ببنايها.
"""سان بطرسبرج"" بتحلّ كل مشاكل ""بطرس""،","""سان بطرسبرج"" بتحلّ كل مشاكل ""بطرس""،"
"زي ما قُلتلك، هي اللي طلّعت ""روسيا"" على البحر،","زي ما قُلتلك، هي اللي طلّعت ""روسيا"" علي البحر،"
"حتى لو كنا في قلب معركة صعبة مع ""السويد""، لسة ما خلصتش.","حتي لو كنا في قلب معركه صعبه مع ""السويد""، لسه ما خلصتش."
"ولكن الأهم والأهم، إنها بتحقق كل أحلام ""بطرس"" الشخصية،","ولكن الاهم والاهم، انها بتحقق كل احلام ""بطرس"" الشخصيه،"
مدينة روسية حديثة،,مدينه روسيه حديثه،
"ما تشبهش ""موسكو"" خالص،","ما تشبهش ""موسكو"" خالص،"
"""موسكو""، اللي عمره ما حبها، برجعيتها وتخلفها وكمان حراسها.","""موسكو""، اللي عمره ما حبها، برجعيتها وتخلفها وكمان حراسها."
"كل مدن ""روسيا""، يا عزيزي، اتبنت بـ""سيستم""،","كل مدن ""روسيا""، يا عزيزي، اتبنت ب""سيستم""،"
"""سيستم"" إن مركز المدينة يبقى مبنى، زي الـ""كريملين"" كدا،","""سيستم"" ان مركز المدينه يبقي مبني، زي ال""كريملين"" كدا،"
"ولكن ""بطرس"" هيتمرد على دا في تخطيط ""سان بطرسبرج""","ولكن ""بطرس"" هيتمرد علي دا في تخطيط ""سان بطرسبرج"""
ويجعلها بلا مركز،,ويجعلها بلا مركز،
"النبلاء وكبار التجار هيتم إجبارهم إن هُما يسيبوا ""موسكو""،","النبلاء وكبار التجار هيتم اجبارهم ان هُما يسيبوا ""موسكو""،"
"ويروحوا ""سان بطرسبرج""،","ويروحوا ""سان بطرسبرج""،"
يلبسوا زي الأوروبيين ويعيشوا حياة حديثة.,يلبسوا زي الاوروبيين ويعيشوا حياه حديثه.
"المشكلة، يا عزيزي، إن ""بيتر"" كان عامل","المشكله، يا عزيزي، ان ""بيتر"" كان عامل"
زي ما يكون حمار بيجُرّ عربية كارّو محمّلة أسمنت،,زي ما يكون حمار بيجُرّ عربيه كارّو محمّله اسمنت،
آه هو عنده شباب، ولكنه بيسحب وبيجُرّ إمبراطورية كاملة وراه،,اه هو عنده شباب، ولكنه بيسحب وبيجُرّ امبراطوريه كامله وراه،
مرة بشغف، مرة بسلسلة من الانتقامات،,مره بشغف، مره بسلسله من الانتقامات،
مرة بسُلطته،,مره بسُلطته،
ولكن برضه، الإمبراطورية تقيلة،,ولكن برضه، الامبراطوريه تقيله،
بتسحبه لورا، بتحجّم من حركته!,بتسحبه لورا، بتحجّم من حركته!
"فبنشوف سنة 1705 بتحصل تمردات كتير في ""روسيا""،","فبنشوف سنه 1705 بتحصل تمردات كتير في ""روسيا""،"
"تمردات ضد الضرايب والتجنيد وضد كل طموحات ""بطرس""،","تمردات ضد الضرايب والتجنيد وضد كل طموحات ""بطرس""،"
بعض التمردات كانت شايفة إن أفكاره ضد الدين والسياسة،,بعض التمردات كانت شايفه ان افكاره ضد الدين والسياسه،
"مثلًا، واحد من التمردات اللي هتبقى ضد ""بطرس""","مثلًا، واحد من التمردات اللي هتبقي ضد ""بطرس"""
"هتكون جاية بدعوى ""الحفاظ على الإيمان المسيحي","هتكون جايه بدعوي ""الحفاظ علي الايمان المسيحي"
اللي أستاذ (بطرس) جاي يحاول يغيّرلنا فيه ويلعبلنا في ثوابته!,اللي استاذ بطرس جاي يحاول يغيّرلنا فيه ويلعبلنا في ثوابته!
احنا ضد حلاقة الدقون،,احنا ضد حلاقه الدقون،
"ضد السجاير والتبغ، وضد الأزياء الألمانية!""","ضد السجاير والتبغ، وضد الازياء الالمانيه!"""
"""بطرس""، يا عزيزي، هيقمع هذه التمردات بعنف وبقسوة،","""بطرس""، يا عزيزي، هيقمع هذه التمردات بعنف وبقسوه،"
"بس اللي ما كانش ""بطرس"" عامل حسابه إن في لحظة معيّنة في التاريخ","بس اللي ما كانش ""بطرس"" عامل حسابه ان في لحظه معيّنه في التاريخ"
كل حاجة حواليه هتتجمد،,كل حاجه حواليه هتتجمد،
الوضع الداخلي المتأزم دا,الوضع الداخلي المتازم دا
هيبقى ولا حاجة قصاد الخطر الكبير اللي جاي من برة.,هيبقي ولا حاجه قصاد الخطر الكبير اللي جاي من بره.
"سنة 1707، ""تشارلز الـ12"" بيبدأ عملية الزحف على ""موسكو""،","سنه 1707، ""تشارلز ال12"" بيبدا عمليه الزحف علي ""موسكو""،"
"الهدف هُنا الـ""كريملين"".","الهدف هُنا ال""كريملين""."
الحرب دي، يا عزيزي، هي بروفة كل الحروب اللي حكيتلك عنها،,الحرب دي، يا عزيزي، هي بروفه كل الحروب اللي حكيتلك عنها،
"دي الـ""كتالوج"" الأولاني، دي الـreference،","دي ال""كتالوج"" الاولاني، دي ال ،"
"غزو ""نابليون""، غزو ""هتلر"" لـ""روسيا""،","غزو ""نابليون""، غزو ""هتلر"" ل""روسيا""،"
"كل دُول المرجعية بتاعتهم غزو ""تشارلز الـ12"" لـ""روسيا"".","كل دُول المرجعيه بتاعتهم غزو ""تشارلز ال12"" ل""روسيا""."
"أول ""ديجافو""، يا عزيزي، قُدّامنا هنلاقيها سياسة الأرض المحروقة،","اول ""ديجافو""، يا عزيزي، قُدّامنا هنلاقيها سياسه الارض المحروقه،"
فاكر السياسة دي؟,فاكر السياسه دي؟
"السياسة اللي ""ستالين"" عملها في ""ستالينجراد""،","السياسه اللي ""ستالين"" عملها في ""ستالينجراد""،"
"أهي السياسة دي، يا عزيزي، شغل ""بطرس"".","اهي السياسه دي، يا عزيزي، شغل ""بطرس""."
"""بطرس"" أمر إن الطريق لـ""موسكو"" يتم تدمير فيه كل زرعة أو ماشية،","""بطرس"" امر ان الطريق ل""موسكو"" يتم تدمير فيه كل زرعه او ماشيه،"
هيبقى صحراوي،,هيبقي صحراوي،
"""تعالى، اتفضل، بس شوف بقى مين هيموّنك!","""تعالي، اتفضل، بس شوف بقي مين هيموّنك!"
"شوف بقى هتيجي تحتل إيه!""","شوف بقي هتيجي تحتل ايه!"""
وعلى حسب المصادر،,وعلي حسب المصادر،
"لمّا ""تشارلز"" بيوصل على بُعد 50 ميل بس من ""سيمولنسك""،","لمّا ""تشارلز"" بيوصل علي بُعد 50 ميل بس من ""سيمولنسك""،"
"رماد الحرايق اللي كان ""بيتر"" سايبهاله كاد أن يحجب الشمس،","رماد الحرايق اللي كان ""بيتر"" سايبهاله كاد ان يحجب الشمس،"
وكل النور اللي في أفق هو نور حرايق جاي من بعيد.,وكل النور اللي في افق هو نور حرايق جاي من بعيد.
"تاني وصفة في الـ""كتالوج"" تفتكر إيه؟","تاني وصفه في ال""كتالوج"" تفتكر ايه؟"
"""برافو""، اللعب على المناخ، العامل الجوي يا بيه!","""برافو""، اللعب علي المناخ، العامل الجوي يا بيه!"
سنة 1708 و1709،,سنه 1708 و1709،
"بييجي واحد من أصعب الشتاءات في تاريخ ""روسيا"" من 500 سنة،","بييجي واحد من اصعب الشتاءات في تاريخ ""روسيا"" من 500 سنه،"
حوالي 3000 بني آدم ماتوا متجمدين،,حوالي 30 بني ادم ماتوا متجمدين،
"إلا إن ""تشارلز"" برضه بيقرر يكمّل غزوه ناحية ""روسيا"".","الا ان ""تشارلز"" برضه بيقرر يكمّل غزوه ناحيه ""روسيا""."
ومع مرور الصيف، وتحديدًا في مايو 1709،,ومع مرور الصيف، وتحديدًا في مايو 1709،
"السويديين، الحمد لله، بيوصلوا، يا عزيزي، إلى مدينة ""بولتافا""،","السويديين، الحمد لله، بيوصلوا، يا عزيزي، الي مدينه ""بولتافا""،"
المشكلة بقى إن الجيش مُنهَك،,المشكله بقي ان الجيش مُنهَك،
ودُول البقايا من ناس كتير ماتت في السكة،,ودُول البقايا من ناس كتير ماتت في السكه،
"بيحاصروا مدينة ""بولتافا""، اللي هي 200 ميل شرق مدينة ""كييف"".","بيحاصروا مدينه ""بولتافا""، اللي هي 200 ميل شرق مدينه ""كييف""."
"""بطرس"" عارف إن كدا السوايدة قرّبوا،","""بطرس"" عارف ان كدا السوايده قرّبوا،"
"ولو دخلوا مدينة ""بولتافا"" دي، هيتحصّنوا فيها ويستعيدوا قوّتهم،","ولو دخلوا مدينه ""بولتافا"" دي، هيتحصّنوا فيها ويستعيدوا قوّتهم،"
ويبدأوا يحضّروا للهجوم اللي جاي.,ويبداوا يحضّروا للهجوم اللي جاي.
الروس معسكرين من ناحية، والسويديين معسكرين من ناحية تانية،,الروس معسكرين من ناحيه، والسويديين معسكرين من ناحيه تانيه،
ما بيفصلش بينهم غير النهر.,ما بيفصلش بينهم غير النهر.
"لحد ما بييجي يوم 17 يونيو، وبينما عمك ""تشارلز"" بيتفقد قواته،","لحد ما بييجي يوم 17 يونيو، وبينما عمك ""تشارلز"" بيتفقد قواته،"
بتيجي رصاصة روسية بتصيبه في رجله الشِمال،,بتيجي رصاصه روسيه بتصيبه في رجله الشِمال،
وبتدخّله، يا عزيزي، في حالة من الحُمّى،,وبتدخّله، يا عزيزي، في حاله من الحُمّي،
"و""تشارلز"" هو قلب وبوصلة الجيش السويدي،","و""تشارلز"" هو قلب وبوصله الجيش السويدي،"
هو القائد اللي بيخطط وبيعرف يكسب بأعداد قليلة،,هو القايد اللي بيخطط وبيعرف يكسب باعداد قليله،
هو الـLast Viking، Lion of The North.,هو ال ، .
"بإصابة ""تشارلز""، يا عزيزي، الجيش بيتهز، بيرتبك،","باصابه ""تشارلز""، يا عزيزي، الجيش بيتهز، بيرتبك،"
"ولكنه لا يزال أقوى جيوش ""أوروبا""،","ولكنه لا يزال اقوي جيوش ""اوروبا""،"
حتى لو كان تعداده بعد الشتا وصل لـ20 ألف،,حتي لو كان تعداده بعد الشتا وصل ل20 الف،
وتعداد الروس قصاده 80 ألف،,وتعداد الروس قصاده 80 الف،
ولو نسيت المعركة اللي حكيتلك عنها في أول الحلقة، أفكرك بيها،,ولو نسيت المعركه اللي حكيتلك عنها في اول الحلقه، افكرك بيها،
كان كل واحد سويدي آسر 2 روس!,كان كل واحد سويدي اسر 2 روس!
"""بطرس"" عارف إن هزيمة جديدة من ""السويد""","""بطرس"" عارف ان هزيمه جديده من ""السويد"""
معناها نهاية كل أحلامه،,معناها نهايه كل احلامه،
الأحلام اللي راح فيها سنين طويلة جدًا من عمره،,الاحلام اللي راح فيها سنين طويله جدًا من عمره،
وآلاف وآلاف من شعبه،,والاف والاف من شعبه،
"انتصار ""السويد"" معناه نهاية مدينته الجديدة،","انتصار ""السويد"" معناه نهايه مدينته الجديده،"
"نهاية حلمي المجازي في إنه يبقى عنده طريق لـ""أوروبا""،","نهايه حلمي المجازي في انه يبقي عنده طريق ل""اوروبا""،"
"قبل الاشتباك مع ""السويد""، هيخطب في جنوده ويقولّهم،","قبل الاشتباك مع ""السويد""، هيخطب في جنوده ويقولّهم،"
"بيقولّهم: ""يا إما النهاردة (روسيا) هتسقط،","بيقولّهم: ""يا اما النهارده روسيا هتسقط،"
يا إما سوف تُبعث من جديد،,يا اما سوف تُبعث من جديد،
دلوقتي، مصير الأُمّة كلها على كتافكم،,دلوقتي، مصير الاُمّه كلها علي كتافكم،
انتم مش مجرد مسلحين في جيش (بطرس)،,انتم مش مجرد مسلحين في جيش بطرس ،
"انتم بتحاربوا من أجل شعب (روسيا) بالكامل.""","انتم بتحاربوا من اجل شعب روسيا بالكامل."""
الخطبة دي لحد دلوقتي بتتقال للجنود الروس عشان تحفّزهم.,الخطبه دي لحد دلوقتي بتتقال للجنود الروس عشان تحفّزهم.
"ولكن ""بطرس"" اللي اتعلم من هزايمه اللي فاتت،","ولكن ""بطرس"" اللي اتعلم من هزايمه اللي فاتت،"
مش هيدخل هذه المعركة بالمعنويات بس، لأ،,مش هيدخل هذه المعركه بالمعنويات بس، لا،
"""ولكن احنا لازم المرادي نحُط خطة كويسة،","""ولكن احنا لازم المرادي نحُط خطه كويسه،"
"لازم تكتيك.""","لازم تكتيك."""
لو احتجت حاجة...,لو احتجت حاجه
"دا تليفون ""إبراهيم""...","دا تليفون ""ابراهيم"""
أنا حماس بس!,انا حماس بس!
"الراجل اتعلم إن ""السويد"" بتحارب ككتلة واحدة،","الراجل اتعلم ان ""السويد"" بتحارب ككتله واحده،"
عشان ما يسيبلهومش فرصة يهجموا عليه،,عشان ما يسيبلهومش فرصه يهجموا عليه،
قرر إن هو يتحصن شَمال النهر،,قرر ان هو يتحصن شَمال النهر،
"الحصون دي أجبرت جنود ""السويد"" عشان يعدّوها","الحصون دي اجبرت جنود ""السويد"" عشان يعدّوها"
إن هُما يقسّموا جيشهم على 3 أجزاء،,ان هُما يقسّموا جيشهم علي 3 اجزاء،
وبالتالي، يفقدوا القوة والزخم بتوع الكتلة الواحدة.,وبالتالي، يفقدوا القوه والزخم بتوع الكتله الواحده.
زوّد على كدا معنوياتهم المُدمَرة وزمايلهم الكتير اللي راحت،,زوّد علي كدا معنوياتهم المُدمَره وزمايلهم الكتير اللي راحت،
ومظهر القائد الأسطوري بتاعهم وهو متشال بالنقّالة،,ومظهر القايد الاسطوري بتاعهم وهو متشال بالنقّاله،
مش قادر حتى يرفع راسه ويبُص قُدّامه.,مش قادر حتي يرفع راسه ويبُص قُدّامه.
"وفي اللحظة المناسبة، بيهجم ""بطرس"" في مشهد سينمائي،","وفي اللحظه المناسبه، بيهجم ""بطرس"" في مشهد سينمايي،"
بيظهر راكب جواد عربي، واخده هدية من الأتراك،,بيظهر راكب جواد عربي، واخده هديه من الاتراك،
معاه 40 ألف جندي،,معاه 40 الف جندي،
هجوم مضاد، داخل يدمر العدو.,هجوم مضاد، داخل يدمر العدو.
"جيش ""السويد"" هينتهي تمامًا بين قتيل وأسير،","جيش ""السويد"" هينتهي تمامًا بين قتيل واسير،"
"و""تشارلز"" هيهرب بأعجوبة مع 1500 جندي لأراضي العثمانيين،","و""تشارلز"" هيهرب باعجوبه مع 1500 جندي لاراضي العثمانيين،"
"حروب ""روسيا""، أو ما يُعرف بالـGreat Northern Wars،","حروب ""روسيا""، او ما يُعرف بال ،"
هتنتهي بعد ما قعدت 21 سنة كاملة.,هتنتهي بعد ما قعدت 21 سنه كامله.
ولكن على حسب كلام المؤرخين،,ولكن علي حسب كلام المورخين،
"فمعركة ""بولتافا"" دي كانت هي اللحظة الحقيقية","فمعركه ""بولتافا"" دي كانت هي اللحظه الحقيقيه"
"اللي أنهت ""السويد"" كقوة عظمى،","اللي انهت ""السويد"" كقوه عظمي،"
"وأظهرت ""روسيا"" كقوة إقليمية جديدة في الشرق.","واظهرت ""روسيا"" كقوه اقليميه جديده في الشرق."
حرب الشَمال هتنتهي سنة 1721،,حرب الشَمال هتنتهي سنه 1721،
"وبمعاهدة ""نايستاد""، اللي بموجبها","وبمعاهده ""نايستاد""، اللي بموجبها"
"""روسيا"" خَدت أراضي كتير وبقى ليها منافذ على البحر،","""روسيا"" خَدت اراضي كتير وبقي ليها منافذ علي البحر،"
"""خلاص، بقى مننا لـ(البلطيق) على طول.","""خلاص، بقي مننا ل البلطيق علي طول."
أخيرًا، اتحلت مشكلتنا الجيوسياسية،,اخيرًا، اتحلت مشكلتنا الجيوسياسيه،
"اللي كنا بنعاني منها لقرون.""","اللي كنا بنعاني منها لقرون."""
"الـ""روتر"" اشتغل في ""روسيا""، وانتهت عُزلتها للأبد.","ال""روتر"" اشتغل في ""روسيا""، وانتهت عُزلتها للابد."
"""روسيا"" تحولت من قيصرية معزولة لإمبراطورية حقيقية،","""روسيا"" تحولت من قيصريه معزوله لامبراطوريه حقيقيه،"
"ومجلس الشيوخ منحوا ""بطرس"" اعتراف بأحلامه كلها،","ومجلس الشيوخ منحوا ""بطرس"" اعتراف باحلامه كلها،"
"وادّوله لقب ""إمبراطور""، Father of Fatherland.","وادّوله لقب ""امبراطور""، ."
"""روسيا""، يا عزيزي، بدأت في عهد ""بطرس"" والقيصر بتاعها بيهرب وهو متخفّي،","""روسيا""، يا عزيزي، بدات في عهد ""بطرس"" والقيصر بتاعها بيهرب وهو متخفّي،"
خارج من مملكته المعزولة، عشان يشوف العالم برة بيشتغل ازاي،,خارج من مملكته المعزوله، عشان يشوف العالم بره بيشتغل ازاي،
اتفرج على الصناعات في الخارج، وعرف ازاي الناس بتتاجر مع بعض،,اتفرج علي الصناعات في الخارج، وعرف ازاي الناس بتتاجر مع بعض،
"وبحلول القرن الـ18، ""روسيا"" هتبقى رائدة في صناعات كتير جدًا،","وبحلول القرن ال18، ""روسيا"" هتبقي رايده في صناعات كتير جدًا،"
زي مثلًا الصناعات المعدنية،,زي مثلًا الصناعات المعدنيه،
دولة ما لهاش مَنفَذ على البحر،,دوله ما لهاش مَنفَذ علي البحر،
"تجارتها الخارجية هتزيد في حُكم ""بيتر"" 7 أضعاف،","تجارتها الخارجيه هتزيد في حُكم ""بيتر"" 7 اضعاف،"
"ومَنفذها الأهم ""سان بطرسبرج""","ومَنفذها الاهم ""سان بطرسبرج"""
"هيكون متحكّم في 90% من تجارة ""روسيا"" الخارجية.","هيكون متحكّم في 90 من تجاره ""روسيا"" الخارجيه."
"الدولة اللي بدأت بـ""ميليشيات"" همجية زي الـStreltsy،","الدوله اللي بدات ب""ميليشيات"" همجيه زي ال ،"
ومراهق صغير بيلعب ألعاب حرب مع أصحابه عشان يتمرن،,ومراهق صغير بيلعب العاب حرب مع اصحابه عشان يتمرن،
انتهت بجيش نظامي قوي جدًا،,انتهت بجيش نظامي قوي جدًا،
وإمبراطور قادر يهزم أي قوة عظمى.,وامبراطور قادر يهزم اي قوه عظمي.
ومن مَركِب إنجليزي مكسّرة اتبنى أسطول ضخم جدًا،,ومن مَركِب انجليزي مكسّره اتبني اسطول ضخم جدًا،
أكتر من 52 سفينة حربية,اكتر من 52 سفينه حربيه
اتبنت بأحدث التقنيات في هذا الوقت.,اتبنت باحدث التقنيات في هذا الوقت.
"في دولة ""بطرس الأكبر"" والقادمين من بعده","في دوله ""بطرس الاكبر"" والقادمين من بعده"
"هتكون مهمة كل سفراء ""روسيا"" إن هُما يكرروا","هتكون مهمه كل سفراء ""روسيا"" ان هُما يكرروا"
"الـGrand Embassy، اللي ""بطرس"" عملها في شبابه،","ال ، اللي ""بطرس"" عملها في شبابه،"
طول الوقت فيه عملية تطوير،,طول الوقت فيه عمليه تطوير،
"بيسافروا عشان يجيبوا علوم جديدة، ويطوروا ""روسيا""، عولمة بلدي.","بيسافروا عشان يجيبوا علوم جديده، ويطوروا ""روسيا""، عولمه بلدي."
"""بطرس"" شجّع ترجمات الكُتُب الأوروبية جدًا،","""بطرس"" شجّع ترجمات الكُتُب الاوروبيه جدًا،"
وفي عهده اتأسست أول صحيفة روسية،,وفي عهده اتاسست اول صحيفه روسيه،
"وكمان، ""الأكاديمية الروسية للعلوم"" 1724.","وكمان، ""الاكاديميه الروسيه للعلوم"" 1724."
"وبالنسبة لكل ممالك ""أوروبا""،","وبالنسبه لكل ممالك ""اوروبا""،"
"فـ""روسيا"" كانت خرجت للأبد من القرون الوسطى،","ف""روسيا"" كانت خرجت للابد من القرون الوسطي،"
وظهرت على مسرح التاريخ كبطل، كإمبراطورية، كِنَد،,وظهرت علي مسرح التاريخ كبطل، كامبراطوريه، كِنَد،
قوة تحب تبقى حليف ليها، ولكن تخاف جدًا لو حاربتك.,قوه تحب تبقي حليف ليها، ولكن تخاف جدًا لو حاربتك.
"""(أبو حميد)، شكرًا بجد على التجربة البطرسية، كانت ملهمة!""",""" ابو حميد ، شكرًا بجد علي التجربه البطرسيه، كانت ملهمه!"""
للأسف، يا عزيزي، الدولة ليست مثالية،,للاسف، يا عزيزي، الدوله ليست مثاليه،
"فاضل مشكلة واحدة عند ""بطرس""،","فاضل مشكله واحده عند ""بطرس""،"
"""بطرس"" دلوقتي هيقف أمام العدو اللي ما بيخسرش أبدًا.","""بطرس"" دلوقتي هيقف امام العدو اللي ما بيخسرش ابدًا."
"- ""مين دا يا (أبو حميد)؟"" - الزمن.","- ""مين دا يا ابو حميد ؟"" - الزمن."
خلّيني أقولّك إن الدولة برغم شبابها وطموح صاحبها،,خلّيني اقولّك ان الدوله برغم شبابها وطموح صاحبها،
"إلا إن زي ما قُلتلك كدا، ""بطرس"" كان ماسكها بالحديد،","الا ان زي ما قُلتلك كدا، ""بطرس"" كان ماسكها بالحديد،"
ونجح في استبدال كل سُلطة كانت موجودة بسُلطته هو، سُلطته لوحده،,ونجح في استبدال كل سُلطه كانت موجوده بسُلطته هو، سُلطته لوحده،
يمكن يكون نجح في تحقيق أحلامه وانتصر،,يمكن يكون نجح في تحقيق احلامه وانتصر،
ولكن هتفضل قُدّامه أكبر مشكلة،,ولكن هتفضل قُدّامه اكبر مشكله،
نفس الهاجس اللي بدأنا بيه الحلقة، البحث عن الخلافة.,نفس الهاجس اللي بدانا بيه الحلقه، البحث عن الخلافه.
"""بطرس"" كان عارف كويس إن هناك أعداء كتير لأفكاره،","""بطرس"" كان عارف كويس ان هناك اعداء كتير لافكاره،"
ناس عايزة تموّت عملية التحديث اللي بتحصل،,ناس عايزه تموّت عمليه التحديث اللي بتحصل،
"الخلافة هنا هتبقى أكبر خطر بيحاصر الـlegacy بتاعة ""بطرس""،","الخلافه هنا هتبقي اكبر خطر بيحاصر ال بتاعه ""بطرس""،"
"لأن ببساطة أكبر عدو لأفكار ""بطرس"" كان ابنه.","لان ببساطه اكبر عدو لافكار ""بطرس"" كان ابنه."
"في سن الـ17، ""ناتاليا""، أم ""بطرس""","في سن ال17، ""ناتاليا""، ام ""بطرس"""
"هتشرف على زواج ابنها، واللي هينتج عنه ولي العهد ابن ""بيتر""، ""أليكسي"".","هتشرف علي زواج ابنها، واللي هينتج عنه ولي العهد ابن ""بيتر""، ""اليكسي""."
"""بطرس"" كان بيكره مراته جدًا،","""بطرس"" كان بيكره مراته جدًا،"
ليه؟ لأن الجوازة اتفرضت عليه،,ليه؟ لان الجوازه اتفرضت عليه،
"كان زيها زي كل طقوس ""موسكو"" القديمة، ما بيحبهاش،","كان زيها زي كل طقوس ""موسكو"" القديمه، ما بيحبهاش،"
جوازة حاولت بيها الأم إنها ترجّعه للواقع، برة أحلامه،,جوازه حاولت بيها الام انها ترجّعه للواقع، بره احلامه،
عشان كدا، اعتبرها دايمًا حاجة لازم يهرب منها.,عشان كدا، اعتبرها دايمًا حاجه لازم يهرب منها.
"فلمّا رجع وسيطر على ""روسيا""،","فلمّا رجع وسيطر علي ""روسيا""،"
كانت واحدة من أهم قراراته للقطيعة مع الماضي,كانت واحده من اهم قراراته للقطيعه مع الماضي
إن هو ينهي زواجه.,ان هو ينهي زواجه.
"""بس يا (أبو حميد) الطلاق عمره ما كان حل لمشاكل القياصرة،","""بس يا ابو حميد الطلاق عمره ما كان حل لمشاكل القياصره،"
"وبعدين، الراجل دا ازاي هيطلّق، وهو أكيد ماضي قايمة؟!""","وبعدين، الراجل دا ازاي هيطلّق، وهو اكيد ماضي قايمه """
"""بيتر"" هيقرر إن هو ينهي زواجه عن طريق إن هو ينفي مراته،","""بيتر"" هيقرر ان هو ينهي زواجه عن طريق ان هو ينفي مراته،"
هيطلّع فيها حُكم،,هيطلّع فيها حُكم،
"ودي، يا عزيزي، هتبقى أكبر ""تروما"" لـ""أليكسي""،","ودي، يا عزيزي، هتبقي اكبر ""تروما"" ل""اليكسي""،"
اللي اتحرم من أمه وهو عنده 8 سنين،,اللي اتحرم من امه وهو عنده 8 سنين،
شاف أبوه القيصر المفتري وهو بينفيها،,شاف ابوه القيصر المفتري وهو بينفيها،
الأم اتنفت للدير، وهو اتنفى للحياة العسكرية،,الام اتنفت للدير، وهو اتنفي للحياه العسكريه،
حياة هو مُجبَر فيها إنه يكمّل كل خُطى أبوه،,حياه هو مُجبَر فيها انه يكمّل كل خُطي ابوه،
"الأب ""بيتر""، اللي كان مشغول بالطفل ""بيتر""،","الاب ""بيتر""، اللي كان مشغول بالطفل ""بيتر""،"
"ونسي خالص إن فيه طفل تاني، طفله هو، اسمه ""أليكسي""،","ونسي خالص ان فيه طفل تاني، طفله هو، اسمه ""اليكسي""،"
فعمره ما كان موجود في طفولته، ولا حسسه بحُبه.,فعمره ما كان موجود في طفولته، ولا حسسه بحُبه.
"""بطرس"" كان مقاتل، طوله مترين، وسيم، قوي،","""بطرس"" كان مقاتل، طوله مترين، وسيم، قوي،"
من لحظة ولادته وهو طفل، باين إن الواد دا هيكبر ويبقى محارب.,من لحظه ولادته وهو طفل، باين ان الواد دا هيكبر ويبقي محارب.
"""أليكسي"" بقى كان العكس، باهت وسلبي وجسمه ضعيف،","""اليكسي"" بقي كان العكس، باهت وسلبي وجسمه ضعيف،"
"طالع لعمه ""إيفان""،","طالع لعمه ""ايفان""،"
والأب، يا عزيزي، كان بيحتقر ضعف الابن دا.,والاب، يا عزيزي، كان بيحتقر ضعف الابن دا.
"""أليكسي"" كان عكس كل حاجة بيتمناها ""بطرس""،","""اليكسي"" كان عكس كل حاجه بيتمناها ""بطرس""،"
ولد بسيط طري، ما استحملش الحياة العسكرية،,ولد بسيط طري، ما استحملش الحياه العسكريه،
قضّى حياة كلها أسير في ذكرى طفولته اللي اتحرم منها،,قضّي حياه كلها اسير في ذكري طفولته اللي اتحرم منها،
"والأم اللي اتنفت، ومدينة ""موسكو"" اللي اتربى فيها.","والام اللي اتنفت، ومدينه ""موسكو"" اللي اتربي فيها."
"وقت التمرد على ضرايب ""روسيا"" وإجراءات ""بطرس""،","وقت التمرد علي ضرايب ""روسيا"" واجراءات ""بطرس""،"
"كان الولد ""أليكسي"" في سن الـ13،","كان الولد ""اليكسي"" في سن ال13،"
كان واحد من الناس اللي اتجندوا في سبيل تحقيق أحلام الوالد،,كان واحد من الناس اللي اتجندوا في سبيل تحقيق احلام الوالد،
ودا، يا عزيزي، خلّاه قريب من الناس وبيحس بوجعهم،,ودا، يا عزيزي، خلّاه قريب من الناس وبيحس بوجعهم،
"الصورة من فوق عند ""بطرس""","الصوره من فوق عند ""بطرس"""
إن هناك إمبراطورية عظيمة بتتبني بأيادي أبنائها.,ان هناك امبراطوريه عظيمه بتتبني بايادي ابنايها.
ولكن الصورة من تحت، من قلب الناس،,ولكن الصوره من تحت، من قلب الناس،
كانت 25 سنة تجنيد،,كانت 25 سنه تجنيد،
300 شهر من الأَسر.,300 شهر من الاَسر.
"""أليكسي"" شاف منظور الناس،","""اليكسي"" شاف منظور الناس،"
المنظور اللي عمر أبوه ما شافه،,المنظور اللي عمر ابوه ما شافه،
"كبر وهو بيكره ""سان بطرسبرج""،","كبر وهو بيكره ""سان بطرسبرج""،"
"بيكره الصورة الجديدة والحديثة لـ""روسيا""،","بيكره الصوره الجديده والحديثه ل""روسيا""،"
بيكره كل سياسات أبوه.,بيكره كل سياسات ابوه.
"للمفارقة، يا عزيزي، دي تقريبًا كانت نفس طفولة ""بطرس""، بس العكس،","للمفارقه، يا عزيزي، دي تقريبًا كانت نفس طفوله ""بطرس""، بس العكس،"
"""بطرس"" في شبابه كان بيبني سُفُن، وبيحاول يستكشف ""أوروبا""،","""بطرس"" في شبابه كان بيبني سُفُن، وبيحاول يستكشف ""اوروبا""،"
الابن في نفس السن كان مراهق منعزل مهزوز الشخصية،,الابن في نفس السن كان مراهق منعزل مهزوز الشخصيه،
كل المهام العسكرية اللي الأب ادّاهاله ما نجحش فيها.,كل المهام العسكريه اللي الاب ادّاهاله ما نجحش فيها.
"وفي أخطر لحظة في تاريخ ""روسيا""،","وفي اخطر لحظه في تاريخ ""روسيا""،"
"لحظة زحف ملك ""السويد"" على ""موسكو""،","لحظه زحف ملك ""السويد"" علي ""موسكو""،"
"اضطر ""بطرس"" إنه يسيب الجيش،","اضطر ""بطرس"" انه يسيب الجيش،"
ويقعد يمرّض ابنه في قلب المعسكر لمّا جاله الحُمّى.,ويقعد يمرّض ابنه في قلب المعسكر لمّا جاله الحُمّي.
"""بطرس"" هيجوّز ابنه سنة 1711،","""بطرس"" هيجوّز ابنه سنه 1711،"
"هيجوّزه بنبيلة ألمانية اسمها ""تشارلوت""،","هيجوّزه بنبيله المانيه اسمها ""تشارلوت""،"
أُسرتها ليها روابط مهمة جدًا,اُسرتها ليها روابط مهمه جدًا
مع الأُسرة البريطانية والأسرة النمساوية الحاكمة،,مع الاُسره البريطانيه والاسره النمساويه الحاكمه،
"الجوازة السياسية دي كانت ممكن تخلّي ""روسيا""","الجوازه السياسيه دي كانت ممكن تخلّي ""روسيا"""
مرتبطة ارتباط أبدي بقوّتين أعظم من بعض،,مرتبطه ارتباط ابدي بقوّتين اعظم من بعض،
جوازة، يا عزيزي، هتفرّح 3 بلاد،,جوازه، يا عزيزي، هتفرّح 3 بلاد،
بجيوشها، بشبابها، بحروبها،,بجيوشها، بشبابها، بحروبها،
بس هتزعّل واحد بس،,بس هتزعّل واحد بس،
"وهو ""أليكسي""، اللي هيتجوز،","وهو ""اليكسي""، اللي هيتجوز،"
"الواد كان بيكره ""تشارلوت"" كُره شديد!","الواد كان بيكره ""تشارلوت"" كُره شديد!"
"أصعب لحظة حصلت بين ""بطرس"" وابنه","اصعب لحظه حصلت بين ""بطرس"" وابنه"
"لمّا ""بطرس"" طلب من الابن","لمّا ""بطرس"" طلب من الابن"
إن ابنه هو اللي يدير مراسم زواجه بنفسه،,ان ابنه هو اللي يدير مراسم زواجه بنفسه،
وهو اللي يعمّد مراة أبوه الجديدة،,وهو اللي يعمّد مراه ابوه الجديده،
فاهم؟ أنا عشان ما كنتش لخبطتك،,فاهم؟ انا عشان ما كنتش لخبطتك،
"إن ""انت يا (أليكس) اللي هتعمّد مراتي أنا أبوك،","ان ""انت يا اليكس اللي هتعمّد مراتي انا ابوك،"
"ودوس بقى على جراح أمك المنفية في دير somewhere!""","ودوس بقي علي جراح امك المنفيه في دير !"""
طبعًا، الولد بدأ يكره أبوه أكتر وأكتر!,طبعًا، الولد بدا يكره ابوه اكتر واكتر!
نحن هُنا أمام قصة كلاسيكية،,نحن هُنا امام قصه كلاسيكيه،
"ولد فشل في أن يصبح ""مصطفى شوبير""،","ولد فشل في ان يصبح ""مصطفي شوبير""،"
"ونجح في أن يصبح ""عبد الوهاب عبد الغفور البرعي""!","ونجح في ان يصبح ""عبد الوهاب عبد الغفور البرعي""!"
"الرعب كله هيبدأ لمّا أفكار معيّنة تغزو ""روسيا"" سنة 1707،","الرعب كله هيبدا لمّا افكار معيّنه تغزو ""روسيا"" سنه 1707،"
"همسات بيهمسها كل كارهين ""بطرس""،","همسات بيهمسها كل كارهين ""بطرس""،"
كل كارهين سياساته شايفين إن ربما يكون الحل,كل كارهين سياساته شايفين ان ربما يكون الحل
في ابنه المتمرد،,في ابنه المتمرد،
"""حبيب جدو القمر اللي بيحنّ للسياسات القديمة والعزلة،","""حبيب جدو القمر اللي بيحنّ للسياسات القديمه والعزله،"
الشاب اللي بيحب (موسكو) وثقافتها القديمة،,الشاب اللي بيحب موسكو وثقافتها القديمه،
وبيلعن إصلاحات أبوه ومدينته الجديدة،,وبيلعن اصلاحات ابوه ومدينته الجديده،
شاب من نسل القيصر، يعني عنده شرعية،,شاب من نسل القيصر، يعني عنده شرعيه،
ولو مسك الحُكم، هيعمل Ctrl A + Delete لكل اللي أبوه عمله.,ولو مسك الحُكم، هيعمل لكل اللي ابوه عمله.
"دا اللي هيرجّعنا لزمان وأيام زمان!""","دا اللي هيرجّعنا لزمان وايام زمان!"""
"على حسب المصادر، يا عزيزي، فجيل هذا الابن ""أليكسي""","علي حسب المصادر، يا عزيزي، فجيل هذا الابن ""اليكسي"""
هو أكتر جيل دفع حياته literally، 25 سنة من أعمار الشباب،,هو اكتر جيل دفع حياته ، 25 سنه من اعمار الشباب،
بتروح عشان نحقق حلم هذا القائد!,بتروح عشان نحقق حلم هذا القايد!
انت يا تحارب معاه، وتموت،,انت يا تحارب معاه، وتموت،
يا ترجع تقعد هنا كمُواطن تدفع ضرايب، على دقن!,يا ترجع تقعد هنا كمُواطن تدفع ضرايب، علي دقن!
أحلام إمبراطور واحد دمرت literally جيل بالكامل،,احلام امبراطور واحد دمرت جيل بالكامل،
ويمكن طوق النجاة ييجي من واحد من أبناء هذا الجيل.,ويمكن طوق النجاه ييجي من واحد من ابناء هذا الجيل.
"""أليكسي""، يا عزيزي، تحت الضغط الكبير جدًا","""اليكسي""، يا عزيزي، تحت الضغط الكبير جدًا"
"اللي حطه أبوه ""بيتر""، اللي عايزه ييجي يكمّل مسيرته،","اللي حطه ابوه ""بيتر""، اللي عايزه ييجي يكمّل مسيرته،"
هيقرر، يا عزيزي، إنه ينتحر.,هيقرر، يا عزيزي، انه ينتحر.
ولمّا يفشل في الانتحار، هيروح لأبوه يتحايل عليه،,ولمّا يفشل في الانتحار، هيروح لابوه يتحايل عليه،
"""أبوس إيدك، خرّجني، أنا مش عايز أبقى ولي العهد،","""ابوس ايدك، خرّجني، انا مش عايز ابقي ولي العهد،"
أنا حاولت أنتحر، وفشلت!,انا حاولت انتحر، وفشلت!
"خصوصًا كمان، إن أنا خلّفتلك الحفيد اللي انت عايزه، اتفضل يا عم!""","خصوصًا كمان، ان انا خلّفتلك الحفيد اللي انت عايزه، اتفضل يا عم!"""
ما فيش، يا عزيزي، هنا أب قرر يوقّف اللوم،,ما فيش، يا عزيزي، هنا اب قرر يوقّف اللوم،
كل أب ظهر في هذه الحلقة بيعكس مشاكله على ابنه!,كل اب ظهر في هذه الحلقه بيعكس مشاكله علي ابنه!
"""بطرس""، يا عزيزي، بيرفض طلب ابنه بتخلّيه عن العهد،","""بطرس""، يا عزيزي، بيرفض طلب ابنه بتخلّيه عن العهد،"
"حتى بعد ما ""بطرس"" من مراته الجديدة يخلّف ولي عهد،","حتي بعد ما ""بطرس"" من مراته الجديده يخلّف ولي عهد،"
"فـ""أليكسي، يا عزيزي، مش هيلاقي قُدّامه غير حل واحد،","ف""اليكسي، يا عزيزي، مش هيلاقي قُدّامه غير حل واحد،"
وهو إنه يهرب هو وعشيقته الفنلندية،,وهو انه يهرب هو وعشيقته الفنلنديه،
"هيطلعوا على ""أوروبا"" سنة 1716،","هيطلعوا علي ""اوروبا"" سنه 1716،"
"وهناك، هيطلب الجوار في بلاط مَلِك ""فيينا"".","وهناك، هيطلب الجوار في بلاط مَلِك ""فيينا""."
"دي، يا عزيزي، كانت طعنة لـ""بطرس"" بين حواجبه!","دي، يا عزيزي، كانت طعنه ل""بطرس"" بين حواجبه!"
"""بطرس"" القائد العظيم الإمبراطور،","""بطرس"" القايد العظيم الامبراطور،"
اللي لمّا بيبقى عايز حاجة، بيعملها،,اللي لمّا بيبقي عايز حاجه، بيعملها،
"والـbrand بتاعه، إن ""أنا الشخص اللي قادر أدير المساحة دي كلها.""","وال بتاعه، ان ""انا الشخص اللي قادر ادير المساحه دي كلها."""
بس مش قادر يحكُم خليفته،,بس مش قادر يحكُم خليفته،
مش قادر يخلّي ابنه يبقى ولي العهد بتاع مملكته،,مش قادر يخلّي ابنه يبقي ولي العهد بتاع مملكته،
"""عارف تضمن ولاء كل دُول، ومش عارف تضمن ولاء ابنك؟! أحّيه!""","""عارف تضمن ولاء كل دُول، ومش عارف تضمن ولاء ابنك احّيه!"""
"""بطرس""، يا عزيزي، كان بيحارب على الـimage،","""بطرس""، يا عزيزي، كان بيحارب علي ال ،"
هيقوم باعت مبعوت من عنده برسالة,هيقوم باعت مبعوت من عنده برساله
يغري فيها الابن إنه يرجع مقابل عفو،,يغري فيها الابن انه يرجع مقابل عفو،
ومقابل وعد بأكتر حاجة الابن اتمناها في حياته،,ومقابل وعد باكتر حاجه الابن اتمناها في حياته،
"""لو رجعت، يا حبيبي، مش بس هدّيك عفو، لأ،","""لو رجعت، يا حبيبي، مش بس هدّيك عفو، لا،"
"دا أنا هحبّك أكتر من قبل كدا.""","دا انا هحبّك اكتر من قبل كدا."""
هنا، يا عزيزي، الابن اللي نفسه يتحَب، بيضعف ويرجع لأبوه يحب على إيده،,هنا، يا عزيزي، الابن اللي نفسه يتحَب، بيضعف ويرجع لابوه يحب علي ايده،
"""سامحني يا آبا القيصر، أنا آسف يا آبا القيصر،","""سامحني يا ابا القيصر، انا اسف يا ابا القيصر،"
"حقك عليا يا آبا القيصر!""","حقك عليا يا ابا القيصر!"""
"اللي ""أليكسي""، يا عزيزي، للأسف، ما كانش يعرفه،","اللي ""اليكسي""، يا عزيزي، للاسف، ما كانش يعرفه،"
إن هو وهو راجع لأبوه،,ان هو وهو راجع لابوه،
عشان ياخد هذا الحُب اللي كان مفتقده عبر السنين دي كلها، وياخد رضاه،,عشان ياخد هذا الحُب اللي كان مفتقده عبر السنين دي كلها، وياخد رضاه،
إنه، في حقيقة الأمر، راجع لنهايته!,انه، في حقيقه الامر، راجع لنهايته!
"واحد بذكاء ""بطرس"" طبيعي يبقى فاهم الخطر دلوقتي،","واحد بذكاء ""بطرس"" طبيعي يبقي فاهم الخطر دلوقتي،"
"""الخطر الوحيد على إنجازاتي","""الخطر الوحيد علي انجازاتي"
لم يعُد إمبراطورية سويدية، ولا الجيوش العثمانية،,لم يعُد امبراطوريه سويديه، ولا الجيوش العثمانيه،
ولا الكنيسة، ولا متمردين،,ولا الكنيسه، ولا متمردين،
الخطر الوحيد، أكبر تهديد عليا، هو واحد من نسلي،,الخطر الوحيد، اكبر تهديد عليا، هو واحد من نسلي،
لو سيبته عايش، هيورث العرش،,لو سيبته عايش، هيورث العرش،
وهيهدّ كل إنجازاتي،,وهيهدّ كل انجازاتي،
"هيضيّع كل حاجة أنا عملتها.""","هيضيّع كل حاجه انا عملتها."""
الناس بتنسى إن جزء كبير من رغبة البشر في الخلفة,الناس بتنسي ان جزء كبير من رغبه البشر في الخلفه
مش عشان نجيب أولاد ونلعب معاهم،,مش عشان نجيب اولاد ونلعب معاهم،
لأ، الأولاد امتداد لذواتنا،,لا، الاولاد امتداد لذواتنا،
احنا بنجيب بشر، بنخلّف، عشان نبقى،,احنا بنجيب بشر، بنخلّف، عشان نبقي،
ذكرانا تفضل موجودة، بنبحث عن الخلود،,ذكرانا تفضل موجوده، بنبحث عن الخلود،
أول ما ابني دا هيهدد خلودي،,اول ما ابني دا هيهدد خلودي،
هيهدد وجودي، هَقطَعه!,هيهدد وجودي، هَقطَعه!
لمّا يبقى أكبر خطر على خلود اسمي،,لمّا يبقي اكبر خطر علي خلود اسمي،
المفروض يبقى أأمن حارس عليه!,المفروض يبقي اامن حارس عليه!
"هنا، ""بطرس"" حس بالخيانة،","هنا، ""بطرس"" حس بالخيانه،"
وحتى، يا عزيزي، ابنه لو ما كانش هيخونه،,وحتي، يا عزيزي، ابنه لو ما كانش هيخونه،
فهو في أحسن الحالات شخص ضعيف،,فهو في احسن الحالات شخص ضعيف،
"""شخص لا يمثّلني!","""شخص لا يمثّلني!"
حتى لو رجع وبقى ولي العهد، فهو ضعيف،,حتي لو رجع وبقي ولي العهد، فهو ضعيف،
في الغالب، هيبقى مجرد وسيلة للأعداء يحكموا بيه (روسيا)،,في الغالب، هيبقي مجرد وسيله للاعداء يحكموا بيه روسيا ،
"ويقيّموا بقى إنجازاتي، يقيّموا قراراتي!""","ويقيّموا بقي انجازاتي، يقيّموا قراراتي!"""
"""بطرس"" هنا، يا عزيزي، هيفكر إن أول فعل سياسي شافه في طفولته كان الخيانة،","""بطرس"" هنا، يا عزيزي، هيفكر ان اول فعل سياسي شافه في طفولته كان الخيانه،"
ومن مين؟ من حد معاه في العيلة،,ومن مين؟ من حد معاه في العيله،
"من أخته ""صوفيا"".","من اخته ""صوفيا""."
"وهنا، الطفل اللي جوا ""بطرس"" بيظهر في وجهه الأقبح،","وهنا، الطفل اللي جوا ""بطرس"" بيظهر في وجهه الاقبح،"
ولكن المرادي يتجسّد في جسد مُسِنّ،,ولكن المرادي يتجسّد في جسد مُسِنّ،
مسن في خريف العمر بيقرر إن هو يدافع عن نفسه,مسن في خريف العمر بيقرر ان هو يدافع عن نفسه
ضد خيانة ابنه لكل الأحلام اللي كان بيحلمها.,ضد خيانه ابنه لكل الاحلام اللي كان بيحلمها.
اللي قُدّامك دي، يا عزيزي، واحدة من أقسى وأشهر لوحات الفن،,اللي قُدّامك دي، يا عزيزي، واحده من اقسي واشهر لوحات الفن،
"دي لوحة للفنان الروسي ""إيليا ريبن""،","دي لوحه للفنان الروسي ""ايليا ريبن""،"
اللوحة دي، يا عزيزي، بتجسّد,اللوحه دي، يا عزيزي، بتجسّد
"لحظة خوف ورعب وذعر القيصر ""إيفان الرهيب""، Ivan The Terrible،","لحظه خوف ورعب وذعر القيصر ""ايفان الرهيب""، ،"
لمّا قتل ابنه ووريثه في لحظة غضب منه،,لمّا قتل ابنه ووريثه في لحظه غضب منه،
"القيصر ""إيفان"" ما كانش مصدّق جريمته،","القيصر ""ايفان"" ما كانش مصدّق جريمته،"
وظهر، زي ما انت شايف كدا في اللوحة، في حالة خوف ورعب.,وظهر، زي ما انت شايف كدا في اللوحه، في حاله خوف ورعب.
ورغم قسوة اللوحة مهما كانت،,ورغم قسوه اللوحه مهما كانت،
فأكيد الواقع كان أقسى بكتير!,فاكيد الواقع كان اقسي بكتير!
"وبنفس الشكل، يا عزيزي، ""بطرس""، سليل القياصرة،","وبنفس الشكل، يا عزيزي، ""بطرس""، سليل القياصره،"
"ومن نسل ""إيفان الرهيب""،","ومن نسل ""ايفان الرهيب""،"
هيقرر بعد عمل محاكمة صورية،,هيقرر بعد عمل محاكمه صوريه،
بإنه يقتل ابنه،,بانه يقتل ابنه،
"""الابن دا عمل أكبر جريمة،","""الابن دا عمل اكبر جريمه،"
خان أحلامي،,خان احلامي،
"وعقوبة خيانة أحلامي أنا (بطرس الأكبر) هي الموت!""","وعقوبه خيانه احلامي انا بطرس الاكبر هي الموت!"""
"وعلى أد ما الفن بيّن قسوة ""إيفان""، وندمه،","وعلي اد ما الفن بيّن قسوه ""ايفان""، وندمه،"
"فـ""بطرس"" هيكون أكثر قسوة بكتير من أب قتل ابنه في لحظة غضب،","ف""بطرس"" هيكون اكثر قسوه بكتير من اب قتل ابنه في لحظه غضب،"
"""بطرس"" كان عنده وقت إنه يقف ويفكر ويراجع،","""بطرس"" كان عنده وقت انه يقف ويفكر ويراجع،"
"""بطرس"" عمل لابنه محاكمة صورية، بيحاكم ابنه فيها،","""بطرس"" عمل لابنه محاكمه صوريه، بيحاكم ابنه فيها،"
وهيقرر بعدها إنه يقتل ابنه بإرادته الكاملة،,وهيقرر بعدها انه يقتل ابنه بارادته الكامله،
بتعذيب ممنهج وبطيء،,بتعذيب ممنهج وبطيء،
"لحد ما يموت ""أليكسي"" يوم 26 يونيو 1718!","لحد ما يموت ""اليكسي"" يوم 26 يونيو 1718!"
يموت من غير ما يكون هناك أي دليل تاريخي حاسم لتآمره على والده،,يموت من غير ما يكون هناك اي دليل تاريخي حاسم لتامره علي والده،
ولكن يمكن تكون جريمته الوحيدة,ولكن يمكن تكون جريمته الوحيده
هي إنه عمره ما عرف يحب أحلام أبوه!,هي انه عمره ما عرف يحب احلام ابوه!
"بعد 7 سنين، يا عزيزي، ""بطرس الأكبر"" بيموت من غير ما يسيب خليفة وراه،","بعد 7 سنين، يا عزيزي، ""بطرس الاكبر"" بيموت من غير ما يسيب خليفه وراه،"
"بيموت وهو سايب وراه سيرة تكاد تكون من أهم السِيَر في تاريخ ""روسيا""،","بيموت وهو سايب وراه سيره تكاد تكون من اهم السِيَر في تاريخ ""روسيا""،"
بطل صنع التاريخ، وقدِر يهزم الجغرافيا،,بطل صنع التاريخ، وقدِر يهزم الجغرافيا،
"ونجح في إنه يحقق حلمه في إن يتفتح باب من ""روسيا"" لـ""أوروبا""","ونجح في انه يحقق حلمه في ان يتفتح باب من ""روسيا"" ل""اوروبا"""
ما يتقفلش لحد دلوقتي.,ما يتقفلش لحد دلوقتي.
"""بطرس"" لحد موته هيكون خايف إن إنجازاته تتمحي من بعده،","""بطرس"" لحد موته هيكون خايف ان انجازاته تتمحي من بعده،"
"ولكن المؤرخ ""ميخائيل بوجودين"" هيكتب سنة 1841،","ولكن المورخ ""ميخاييل بوجودين"" هيكتب سنه 1841،"
"بعد أكتر من قرن من موت ""بطرس""،","بعد اكتر من قرن من موت ""بطرس""،"
"""أينما تنظر في كل مكان، ستقابل هذا الكيان،","""اينما تنظر في كل مكان، ستقابل هذا الكيان،"
كيان يتمدد كأن أذرعه تحاوطنا،,كيان يتمدد كان اذرعه تحاوطنا،
"رجُل لن يختفي من النظر مهما تقدمنا في المستقبل.""","رجُل لن يختفي من النظر مهما تقدمنا في المستقبل."""
"""بطرس الأكبر""، يا عزيزي، هيموت بمرارة إن هو ما عيّنش وريث حقيقي،","""بطرس الاكبر""، يا عزيزي، هيموت بمراره ان هو ما عيّنش وريث حقيقي،"
وريث يطمنه إنه هيحفظ تاريخه وهيحفظ أحلامه،,وريث يطمنه انه هيحفظ تاريخه وهيحفظ احلامه،
وإن actually أكبر أعدائه ما كانوش موجودين برة البلد،,وان اكبر اعدايه ما كانوش موجودين بره البلد،
ولا حتى بعيد عن إيده،,ولا حتي بعيد عن ايده،
لأ، دا كان نسله، للمفارقة، خليفته.,لا، دا كان نسله، للمفارقه، خليفته.
"ولكن للمفارقة، كتير من الناس اللي جت بعد ""بيتر"" تحكُم،","ولكن للمفارقه، كتير من الناس اللي جت بعد ""بيتر"" تحكُم،"
هيكونوا أبناء، ولو غير شرعيين، لأحلامه،,هيكونوا ابناء، ولو غير شرعيين، لاحلامه،
"هيحققوا لـ""بطرس"" اللي ""أليكسي"" ابنه ما عرفش يعمله،","هيحققوا ل""بطرس"" اللي ""اليكسي"" ابنه ما عرفش يعمله،"
هيحافظوله على أحلامه.,هيحافظوله علي احلامه.
من 4 سنين، يا عزيزي، سنة 2022،,من 4 سنين، يا عزيزي، سنه 2022،
"""بوتين"" هيشبّه نفسه بـ""بطرس الأكبر""،","""بوتين"" هيشبّه نفسه ب""بطرس الاكبر""،"
"وهيشبّه حروب في ""أوكرانيا"" بحروب ""بطرس"" في الشَمال،","وهيشبّه حروب في ""اوكرانيا"" بحروب ""بطرس"" في الشَمال،"
"وبالرغم من إن ""بوتين"" بيعادي ""أوروبا"" الغربية","وبالرغم من ان ""بوتين"" بيعادي ""اوروبا"" الغربيه"
وبيحتقر ثقافتها في الخُطَب بتاعته،,وبيحتقر ثقافتها في الخُطَب بتاعته،
"بينما ""بطرس"" كان كل اللي يتمناه إنه ينقل هذه الثقافة إلى ""روسيا"".","بينما ""بطرس"" كان كل اللي يتمناه انه ينقل هذه الثقافه الي ""روسيا""."
"ولكن ربما، يا عزيزي، ""بطرس"" بيمثل لـ""بوتين""","ولكن ربما، يا عزيزي، ""بطرس"" بيمثل ل""بوتين"""
"ولكل شخص هيحكُم ""روسيا""","ولكل شخص هيحكُم ""روسيا"""
الحلم اللي اتحقق،,الحلم اللي اتحقق،
الحلم بإن شخص واحد يمتلك السُلطة والإرادة،,الحلم بان شخص واحد يمتلك السُلطه والاراده،
عشان يقدر يكتب التاريخ، ويتحرر بحروبه من عدوه الأول، الجغرافيا،,عشان يقدر يكتب التاريخ، ويتحرر بحروبه من عدوه الاول، الجغرافيا،
ويُتوّج كإمبراطور منتصر،,ويُتوّج كامبراطور منتصر،
لإمبراطورية سجينة،,لامبراطوريه سجينه،
سجينة لمشاكلها الجغرافية إلى الأبد.,سجينه لمشاكلها الجغرافيه الي الابد.
"ما دام ""بطرس"" نجح مرة، يبقى الوصفة دي تقدر تشتغل تاني وتالت ورابع.","ما دام ""بطرس"" نجح مره، يبقي الوصفه دي تقدر تشتغل تاني وتالت ورابع."
ولكن طبعًا، هنا السؤال،,ولكن طبعًا، هنا السوال،
"هل التاريخ هيقدر يتكرر، وينجح حُكّام ""روسيا"" الحاليين،","هل التاريخ هيقدر يتكرر، وينجح حُكّام ""روسيا"" الحاليين،"
"بعد قرون من وفاة ""بطرس""،","بعد قرون من وفاه ""بطرس""،"
في إنهم يعملوا زيه، ويهزموا تحديات الجغرافيا؟,في انهم يعملوا زيه، ويهزموا تحديات الجغرافيا؟
خلّيني أقولّك، يا عزيزي، إن الجغرافيا ما بتتغيّرش،,خلّيني اقولّك، يا عزيزي، ان الجغرافيا ما بتتغيّرش،
ولكن اللي بيتغير دايمًا هو التاريخ،,ولكن اللي بيتغير دايمًا هو التاريخ،
لأن الحاضر، بسم الله، ما شاء الله، كل شوية يرمي عليه!,لان الحاضر، بسم الله، ما شاء الله، كل شويه يرمي عليه!
وبالتالي، المستقبل وحده هو مَن يمتلك هذه الإجابة.,وبالتالي، المستقبل وحده هو مَن يمتلك هذه الاجابه.
لحد ما نعرف هذه الإجابة، يدّيك ويدّيني طولة العمر،,لحد ما نعرف هذه الاجابه، يدّيك ويدّيني طوله العمر،
وتشوف الحلقات اللي فاتت، تشوف الحلقات الجاية،,وتشوف الحلقات اللي فاتت، تشوف الحلقات الجايه،
"ننزل نبص على المصادر، ولو احنا على الـ""يوتيوب""، نشترك على القناة.","ننزل نبص علي المصادر، ولو احنا علي ال""يوتيوب""، نشترك علي القناه."
انت عارف يا عزيزي الروس لمّا بيجوعوا، بياكلوا إيه؟,انت عارف يا عزيزي الروس لمّا بيجوعوا، بياكلوا ايه؟
"- ""إيه يا (أبو حميد)؟!"" - عيش قيصر!","- ""ايه يا ابو حميد "" - عيش قيصر!"
"""بس، يا (أبو حميد)، أنا بَشوفهم رفيعين،","""بس، يا ابو حميد ، انا بَشوفهم رفيعين،"
"مستحيل يكونوا بياكلوا كل هذا الدقيق الأبيض، وما بيتخنوش!""","مستحيل يكونوا بياكلوا كل هذا الدقيق الابيض، وما بيتخنوش!"""
ما هما، يا عزيزي، بياخدوا العيش دا Rasputin Free،,ما هما، يا عزيزي، بياخدوا العيش دا ،
Gluten على وزن Rasputin!,علي وزن !
"""رومانسية منسية"" من غير... من غير بنات حلوة!","""رومانسيه منسيه"" من غير من غير بنات حلوه!"
"""خانّي (ستالين) بعد اليمين تاني أنا!""","""خانّي ستالين بعد اليمين تاني انا!"""
إخواتي،,اخواتي،
هُما ما سابولناش حاجة،,هُما ما سابولناش حاجه،
خَدوا كل حاجة...,خَدوا كل حاجه
فاحنا هنسيبهالهم خلاص!,فاحنا هنسيبهالهم خلاص!
"هنعمل إيه يا ""جونز""؟","هنعمل ايه يا ""جونز""؟"
مش هنسمع كلامهم،,مش هنسمع كلامهم،
"كلامهم هو اللي ضيّع ""أمريكا""،","كلامهم هو اللي ضيّع ""امريكا""،"
عشان كدا، كلنا هننتحر.,عشان كدا، كلنا هننتحر.
هو دا الكلام!,هو دا الكلام!
اسكت انت!,اسكت انت!
ثانية واحدة، ننتحر؟!,ثانيه واحده، ننتحر
ننتحر من غير ما نتخانق؟!,ننتحر من غير ما نتخانق
لو مش هيسيبونا نعيش بسلام،,لو مش هيسيبونا نعيش بسلام،
يبقى نموت بسلام.,يبقي نموت بسلام.
كلام زي الفُل.,كلام زي الفُل.
يا ابني، اسكت، نفهم،,يا ابني، اسكت، نفهم،
"هو لو حد قالّك: ""نُط في البحر""، هتنُط؟!","هو لو حد قالّك: ""نُط في البحر""، هتنُط"
"والله لو ""جيم جونز"" هو اللي قالّي: ""نُط""، هنُط.","والله لو ""جيم جونز"" هو اللي قالّي: ""نُط""، هنُط."
"يا ""جيم""، أنا مش فاهم،","يا ""جيم""، انا مش فاهم،"
يعني، هنموّت نفسنا،,يعني، هنموّت نفسنا،
بعد ما قُلتلنا إن انت هتعيّشنا عيشة أحسن؟!,بعد ما قُلتلنا ان انت هتعيّشنا عيشه احسن
انتم وثقتم فيا واخترتوني،,انتم وثقتم فيا واخترتوني،
وأنا بقولّكم، خلاص،,وانا بقولّكم، خلاص،
احنا دلوقتي محتاجين ننتحر انتحار ثوري.,احنا دلوقتي محتاجين ننتحر انتحار ثوري.
صح!,صح!
يا ضعيف الشخصية يا ابن الإمعة،,يا ضعيف الشخصيه يا ابن الامعه،
اسكت لمّا نفهم!,اسكت لمّا نفهم!
يعني إيه انتحار ثوري؟,يعني ايه انتحار ثوري؟
إيه الثورية في الانتحار؟! دا استسلام.,ايه الثوريه في الانتحار دا استسلام.
ولا، انت مين اللي دخّلك مجموعتنا؟!,ولا، انت مين اللي دخّلك مجموعتنا
وبتفكر لنفسك ازاي؟!,وبتفكر لنفسك ازاي
وما أفكرش لنفسي ليه؟,وما افكرش لنفسي ليه؟
"والله، لو مش عاجبك، ارجع ""أمريكا"".","والله، لو مش عاجبك، ارجع ""امريكا""."
وأنا ليا حساب تاني مع اللي دخّلك معانا،,وانا ليا حساب تاني مع اللي دخّلك معانا،
لو لسة ما انتحرش.,لو لسه ما انتحرش.
انت مش قائد ولا بطل ولا زعيم،,انت مش قايد ولا بطل ولا زعيم،
انت مجرد شخص نرجسي،,انت مجرد شخص نرجسي،
عايز يموّتنا كلنا!,عايز يموّتنا كلنا!
انت ما لكش الشرف إنك تموت معانا يا رأسمالي يا سفيه!,انت ما لكش الشرف انك تموت معانا يا راسمالي يا سفيه!
- اطردوه برة! - أيوة. اطردوه برة.,- اطردوه بره! - ايوه. اطردوه بره.
هنموّت نفسنا ازاي يا زعيم؟,هنموّت نفسنا ازاي يا زعيم؟
أنا جاهز أنُط في البحر.,انا جاهز انُط في البحر.
لأ، احنا هنشرب عصير جوّاه سِم.,لا، احنا هنشرب عصير جوّاه سِم.
هستأذنك بس، ممكن من غير عصير،,هستاذنك بس، ممكن من غير عصير،
مش عايز حاجة فيها سُكّر،,مش عايز حاجه فيها سُكّر،
ممكن شاي أخضر مثلًا؟,ممكن شاي اخضر مثلًا؟
للأسف، ما جيبناش معانا artificial sweeteners،,للاسف، ما جيبناش معانا ،
بس ممكن نحُطّلك عسل،,بس ممكن نحُطّلك عسل،
بحيث إن هو يبقى natural أكتر.,بحيث ان هو يبقي اكتر.
بس ساعتها، هيبقى السِم في العسل.,بس ساعتها، هيبقي السِم في العسل.
ومش حابب المجاز دا يعني!,ومش حابب المجاز دا يعني!
أعزائي المشاهدين، السلام عليكم ورحمة الله وبركاته،,اعزايي المشاهدين، السلام عليكم ورحمه الله وبركاته،
"أهلًا بكم في حلقة جديدة، من برنامج ""الدحّيح""!","اهلًا بكم في حلقه جديده، من برنامج ""الدحّيح""!"
عزيزي المُشاهد الجميل، هات إيدك، وحاول ما تندمش إن انت ادّتني إيدك المرادي،,عزيزي المُشاهد الجميل، هات ايدك، وحاول ما تندمش ان انت ادّتني ايدك المرادي،
تعالى معايا يوم 18 نوفمبر 1978،,تعالي معايا يوم 18 نوفمبر 1978،
هندخل مع بعض في أعماق إحدى الغابات الاستوائية،,هندخل مع بعض في اعماق احدي الغابات الاستواييه،
مكان مليان بالرطوبة والحشرات،,مكان مليان بالرطوبه والحشرات،
"احنا دلوقتي في دولة ""غيانا"" اللاتينية،","احنا دلوقتي في دوله ""غيانا"" اللاتينيه،"
شايفين قُدّامنا عيّلة صغيرة واقفة في صف طويل جدًا من الناس،,شايفين قُدّامنا عيّله صغيره واقفه في صف طويل جدًا من الناس،
ومش فاهمة إيه اللي بيحصل حواليها،,ومش فاهمه ايه اللي بيحصل حواليها،
كل الناس واقفين مرتبكين وإيديهم بتترعش وهُما ماسكين كوبايات،,كل الناس واقفين مرتبكين وايديهم بتترعش وهُما ماسكين كوبايات،
حالة من الرعب الجماعي.,حاله من الرعب الجماعي.
الطفلة بتبُص للأم وبتسألها:,الطفله بتبُص للام وبتسالها:
"""ماما، هو أنا لازم أشرب من الكوباية دي؟!""","""ماما، هو انا لازم اشرب من الكوبايه دي """
الأم بتبصُلها بنظرة فيها استسلام،,الام بتبصُلها بنظره فيها استسلام،
بعدها، بتبُص للراجل اللي قُدّامها، اللي لابس نضارة سودا،,بعدها، بتبُص للراجل اللي قُدّامها، اللي لابس نضاره سودا،
وقاعد أمام كل هذه الجموع على كرسي كأنه عرش،,وقاعد امام كل هذه الجموع علي كرسي كانه عرش،
ماسك ميكروفون وبيخطُب فيهم ويقول:,ماسك ميكروفون وبيخطُب فيهم ويقول:
"""دا مش موت، دي تضحية، دا انتحار ثوري.""","""دا مش موت، دي تضحيه، دا انتحار ثوري."""
الراجل خلّص خطابه، قامت الناس رافعة الكوبايات اللي كان فيهم سِم،,الراجل خلّص خطابه، قامت الناس رافعه الكوبايات اللي كان فيهم سِم،
وكُلّه، يا عزيزي، بيشرب مرة واحدة،,وكُلّه، يا عزيزي، بيشرب مره واحده،
وفي لحظات، ستات ورجالة، وزي ما شُفنا، أطفال،,وفي لحظات، ستات ورجاله، وزي ما شُفنا، اطفال،
بقوا جثث هامدة على الأرض.,بقوا جثث هامده علي الارض.
ومع سكوت البشر بعد موتهم، صوت الغابة بيرجع يعلى من تاني،,ومع سكوت البشر بعد موتهم، صوت الغابه بيرجع يعلي من تاني،
ولا كأن أي حاجة حصلت.,ولا كان اي حاجه حصلت.
الراجل، يا عزيزي، اللي بحكيلك عنه،,الراجل، يا عزيزي، اللي بحكيلك عنه،
اللي كان قاعد وسط الناس، وكان موجود على العرش، وانتحر،,اللي كان قاعد وسط الناس، وكان موجود علي العرش، وانتحر،
"الراجل دا اسمه ""جيم جونز""،","الراجل دا اسمه ""جيم جونز""،"
وهذه الغابة لم تكُن مجرد غابة،,وهذه الغابه لم تكُن مجرد غابه،
"دي مدينته، ""جونز تاون""،","دي مدينته، ""جونز تاون""،"
اللي أنا وصفتهولك دا كان واحدة من أكبر عمليات الانتحار الجماعي في التاريخ.,اللي انا وصفتهولك دا كان واحده من اكبر عمليات الانتحار الجماعي في التاريخ.
السؤال اللي حيّر الجميع مش ازاي كل دُول ماتوا،,السوال اللي حيّر الجميع مش ازاي كل دُول ماتوا،
ولكن، ليه كل دُول ماتوا؟,ولكن، ليه كل دُول ماتوا؟
ليه أكتر من 900 إنسان وافقوا بإرادتهم الحُرة,ليه اكتر من 900 انسان وافقوا بارادتهم الحُره
إن هُما يشربوا سِم،,ان هُما يشربوا سِم،
ومش هُما بس، دا هُما وولادهم؟!,ومش هُما بس، دا هُما وولادهم
كل دا، لمجرد إن شخص واحد أمرهم بكدا.,كل دا، لمجرد ان شخص واحد امرهم بكدا.
وطبعًا، كعادة هذا البرنامج،,وطبعًا، كعاده هذا البرنامج،
الأسئلة التي تبدو سهلة،,الاسيله التي تبدو سهله،
تحمل الكثير من الإجابات المعقدة.,تحمل الكثير من الاجابات المعقده.
سؤال: ليه كل دُول انتحروا؟ كانت إجابته بسيطة جدًا،,سوال: ليه كل دُول انتحروا؟ كانت اجابته بسيطه جدًا،
كلمة واحدة، وهي Cult،,كلمه واحده، وهي ،
الإجابة البسيطة دي بتفتح بقى موضوع معقد،,الاجابه البسيطه دي بتفتح بقي موضوع معقد،
أشتغل أنا بقى.,اشتغل انا بقي.
الـCult، يا عزيزي، ليها تعريفات كتير،,ال ، يا عزيزي، ليها تعريفات كتير،
"يمكن يكون أبسطها على حسب قاموس ""ويبستر""،","يمكن يكون ابسطها علي حسب قاموس ""ويبستر""،"
إن هي جماعة أو طائفة ليها عقائد أو ممارسات,ان هي جماعه او طايفه ليها عقايد او ممارسات
تُعتبر قسرية ومنعزلة وخطيرة.,تُعتبر قسريه ومنعزله وخطيره.
زي ما كانت الجماعة دي معزولة وهي بتشرب السِم,زي ما كانت الجماعه دي معزوله وهي بتشرب السِم
كأنها مضطرة تطيع هذا القائد.,كانها مضطره تطيع هذا القايد.
"""(أبو حميد)، طب إيه اللي يخلّيهم يطيعوا قائد بعينه؟!""",""" ابو حميد ، طب ايه اللي يخلّيهم يطيعوا قايد بعينه """
لأني، بصراحة، يا (أبو حميد)، بفكر إن أنا يبقى عندي cult صغير،,لاني، بصراحه، يا ابو حميد ، بفكر ان انا يبقي عندي صغير،
"ويبقى عندي مجموعة من الأتباع.""","ويبقي عندي مجموعه من الاتباع."""
"بصراحة، يا عزيزي، ما حدش هيصحى من النوم، ويقول: ""نفسي أنتمي لطائفة،","بصراحه، يا عزيزي، ما حدش هيصحي من النوم، ويقول: ""نفسي انتمي لطايفه،"
"في النهاية، هتتسبب في موتي!""","في النهايه، هتتسبب في موتي!"""
الـcult ببساطة مش بتقدّم نفسها كمشروع للموت،,ال ببساطه مش بتقدّم نفسها كمشروع للموت،
ولا بتظهر كجماعة عندها طقوس غريبة،,ولا بتظهر كجماعه عندها طقوس غريبه،
بيعبدوا الشيطان، وعندهم قلم كُحل أسود،,بيعبدوا الشيطان، وعندهم قلم كُحل اسود،
بالعكس، الـcult دايمًا بتقدّم نفسها,بالعكس، ال دايمًا بتقدّم نفسها
كحل للمشاكل العويصة اللي موجودة في حياتنا،,كحل للمشاكل العويصه اللي موجوده في حياتنا،
وهو دا الفخ النفسي والاجتماعي اللي بيلعب على احتياج الناس،,وهو دا الفخ النفسي والاجتماعي اللي بيلعب علي احتياج الناس،
اللي أنا، بالمناسبة، بَلعَب عليه.,اللي انا، بالمناسبه، بَلعَب عليه.
احتياجك للحُب، احتياجك للعدالة، احتياجك للانتماء،,احتياجك للحُب، احتياجك للعداله، احتياجك للانتماء،
رغبتك في إنك تكون جزء من حاجة أكبر منك،,رغبتك في انك تكون جزء من حاجه اكبر منك،
عشان تعرف تغيّر العالم، تتغلب على محدوديتك كفرد.,عشان تعرف تغيّر العالم، تتغلب علي محدوديتك كفرد.
"في كتابه Cults، بيوصف الكاتب ""ماكس كاتلر""","في كتابه ، بيوصف الكاتب ""ماكس كاتلر"""
إن الحاجة للانتماء عاملة زي ما تكون حاجة موجودة في الـDNA،,ان الحاجه للانتماء عامله زي ما تكون حاجه موجوده في ال ،
في الحمض النووي بتاعك،,في الحمض النووي بتاعك،
انت بتحتاجها، جعانها،,انت بتحتاجها، جعانها،
عشان كدا، الضحية بتدخل المصيدة بإرادتها الحُرة،,عشان كدا، الضحيه بتدخل المصيده بارادتها الحُره،
عشان تُشبِع هذه الحاجة.,عشان تُشبِع هذه الحاجه.
ولو انت فاكر اللي بينضم لطائفة غريبة دا,ولو انت فاكر اللي بينضم لطايفه غريبه دا
دا شخص مريض عقلي وساذج،,دا شخص مريض عقلي وساذج،
أو على أقل تقدير، مُختَلّ وضعيف الشخصية،,او علي اقل تقدير، مُختَلّ وضعيف الشخصيه،
فخلّيني أقولّك إن لا يوجد نموذج محدد للشخص اللي بينضم لهذه الطوائف،,فخلّيني اقولّك ان لا يوجد نموذج محدد للشخص اللي بينضم لهذه الطوايف،
"ما فيش ""ستيريوتايب""،","ما فيش ""ستيريوتايب""،"
"كلمة السر هنا، يا عزيزي، هي ""التوقيت""،","كلمه السر هنا، يا عزيزي، هي ""التوقيت""،"
الحاجة المُشترَكة والنمط الأكيد المُشترَك بين كل طايفة والتانية,الحاجه المُشترَكه والنمط الاكيد المُشترَك بين كل طايفه والتانيه
إنها بتدوّر على الناس في لحظة ضعفهم، في لحظات التحول،,انها بتدوّر علي الناس في لحظه ضعفهم، في لحظات التحول،
مثلًا، وقت انفصال عاطفي،,مثلًا، وقت انفصال عاطفي،
وفاة حد قريب، فقدان وظيفة،,وفاه حد قريب، فقدان وظيفه،
الـcult والطوائف بتتغذى على الإحساس بالهشاشة،,ال والطوايف بتتغذي علي الاحساس بالهشاشه،
وكمان، بتتجلّى في الأزمات الجماعية،,وكمان، بتتجلّي في الازمات الجماعيه،
زي الحروب، الجائحات، الحاجات المصايب الكبيرة،,زي الحروب، الجايحات، الحاجات المصايب الكبيره،
لحظات بيحس فيها الإنسان بعزلة حتى بين أهله وأصحابه.,لحظات بيحس فيها الانسان بعزله حتي بين اهله واصحابه.
بيبقى هش وقادر يستقبل وعود من غرباء،,بيبقي هش وقادر يستقبل وعود من غرباء،
أفكار كان ممكن يرفضها بسهولة، لو كان في حالته الطبيعية.,افكار كان ممكن يرفضها بسهوله، لو كان في حالته الطبيعيه.
"أهو التوقيت المثالي دا بقى كان هو بداية طائفة ""جونز""، اللي حكيتلك عنها،","اهو التوقيت المثالي دا بقي كان هو بدايه طايفه ""جونز""، اللي حكيتلك عنها،"
"و""جونز""، بسم الله، ما شاء الله،","و""جونز""، بسم الله، ما شاء الله،"
حظه جه في زمن مليان هشاشة،,حظه جه في زمن مليان هشاشه،
وهو الستينات.,وهو الستينات.
"""أمريكا""، يا عزيزي، في الستينات كانت بتغلي،","""امريكا""، يا عزيزي، في الستينات كانت بتغلي،"
جيل الشباب كان في حالة من الثورة والتمرد،,جيل الشباب كان في حاله من الثوره والتمرد،
"مظاهرات ضد حرب ""فيتنام""،","مظاهرات ضد حرب ""فيتنام""،"
وحركات بتطالب بالحقوق المدنية،,وحركات بتطالب بالحقوق المدنيه،
حركات نسوية بتطالب بالمساواة،,حركات نسويه بتطالب بالمساواه،
ما هو الرجالة رجعت من الحرب، والستات رجعت تاني على البيوت.,ما هو الرجاله رجعت من الحرب، والستات رجعت تاني علي البيوت.
عالَم قديم بيموت، وعالَم جديد بيتولد،,عالَم قديم بيموت، وعالَم جديد بيتولد،
معالم هذا العالَم الجديد لسة ما بقيتش واضحة،,معالم هذا العالَم الجديد لسه ما بقيتش واضحه،
وبين العالَمين دُول فيه مساحة،,وبين العالَمين دُول فيه مساحه،
مساحة بيسودها الخوف والقلق والشك.,مساحه بيسودها الخوف والقلق والشك.
"وسط حالة التوهان دي، ظهر واعظ اسمه ""جيم جونز""،","وسط حاله التوهان دي، ظهر واعظ اسمه ""جيم جونز""،"
دا رجُل لمس تخبُّط الناس، وفهم مخاوفهم كويس،,دا رجُل لمس تخبُّط الناس، وفهم مخاوفهم كويس،
شاف قصاده مجتمع مفكك وغاضب،,شاف قصاده مجتمع مفكك وغاضب،
فركّز إن رسالته ما تكونش وعظ ديني خالص،,فركّز ان رسالته ما تكونش وعظ ديني خالص،
وإنما هيكون مُبشِر للي بيسمعوه بمجتمع متساوي،,وانما هيكون مُبشِر للي بيسمعوه بمجتمع متساوي،
المجتمع اللي هيبشّر بيه هيكون كل الناس مُرحَّب بيهم،,المجتمع اللي هيبشّر بيه هيكون كل الناس مُرحَّب بيهم،
أيًا كان عِرقك أو جنسك أو طبقتك الاجتماعية،,ايًا كان عِرقك او جنسك او طبقتك الاجتماعيه،
You're welcome!,' !
أو بمعنى أدق، المعبد بتاعه لم يكُن مجرد مكان للصلاة،,او بمعني ادق، المعبد بتاعه لم يكُن مجرد مكان للصلاه،
إنما تحوّل بذكاء لبيت عيلة جديد،,انما تحوّل بذكاء لبيت عيله جديد،
عيلة جديدة للناس اللي هربانة من عائلاتها ومشاكلها.,عيله جديده للناس اللي هربانه من عايلاتها ومشاكلها.
بس في الوقت دا، يا عزيزي، ما كانش فيه أسهل من الكلام والخُطَب،,بس في الوقت دا، يا عزيزي، ما كانش فيه اسهل من الكلام والخُطَب،
"""جونز"" عشان يثبِت بجد إن هو مؤمن بالمساواة،","""جونز"" عشان يثبِت بجد ان هو مومن بالمساواه،"
هيعمل دعوة للسود ييجوا يحضروا قُدّاس الأحد مع البيض،,هيعمل دعوه للسود ييجوا يحضروا قُدّاس الاحد مع البيض،
وهيختار للمكان اسم جامع وشامل...,وهيختار للمكان اسم جامع وشامل
"كمان، ""جونز"" ومراته اتبنّوا أطفال من أعراق مختلفة،","كمان، ""جونز"" ومراته اتبنّوا اطفال من اعراق مختلفه،"
وسموا نفسهم The Rainbow Family.,وسموا نفسهم .
"بالتدريج، يا عزيزي، ""جيم جونز"" وسّع نشاطه،","بالتدريج، يا عزيزي، ""جيم جونز"" وسّع نشاطه،"
فتح مطابخ للفُقَرا، ووزّع ملابس على المحتاجين.,فتح مطابخ للفُقَرا، ووزّع ملابس علي المحتاجين.
لو كل دا لسة ما أقنعكش إنه راجل طيب ومحترم،,لو كل دا لسه ما اقنعكش انه راجل طيب ومحترم،
فانت يكفيك بس إنك تجرب تسمعه،,فانت يكفيك بس انك تجرب تسمعه،
هتلاقي قُدّامك زعيم ديني بيتكلم بقوة وشغف،,هتلاقي قُدّامك زعيم ديني بيتكلم بقوه وشغف،
يقدر يلهم أي حد، ويخلّي الناس تقف وتصقف من الحماس،,يقدر يلهم اي حد، ويخلّي الناس تقف وتصقف من الحماس،
بيخلّي الناس تشوف فيه الحلم اللي بيدوّروا عليه.,بيخلّي الناس تشوف فيه الحلم اللي بيدوّروا عليه.
كدا، يا عزيزي، احنا عندنا ظرف زمني فيه حاجة ماسّة للانتماء،,كدا، يا عزيزي، احنا عندنا ظرف زمني فيه حاجه ماسّه للانتماء،
"وظرف زماني بيوفره ""جيم جونز""، اللي هو المعبد بتاعه،","وظرف زماني بيوفره ""جيم جونز""، اللي هو المعبد بتاعه،"
ورسالة بيقدّمها الراجل دا للناس اللي بتجيله، لا أكثر ولا أقل.,ورساله بيقدّمها الراجل دا للناس اللي بتجيله، لا اكثر ولا اقل.
"تسألني وتقولّي: ""يا (أبو حميد)،","تسالني وتقولّي: ""يا ابو حميد ،"
فين الـcult في كدا؟! ما الراجل ماشي كويس أهو!,فين ال في كدا ما الراجل ماشي كويس اهو!
"دا عمل إنساني!""","دا عمل انساني!"""
والله، يا عزيزي، لا توجد cult وهي بتفتح بتقول على نفسها cult!,والله، يا عزيزي، لا توجد وهي بتفتح بتقول علي نفسها !
الإعلام وقتها فكّر زيك كدا،,الاعلام وقتها فكّر زيك كدا،
"قالّك: ""دا راجل عادي، بيعمل نشاط، ناشط.""","قالّك: ""دا راجل عادي، بيعمل نشاط، ناشط."""
الـcult، يا عزيزي، بتبدأ من الخطوة اللي جاية،,ال ، يا عزيزي، بتبدا من الخطوه اللي جايه،
بعد ما كل ضحاياه خلاص بلعت الطُعم،,بعد ما كل ضحاياه خلاص بلعت الطُعم،
لازم القائد يقفل المصيدة.,لازم القايد يقفل المصيده.
وعشان يعمل دا، لازم يتحول في نظر أتباعه,وعشان يعمل دا، لازم يتحول في نظر اتباعه
من مجرد شخص صالح بيعمل الخير، ويرميه البحر،,من مجرد شخص صالح بيعمل الخير، ويرميه البحر،
لشخص خارق للطبيعة.,لشخص خارق للطبيعه.
في علم النِفس، شخصية قائد الـcult دايمًا بتبقى مزيج سام ومعقد،,في علم النِفس، شخصيه قايد ال دايمًا بتبقي مزيج سام ومعقد،
"خليط من النرجسية المفرطة والـ""كاريزما"" الساحرة،","خليط من النرجسيه المفرطه وال""كاريزما"" الساحره،"
شخص مش عايزك تحبه، لأ، دا عايزك تعبده!,شخص مش عايزك تحبه، لا، دا عايزك تعبده!
عايز يبقى هو محور الكون بتاعك،,عايز يبقي هو محور الكون بتاعك،
المصدر الوحيد للحقيقة والأمان.,المصدر الوحيد للحقيقه والامان.
هنا، بيبدأ القائد ينزل من على المنبر بتاعه،,هنا، بيبدا القايد ينزل من علي المنبر بتاعه،
ويقرب من ضحاياه جدًا،,ويقرب من ضحاياه جدًا،
"بـ""تكنيك"" اسمه ""الانعكاس""، mirroring،","ب""تكنيك"" اسمه ""الانعكاس""، ،"
بيدرس ضحيته كويس، وبيعمل scan لكل نقط الضعف والاحتياجات،,بيدرس ضحيته كويس، وبيعمل لكل نقط الضعف والاحتياجات،
وبعد كدا، يحوّل نفسه لمراية،,وبعد كدا، يحوّل نفسه لمرايه،
يورّيك اللي انت عايز تشوفه فيه بالظبط،,يورّيك اللي انت عايز تشوفه فيه بالظبط،
"""يتيم وبتدوّر على أب؟ أنا الأب الحنون،","""يتيم وبتدوّر علي اب؟ انا الاب الحنون،"
خايف وبتدوّر على حماية؟ أنا حصنك المنيع،,خايف وبتدوّر علي حمايه؟ انا حصنك المنيع،
جعان وبتدوّر على أكل؟ أنا لابسلك برتقالي، وفيه صندوق على ضهري، (طلبات).,جعان وبتدوّر علي اكل؟ انا لابسلك برتقالي، وفيه صندوق علي ضهري، طلبات .
"أنا معاك في أي حاجة انت عايزها.""","انا معاك في اي حاجه انت عايزها."""
وبعد ما القائد يتبنّى خطاب عام وجماعي،,وبعد ما القايد يتبنّي خطاب عام وجماعي،
يبدأ يغيّر طريقة كلامه,يبدا يغيّر طريقه كلامه
على حسب الاحتياج النفسي لكل شخص قُدّامه.,علي حسب الاحتياج النفسي لكل شخص قُدّامه.
"وعشان يضمن ""الولاء المُطلَق""،","وعشان يضمن ""الولاء المُطلَق""،"
هيستخدم أسلوب يُعرف بالـLove Bombing،,هيستخدم اسلوب يُعرف بال ،
بيغرّق الأتباع بتوعه باهتمام غير عادي،,بيغرّق الاتباع بتوعه باهتمام غير عادي،
مدح مبالغ فيه،,مدح مبالغ فيه،
حنان بيخلّي الضحية تحس إنها مختارة،,حنان بيخلّي الضحيه تحس انها مختاره،
"""يا بت يا ضحية، انتي مميزة عن باقي الـcult.""","""يا بت يا ضحيه، انتي مميزه عن باقي ال ."""
القائد العظيم دا تحديدًا شايف هذه الضحية وسط الملايين من أتباعه.,القايد العظيم دا تحديدًا شايف هذه الضحيه وسط الملايين من اتباعه.
إحساس بيخلّي مخ الضحية يفرز دوبامين بسهولة،,احساس بيخلّي مخ الضحيه يفرز دوبامين بسهوله،
الضحية، يا عزيزي، بيبدأ يبقى عندها حالة من إدمان القائد، زي ما بتدمن المخدرات.,الضحيه، يا عزيزي، بيبدا يبقي عندها حاله من ادمان القايد، زي ما بتدمن المخدرات.
وبمجرد ما بيدمن هذا القائد هذا الإدمان،,وبمجرد ما بيدمن هذا القايد هذا الادمان،
بيبدأ يقدّم نفسه كقناة اتصال حصرية مع الاحتياج بتاعك،,بيبدا يقدّم نفسه كقناه اتصال حصريه مع الاحتياج بتاعك،
مثلًا مع القوة العُليا اللي نِفسك توصلّها،,مثلًا مع القوه العُليا اللي نِفسك توصلّها،
سواء بقى كانت الإله، الكون، الطاقة،,سواء بقي كانت الاله، الكون، الطاقه،
أي فكرة تانية ثورية,اي فكره تانيه ثوريه
انت شايفها هتغيّر حياتك، وانت عايز توصلّها،,انت شايفها هتغيّر حياتك، وانت عايز توصلّها،
هتوصلّها من خلال هذا القائد،,هتوصلّها من خلال هذا القايد،
بإقناعك إن هو الكوبري الوحيد بينك وبين اللي بتدوّر عليه،,باقناعك ان هو الكوبري الوحيد بينك وبين اللي بتدوّر عليه،
هو الوحيد اللي فاهم احتياجاتك،,هو الوحيد اللي فاهم احتياجاتك،
هو الوحيد اللي قادر يفسرها، حتى لو انت مش فاهم كلامه،,هو الوحيد اللي قادر يفسرها، حتي لو انت مش فاهم كلامه،
ساعتها، يبقى العيب فيك انت، مش فيه،,ساعتها، يبقي العيب فيك انت، مش فيه،
لازم تطهّر نفسك، وتسمع كلامه أكتر، عشان تعرف تفهم.,لازم تطهّر نفسك، وتسمع كلامه اكتر، عشان تعرف تفهم.
"وخلّينا نرجع هنا لقِصة ""جيم جونز""، ونعرف تطبيقها على أرض الواقع.","وخلّينا نرجع هنا لقِصه ""جيم جونز""، ونعرف تطبيقها علي ارض الواقع."
"أول حاجة ""جيم جونز"" عملها هي كسر صورة رجُل الدين التقليدي الممل،","اول حاجه ""جيم جونز"" عملها هي كسر صوره رجُل الدين التقليدي الممل،"
كفاية خطابات الناس بتنام في نُصها،,كفايه خطابات الناس بتنام في نُصها،
كان بيقف، يا عزيزي، على المنبر يزعّق ويشتم،,كان بيقف، يا عزيزي، علي المنبر يزعّق ويشتم،
يرمي من كتر التأثر الكُتُب المقدسة على الأرض،,يرمي من كتر التاثر الكُتُب المقدسه علي الارض،
طريقة بتخلّيه entertainer، مؤدي مسرحي بارع,طريقه بتخلّيه ، مودي مسرحي بارع
أكتر من كونه رجُل دين بشكله المعروف.,اكتر من كونه رجُل دين بشكله المعروف.
الأسلوب دا سَحَر الشباب،,الاسلوب دا سَحَر الشباب،
وحسسهم إن هو حقيقي، ما بيمثّلش عليهم،,وحسسهم ان هو حقيقي، ما بيمثّلش عليهم،
"""الخلاص هيكون على إيد هذا الرجُل،","""الخلاص هيكون علي ايد هذا الرجُل،"
"مهما كان مذهبنا!""","مهما كان مذهبنا!"""
والراجل، بسم الله، ما شاء الله، كان بيتلون بلون اللي قاعد معاه،,والراجل، بسم الله، ما شاء الله، كان بيتلون بلون اللي قاعد معاه،
"لو قاعد مع واحد ثوري، يقولّه: ""أنا اشتراكي، تعالى نغيّر العالم،","لو قاعد مع واحد ثوري، يقولّه: ""انا اشتراكي، تعالي نغيّر العالم،"
"اسمي الحقيقي (كارل ماركس).""","اسمي الحقيقي كارل ماركس ."""
"لو قاعد مع واحد ملحد، يقولّه: ""عادي، مش لازم تؤمن بربنا.""","لو قاعد مع واحد ملحد، يقولّه: ""عادي، مش لازم تومن بربنا."""
"لو شاف واحد مؤمن، يقولّه: ""ما تبقاش تقعد مع الراجل اللي لسة مكلمه من شوية!""","لو شاف واحد مومن، يقولّه: ""ما تبقاش تقعد مع الراجل اللي لسه مكلمه من شويه!"""
وعوده كان بتجذب أي إنسان، مهما كان انتماؤه،,وعوده كان بتجذب اي انسان، مهما كان انتماوه،
أصل قولّي، مين هيكره مبادئ زي المساواة والقضاء على الفقر؟ مين؟,اصل قولّي، مين هيكره مبادي زي المساواه والقضاء علي الفقر؟ مين؟
"دا جعل من ""جونز"" بطل،","دا جعل من ""جونز"" بطل،"
بيجمع بين التسامح المسيحي والعدالة الاشتراكية.,بيجمع بين التسامح المسيحي والعداله الاشتراكيه.
الحقيقة، يا عزيزي، إن الكلام البرّاق لم يكُن لوحده كافي،,الحقيقه، يا عزيزي، ان الكلام البرّاق لم يكُن لوحده كافي،
"محتاجين حاجة أكتر من ""كاريزمتك"" تثبتلنا إن انت فوق البشر!","محتاجين حاجه اكتر من ""كاريزمتك"" تثبتلنا ان انت فوق البشر!"
محتاجين معجزة، miracle.,محتاجين معجزه، .
وهنا، يا عزيزي، بيبدأ الـshow الحقيقي،,وهنا، يا عزيزي، بيبدا ال الحقيقي،
القبول ممكن يخلّيك ممثل، ممتاز، عاش،,القبول ممكن يخلّيك ممثل، ممتاز، عاش،
"إنما ""جونز"" كان بيتحرك بين المدن، وبيعمل مهام كأنه ""سوبرمان""،","انما ""جونز"" كان بيتحرك بين المدن، وبيعمل مهام كانه ""سوبرمان""،"
بيقوم بكل المهمات، من غير تعب،,بيقوم بكل المهمات، من غير تعب،
الراجل، بسم الله، ما شاء الله، محصّن ضد الإرهاق والإنهاك،,الراجل، بسم الله، ما شاء الله، محصّن ضد الارهاق والانهاك،
ولمّا حد بيستغرب صحته دي كلها،,ولمّا حد بيستغرب صحته دي كلها،
يرد عليه بخشوع ويقولّه:,يرد عليه بخشوع ويقولّه:
"""دي طاقة من الروح القُدُس.""","""دي طاقه من الروح القُدُس."""
بس في حقيقة الأمر، الراجل، زي ما ممكن تكون توقعت،,بس في حقيقه الامر، الراجل، زي ما ممكن تكون توقعت،
كان مدمن مخدرات ومنشطات،,كان مدمن مخدرات ومنشطات،
وكل هذه الطاقة والحماس قُرص كيميا!,وكل هذه الطاقه والحماس قُرص كيميا!
في مرة، اتضرب عليه نار، وهو خارج من الكنيسة قُدّام الناس،,في مره، اتضرب عليه نار، وهو خارج من الكنيسه قُدّام الناس،
وبعدين، قال إنه ادّعى إنه شفا نفسه بنفسه، لأن جسمه مقدس،,وبعدين، قال انه ادّعي انه شفا نفسه بنفسه، لان جسمه مقدس،
والناس بالفعل صدّقته، وفضلوا يبصولّه كأنه إله!,والناس بالفعل صدّقته، وفضلوا يبصولّه كانه اله!
بينما في الحقيقة، زي ما انت برضه توقعت،,بينما في الحقيقه، زي ما انت برضه توقعت،
كل دا كان مسرحية هو اللي عاملها.,كل دا كان مسرحيه هو اللي عاملها.
بس، يا عزيزي، أذكى مسرحية من مسرحياته هتكون معجزة الشفاء،,بس، يا عزيزي، اذكي مسرحيه من مسرحياته هتكون معجزه الشفاء،
كان عنده فريق بينفّذ حِيَل عبقرية،,كان عنده فريق بينفّذ حِيَل عبقريه،
زي إنه يجيب ستات عواجيز،,زي انه يجيب ستات عواجيز،
ويدّيهم مهدئات قوية جدًا، من غير ما يعرفوا،,ويدّيهم مهديات قويه جدًا، من غير ما يعرفوا،
ولمّا يُغمى عليهم، يجبّس رجليهم وهُما نايمين،,ولمّا يُغمي عليهم، يجبّس رجليهم وهُما نايمين،
"الست لمّا بتصحى، تلاقي الجبس، فيقولولها: ""انتي وقعتي، ورجليكي اتكسرت!""","الست لمّا بتصحي، تلاقي الجبس، فيقولولها: ""انتي وقعتي، ورجليكي اتكسرت!"""
"يقوم داخل ""جونز"" الكنيسة وسط تهليل وتبجيل من متابعيه،","يقوم داخل ""جونز"" الكنيسه وسط تهليل وتبجيل من متابعيه،"
"يفُك الجبس، ويقوم قايل للست: ""قومي امشي.""","يفُك الجبس، ويقوم قايل للست: ""قومي امشي."""
"طبعًا، الست، بسم الله، ما شاء الله، بتقوم ترقص ""تانجو""!","طبعًا، الست، بسم الله، ما شاء الله، بتقوم ترقص ""تانجو""!"
لأن ما فيهاش حاجة أصلًا.,لان ما فيهاش حاجه اصلًا.
وتعتقد هنا إنها خفّت بمعجزة،,وتعتقد هنا انها خفّت بمعجزه،
"""أنا رجلي اتكسرت أهي، وكنت مجبساها، والراجل دا شفاني!""","""انا رجلي اتكسرت اهي، وكنت مجبساها، والراجل دا شفاني!"""
مع إنها أصلًا كانت سليمة.,مع انها اصلًا كانت سليمه.
"معجزات ""جونز"" كانت ممكن تفضل في حدود المعبد بتاعه،","معجزات ""جونز"" كانت ممكن تفضل في حدود المعبد بتاعه،"
إلا إن نفوذه هيوصل للسما بفضل عشرات السياسيين,الا ان نفوذه هيوصل للسما بفضل عشرات السياسيين
اللي هيكونوا بيخطبوا ودّه، عشان يرضى، يرضى.,اللي هيكونوا بيخطبوا ودّه، عشان يرضي، يرضي.
"""ياه يا (أبو حميد)! يعني شخصيات بذكاء السياسيين","""ياه يا ابو حميد ! يعني شخصيات بذكاء السياسيين"
"وصلوا هُما كمان يكونوا من الأتباع؟!""","وصلوا هُما كمان يكونوا من الاتباع """
والله، يا عزيزي، المصادر ما أكدتش،,والله، يا عزيزي، المصادر ما اكدتش،
"بس الأكيد إن عم ""جونز"" دا سواء بيعمل معجزات،","بس الاكيد ان عم ""جونز"" دا سواء بيعمل معجزات،"
أو معاه فريق بيظبُطله الحركات ويعملّه after effects،,او معاه فريق بيظبُطله الحركات ويعملّه ،
فهو في الأول وفي الآخر، حاطط إيده على كتلة تصويتية ضخمة،,فهو في الاول وفي الاخر، حاطط ايده علي كتله تصويتيه ضخمه،
يعملّهم كدا، ينتخبوا دا،,يعملّهم كدا، ينتخبوا دا،
يعملّهم كدا، ينتخبوا التاني.,يعملّهم كدا، ينتخبوا التاني.
ودي طبعًا بالنسبة للسياسيين معجزة أكبر بكتير من موضوع الجبس!,ودي طبعًا بالنسبه للسياسيين معجزه اكبر بكتير من موضوع الجبس!
عشان نشوف انتخابات سنة 1975,عشان نشوف انتخابات سنه 1975
"""معبد الشعوب"" بيدعم ""جورج موسكوني"" لمنصب العمدة،","""معبد الشعوب"" بيدعم ""جورج موسكوني"" لمنصب العمده،"
"وبالفعل، الراجل بينجح، بركاتك يا عم ""جونز""!","وبالفعل، الراجل بينجح، بركاتك يا عم ""جونز""!"
على الناحية التانية، في المقابل،,علي الناحيه التانيه، في المقابل،
"العمدة بيقوم معيّن ""جيم جونز"" كرئيس لهيئة الإسكان في ""سان فرانسيسكو""،","العمده بيقوم معيّن ""جيم جونز"" كرييس لهييه الاسكان في ""سان فرانسيسكو""،"
الراجل بقى مسئول حكومي رسميًا، وصل لأعلى المستويات.,الراجل بقي مسيول حكومي رسميًا، وصل لاعلي المستويات.
"""جونز""، يا عزيزي، نجح في إنه يكون رجُل براجماتي،","""جونز""، يا عزيزي، نجح في انه يكون رجُل براجماتي،"
يعمل تحالفات مع سياسيين انتهازيين،,يعمل تحالفات مع سياسيين انتهازيين،
ولكن نجاحه الأهم هو إنه يفضل في عيون أتباعه أكبر من مجرد قائد،,ولكن نجاحه الاهم هو انه يفضل في عيون اتباعه اكبر من مجرد قايد،
وإنما مخلّص، savior.,وانما مخلّص، .
ومكانة زي دي، عشان تفضل تستمر،,ومكانه زي دي، عشان تفضل تستمر،
لازم حتى وانت في المصيدة,لازم حتي وانت في المصيده
تخسر أهم حاجة بتميزك، وهي شخصيتك.,تخسر اهم حاجه بتميزك، وهي شخصيتك.
وهنا، يا عزيزي، يخش على المرحلة الجديدة،,وهنا، يا عزيزي، يخش علي المرحله الجديده،
تفكيك شخصيتك القديمة،,تفكيك شخصيتك القديمه،
وبناء شخصية جديدة تابعة للقائد وبس،,وبناء شخصيه جديده تابعه للقايد وبس،
في عملية بيسميها علماء النَفْس...,في عمليه بيسميها علماء النَفْس
عشان نفهم عملية الـIdentity reconstruction بتحصل ازاي،,عشان نفهم عمليه ال بتحصل ازاي،
أو عملية إعادة إعمار الهوية،,او عمليه اعاده اعمار الهويه،
"خلّينا نروح لنموذج عبقري حَطه العالِم ""ستيفن حسن""،","خلّينا نروح لنموذج عبقري حَطه العالِم ""ستيفن حسن""،"
العالِم اللي كان هو نفسه عضو في طائفة Unification Church،,العالِم اللي كان هو نفسه عضو في طايفه ،
وبعد انضمامه ليها بفترة، هرب منها.,وبعد انضمامه ليها بفتره، هرب منها.
"نموذج ""ستيفن حسن"" هو الـBITE Model،","نموذج ""ستيفن حسن"" هو ال ،"
B.I.T.E هو اختصار لـ4 مفاتيح،,. . . هو اختصار ل4 مفاتيح،
"لو ملكتهم، تقدر تسيطر على أي إنسان، وتحوّله إلى عروسة ""ماريونيت""،","لو ملكتهم، تقدر تسيطر علي اي انسان، وتحوّله الي عروسه ""ماريونيت""،"
B لـBehavior، سلوك،,ل ، سلوك،
الـI لـInformation، معلومات،,ال ل ، معلومات،
الـT لـThoughts، أفكار،,ال ل ، افكار،
الـE الـEmotions، العواطف.,ال ال ، العواطف.
السلوك، المعلومات، الأفكار، والعاطفة،,السلوك، المعلومات، الافكار، والعاطفه،
لو تحكّمت في الـ4 دُول، مبروك عليك الإنسان!,لو تحكّمت في ال4 دُول، مبروك عليك الانسان!
"""جونز"" طبّق النموذج دا ببراعة، لمّا سيطر على المعلومات،","""جونز"" طبّق النموذج دا ببراعه، لمّا سيطر علي المعلومات،"
عمل ما يُعرف بالـInformation Control،,عمل ما يُعرف بال ،
صنع واقع بديل لأتباعه،,صنع واقع بديل لاتباعه،
وفي حركة كورية شمالية،,وفي حركه كوريه شماليه،
عزل الشعب عن العالَم الخطير الوحِش اللي برة دا،,عزل الشعب عن العالَم الخطير الوحِش اللي بره دا،
والحقيقة إن العالم كان خطير فعلًا،,والحقيقه ان العالم كان خطير فعلًا،
"ولكن على ""جونز"" نفسه، مش على أتباعه.","ولكن علي ""جونز"" نفسه، مش علي اتباعه."
لأن سنة 1977،,لان سنه 1977،
"""جونز"" بيسمع كلام إن فيه تحقيق قريب هينزل في مجلة ""نيو ويست""،","""جونز"" بيسمع كلام ان فيه تحقيق قريب هينزل في مجله ""نيو ويست""،"
وهذا التحقيق بيكشف عن انتهاكات حصلت جوا المعبد،,وهذا التحقيق بيكشف عن انتهاكات حصلت جوا المعبد،
انتهاكات زي الابتزاز والاستغلال الجنسي للأعضاء،,انتهاكات زي الابتزاز والاستغلال الجنسي للاعضاء،
"فهنا، بيقرر ""جونز"" إنه يهرب بـ1000 من أتباعه","فهنا، بيقرر ""جونز"" انه يهرب ب10 من اتباعه"
قبل ما التحقيق ينتشر.,قبل ما التحقيق ينتشر.
"تسألني: ""ازاي هربوا معاه بهذه السهولة؟","تسالني: ""ازاي هربوا معاه بهذه السهوله؟"
أقولّك، لأن هي دي الـcult،,اقولّك، لان هي دي ال ،
"""جونز"" كان متأكد إن هُما هيروحوا معاه لآخر العالَم، لو طلب منهم،","""جونز"" كان متاكد ان هُما هيروحوا معاه لاخر العالَم، لو طلب منهم،"
ودا لأنه أصلًا كان منقّيهم وهُما على الفرّازة،,ودا لانه اصلًا كان منقّيهم وهُما علي الفرّازه،
دُول الأتباع اللي عدّوا باختبارات كتير مرعبة،,دُول الاتباع اللي عدّوا باختبارات كتير مرعبه،
وأثبتوا مع الوقت ولاءهم.,واثبتوا مع الوقت ولاءهم.
يعني مثلًا، عندك في الستينات، في عز الحرب الباردة،,يعني مثلًا، عندك في الستينات، في عز الحرب البارده،
"""أمريكا"" والسوفييت كانوا بيلعبوا الروليت الروسي مع بعض،","""امريكا"" والسوفييت كانوا بيلعبوا الروليت الروسي مع بعض،"
كانوا حاطين رأس نووية في الساقية،,كانوا حاطين راس نوويه في الساقيه،
بيلعبوا على مين هيضرب بالنووي التاني،,بيلعبوا علي مين هيضرب بالنووي التاني،
العالم، يا عزيزي، زي ما قُلتلك 50 ألف مرة، كان على حافة الفناء.,العالم، يا عزيزي، زي ما قُلتلك 50 الف مره، كان علي حافه الفناء.
"فـ""جيم"" بيقرر إن هو يستغلّ هذه الظروف ويختبر أتباعه،","ف""جيم"" بيقرر ان هو يستغلّ هذه الظروف ويختبر اتباعه،"
عشان وقت الجد لمّا ييجي كمان 12 سنة تقريبًا،,عشان وقت الجد لمّا ييجي كمان 12 سنه تقريبًا،
"يبقى عارف: ""هَختار مين، وهَروح معاه فين.""","يبقي عارف: ""هَختار مين، وهَروح معاه فين."""
"بالتالي، ""جيم"" بيستغل الخوف من السلاح النووي،","بالتالي، ""جيم"" بيستغل الخوف من السلاح النووي،"
وقال لأتباعه إن هُناك قنبلة نووية هتُقَع على الغرب الأوسط الأمريكي،,وقال لاتباعه ان هُناك قنبله نوويه هتُقَع علي الغرب الاوسط الامريكي،
"""أنا جالي رؤيا، أنا شُفت دا، دا هيحصل.","""انا جالي رويا، انا شُفت دا، دا هيحصل."
"احنا لازم نهرب فورًا!""","احنا لازم نهرب فورًا!"""
"وهنا، ""جونز"" خد 140 واحد من أتباعه المخلصين،","وهنا، ""جونز"" خد 140 واحد من اتباعه المخلصين،"
"وحطّهم في عربيات، وسافر بهذه القافلة من ""إنديانا"" إلى ""كاليفورنيا"".","وحطّهم في عربيات، وسافر بهذه القافله من ""انديانا"" الي ""كاليفورنيا""."
طبعًا، الظاهر ليهم إن هُما كانوا بيهربوا من الانفجار النووي اللي هيحصل،,طبعًا، الظاهر ليهم ان هُما كانوا بيهربوا من الانفجار النووي اللي هيحصل،
بس الحقيقة إن النقلة دي كانت اختبار ولاء،,بس الحقيقه ان النقله دي كانت اختبار ولاء،
"""جونز"" كان يفرز الناس، ويعرف مين مصدّق رسالته بجد،","""جونز"" كان يفرز الناس، ويعرف مين مصدّق رسالته بجد،"
"""مين مستعد يرمي حياته ورا ضهره، وييجي معايا.""","""مين مستعد يرمي حياته ورا ضهره، وييجي معايا."""
الطريقة دي هيفضل يختبر بيها الناس كل سنة ورا التانية،,الطريقه دي هيفضل يختبر بيها الناس كل سنه ورا التانيه،
عشان كدا، كان سهل جدًا إن سنة 77، لمّا يقول يا هروب،,عشان كدا، كان سهل جدًا ان سنه 77، لمّا يقول يا هروب،
يلاقي ناس موافقة، وحابة إنها تهرب معاه،,يلاقي ناس موافقه، وحابه انها تهرب معاه،
خصوصًا إنه هيغلّف هروبه الشخصي دا,خصوصًا انه هيغلّف هروبه الشخصي دا
بإنه هيقدّملهم وعد أجمل بكتير,بانه هيقدّملهم وعد اجمل بكتير
من الرؤى السوداوية اللي كان بيقدّمهالهم وقت الاختبارات،,من الروي السوداويه اللي كان بيقدّمهالهم وقت الاختبارات،
"""جيم"" أقنع أتباعه هذه المرة بحلم الـ""يوتوبيا""،","""جيم"" اقنع اتباعه هذه المره بحلم ال""يوتوبيا""،"
"""احنا هنعمل جَنّة موعودة،","""احنا هنعمل جَنّه موعوده،"
بس الجنّة دي مستحيل تبقى (أمريكا)،,بس الجنّه دي مستحيل تبقي امريكا ،
عارفين الجنة ممكن تبقى فين؟,عارفين الجنه ممكن تبقي فين؟
"ممكن تبقى في جمهورية (غيانا) في (أمريكا اللاتينية).""","ممكن تبقي في جمهوريه غيانا في امريكا اللاتينيه ."""
طبعًا، يا عزيزي، انت فهمت خلاص دلوقتي إن دي ما كانتش رؤيا،,طبعًا، يا عزيزي، انت فهمت خلاص دلوقتي ان دي ما كانتش رويا،
"غالبًا هو اختار المكان دا، عشان ما بيسلّموش مجرمين لـ""أمريكا"".","غالبًا هو اختار المكان دا، عشان ما بيسلّموش مجرمين ل""امريكا""."
"""جيم جونز""، يا عزيزي، بيهرب بأتباعه، وبيبدأ ما يُعرف بـJonestown.","""جيم جونز""، يا عزيزي، بيهرب باتباعه، وبيبدا ما يُعرف ب ."
"""جيم جونز"" وصف المدينة لأتباعه بإنها ""أرض الميعاد""،","""جيم جونز"" وصف المدينه لاتباعه بانها ""ارض الميعاد""،"
المكان اللي الأطفال فيه هيجروا بحرّية، ما فيش جريمة،,المكان اللي الاطفال فيه هيجروا بحرّيه، ما فيش جريمه،
كبار السن هيلاقوا رعاية كاملة،,كبار السن هيلاقوا رعايه كامله،
ما فيش تمييز أو عنصرية.,ما فيش تمييز او عنصريه.
الأتباع وصلوا والأمل سابقهم،,الاتباع وصلوا والامل سابقهم،
كل واحد بقى عنده خيالات,كل واحد بقي عنده خيالات
"عن المدينة المثالية اللي عمّنا ""جونز"" عمّال يخططلها،","عن المدينه المثاليه اللي عمّنا ""جونز"" عمّال يخططلها،"
إلا إنهم بيتفاجئوا بغابة منعزلة،,الا انهم بيتفاجيوا بغابه منعزله،
ما فيش طرُق لا بتودّي ليها، ولا بتخرّج منها،,ما فيش طرُق لا بتودّي ليها، ولا بتخرّج منها،
وسيلة الخروج الوحيدة مركب بياخد يوم كامل في النهر، عشان يوصل لأقرب مدينة.,وسيله الخروج الوحيده مركب بياخد يوم كامل في النهر، عشان يوصل لاقرب مدينه.
أول حاجة سمعوها هناك:,اول حاجه سمعوها هناك:
"""هاتوا يا جماعة (باسبوراتكم) وفلوسكم، عشان نشيلهالكم في الأمانات.""","""هاتوا يا جماعه باسبوراتكم وفلوسكم، عشان نشيلهالكم في الامانات."""
وهنا، ما بقاش فيه أي اتصال بالعالم الخارجي،,وهنا، ما بقاش فيه اي اتصال بالعالم الخارجي،
ما فيش لا جرايد ولا تليفونات،,ما فيش لا جرايد ولا تليفونات،
"ولو جالك جواب من أهلك في ""أمريكا""، كان بيتفتح ويتقري الأول قبل ما يجيلك،","ولو جالك جواب من اهلك في ""امريكا""، كان بيتفتح ويتقري الاول قبل ما يجيلك،"
"ولو مش على هوى عم ""جونز""، كان بيترمي في الزبالة، كأنه ما جاش!","ولو مش علي هوي عم ""جونز""، كان بيترمي في الزباله، كانه ما جاش!"
"المصدر الوحيد للمعلومات كان راديو مع ""جيم جونز""،","المصدر الوحيد للمعلومات كان راديو مع ""جيم جونز""،"
"وميكروفونات متوزعة في كل حتة في ""جونزتاون""،","وميكروفونات متوزعه في كل حته في ""جونزتاون""،"
"ومن خلالها، ""جيم جونز"" كان بيذيع fake news من تأليفه،","ومن خلالها، ""جيم جونز"" كان بيذيع من تاليفه،"
"قاعد بقى على الـ""مايك""، وهاتك يا هبد، ولا ""الدحّيح""!","قاعد بقي علي ال""مايك""، وهاتك يا هبد، ولا ""الدحّيح""!"
"شوية ويقولّهم: ""يا جماعة، خبر عاجل: (أمريكا) أصبحت جحيم!","شويه ويقولّهم: ""يا جماعه، خبر عاجل: امريكا اصبحت جحيم!"
إليكم أهم الأنباء، الحكومة الأمريكية تعمل على عمل معسكرات لحبس السود!,اليكم اهم الانباء، الحكومه الامريكيه تعمل علي عمل معسكرات لحبس السود!
حرائق في (أمريكا)!,حرايق في امريكا !
انهيار الدولار!,انهيار الدولار!
"سقوط تمساح الحرية!""","سقوط تمساح الحريه!"""
دا لأن التمثال اتسخط تمساح، فبعد كدا، اتكسر... كانت كارثة يعني، مشكلة!,دا لان التمثال اتسخط تمساح، فبعد كدا، اتكسر كانت كارثه يعني، مشكله!
الراجل فضل يرزع في أخبار fake،,الراجل فضل يرزع في اخبار ،
بس كانت أهم حاجة عايز يوصّلها للناس اللي معاه,بس كانت اهم حاجه عايز يوصّلها للناس اللي معاه
"إن ""الحكومة عندها خطة بذيئة،","ان ""الحكومه عندها خطه بذييه،"
أنا كشفتها، للأسف، فعشان كدا جيبتكم هنا،,انا كشفتها، للاسف، فعشان كدا جيبتكم هنا،
"إنها هتيجي تقتل أطفالنا في (جونزتاون)!""","انها هتيجي تقتل اطفالنا في جونزتاون !"""
لمّا، يا عزيزي، ما يبقاش قُدّامك غير مَصدَر واحد للمعلومة،,لمّا، يا عزيزي، ما يبقاش قُدّامك غير مَصدَر واحد للمعلومه،
"و""جورنال"" واحد اللي بينزلّك،","و""جورنال"" واحد اللي بينزلّك،"
فغصب عنك هتصدّقه، لأن ما فيش غيره،,فغصب عنك هتصدّقه، لان ما فيش غيره،
دي، يا عزيزي، هي الـI، الـinformation.,دي، يا عزيزي، هي ال ، ال .
نخُش على تاني حاجة يجب التحكم فيها، عشان يبقى عندك cult،,نخُش علي تاني حاجه يجب التحكم فيها، عشان يبقي عندك ،
"""أيوة، يا (أبو حميد)، يلّا، قول، قول، قول، أنا بفكر أعمل الطائفة العزيزية!""","""ايوه، يا ابو حميد ، يلّا، قول، قول، قول، انا بفكر اعمل الطايفه العزيزيه!"""
"أولًا، يا عزيزي، الطائفة العزيزية دي بيعملوا حواوشي في ""منيا القمح""،","اولًا، يا عزيزي، الطايفه العزيزيه دي بيعملوا حواوشي في ""منيا القمح""،"
فدي مبدئيًا copyrights،,فدي مبدييًا ،
محتاج تكلّمهم في الحقوق!,محتاج تكلّمهم في الحقوق!
"ثانيًا، أنا قُلتلك، الموضوع أصلًا بيبدأ بـ""كاريزما"" وذكاء.","ثانيًا، انا قُلتلك، الموضوع اصلًا بيبدا ب""كاريزما"" وذكاء."
"""طب خلاص، كمّل الحلقة بسرعة يا (أبو حميد)!""","""طب خلاص، كمّل الحلقه بسرعه يا ابو حميد !"""
نخُش على رقم 2، التحكم في السلوك، behavior control،,نخُش علي رقم 2، التحكم في السلوك، ،
هدف صاحب الـcult هنا في إنه ينهك ضحاياه جسديًا،,هدف صاحب ال هنا في انه ينهك ضحاياه جسديًا،
يتحكّم في طريقة حياتهم والبيئة المحيطة بيهم،,يتحكّم في طريقه حياتهم والبييه المحيطه بيهم،
لأن أنا وانت عارفين كويس إن الإنسان المنهك،,لان انا وانت عارفين كويس ان الانسان المنهك،
اللي بيجري على أكل عيشه، اللي شقيان،,اللي بيجري علي اكل عيشه، اللي شقيان،
مش هيلاقي وقت لا للمقاومة ولا للتفكير ولا للمراجعة،,مش هيلاقي وقت لا للمقاومه ولا للتفكير ولا للمراجعه،
"فبالتالي، الأتباع في ""جونزتاون"" كانوا أشبه بعُمّال سُخرة،","فبالتالي، الاتباع في ""جونزتاون"" كانوا اشبه بعُمّال سُخره،"
مشغّلهم من شروق الشمس لغروب الشمس،,مشغّلهم من شروق الشمس لغروب الشمس،
كله هيخش الغيط يزرع،,كله هيخش الغيط يزرع،
وسط حَر ورطوبة لا تُطاق وناموس وأمراض استوائية،,وسط حَر ورطوبه لا تُطاق وناموس وامراض استواييه،
ودا شعب أمريكاني أبيض، لمّا بيتعرّض لشمس، بيحمرّ،,ودا شعب امريكاني ابيض، لمّا بيتعرّض لشمس، بيحمرّ،
دا غير طبعًا الناموس والأمراض الاستوائية،,دا غير طبعًا الناموس والامراض الاستواييه،
ما احنا في غابة، مش الدنيا غابة، لأ، احنا في غابة فعلًا.,ما احنا في غابه، مش الدنيا غابه، لا، احنا في غابه فعلًا.
خلّيني أقولّك، اللي زاد وغطّى، إن التربة هناك كانت شديدة الحمضية،,خلّيني اقولّك، اللي زاد وغطّي، ان التربه هناك كانت شديده الحمضيه،
ما بتطلّعش المحاصيل الحلوة، اللي إخواتنا الأمريكان كانوا متعودين عليها،,ما بتطلّعش المحاصيل الحلوه، اللي اخواتنا الامريكان كانوا متعودين عليها،
فالأكل كان قليل،,فالاكل كان قليل،
"أتباع عم ""جونز"" نسيوا اللحمة والبيض، ونسيوا العلاقة مع البروتين!","اتباع عم ""جونز"" نسيوا اللحمه والبيض، ونسيوا العلاقه مع البروتين!"
أكلهم، يا عزيزي، كان رُز وصوص، ما فيش ذَفَر!,اكلهم، يا عزيزي، كان رُز وصوص، ما فيش ذَفَر!
"بس، يا عزيزي، لو دخلت أوضة عمك ""جيم جونز""،","بس، يا عزيزي، لو دخلت اوضه عمك ""جيم جونز""،"
هتجد إن هو الوحيد اللي كان بياكل لحمة وبيض،,هتجد ان هو الوحيد اللي كان بياكل لحمه وبيض،
وفي بعض الأقوال، عصير. ودي معلومة بجد.,وفي بعض الاقوال، عصير. ودي معلومه بجد.
"كمان، ""جونز"" أقنع أتباعه إن هُما يتبرعوله بكل مدخراتهم،","كمان، ""جونز"" اقنع اتباعه ان هُما يتبرعوله بكل مدخراتهم،"
"""بالصلاة على النبي كدا،","""بالصلاه علي النبي كدا،"
أي تابع منكم يروح يبيع البيت بتاعه، ويدّيني تمنه،,اي تابع منكم يروح يبيع البيت بتاعه، ويدّيني تمنه،
وبعد كدا، كل الشيكات والمرتّبات دي تتجمّع عندي في الكنيسة بتاعتي،,وبعد كدا، كل الشيكات والمرتّبات دي تتجمّع عندي في الكنيسه بتاعتي،
أنا آخدهم، أدّيكم منهم المصروف.,انا اخدهم، ادّيكم منهم المصروف.
"كل واحد أدّيله pocket money.""","كل واحد ادّيله ."""
"النتيجة هنا كانت إن كل عضو معتمد على ""جونز"" في الأكل والشرب،","النتيجه هنا كانت ان كل عضو معتمد علي ""جونز"" في الاكل والشرب،"
وفي كل أشكال المعيشة،,وفي كل اشكال المعيشه،
"يومه بالكامل بيتخطط من ""جونز""،","يومه بالكامل بيتخطط من ""جونز""،"
"علاقته بالعالم الخارجي وفكرته عنه ""جونز"" هو اللي بيقولهاله.","علاقته بالعالم الخارجي وفكرته عنه ""جونز"" هو اللي بيقولهاله."
فحتى لو فيه احتمال 1% إن انت مش مصدّق هذا الرجُل،,فحتي لو فيه احتمال 1 ان انت مش مصدّق هذا الرجُل،
"وإن، إن شاء الله، ""يوتوبيا"" جاية،","وان، ان شاء الله، ""يوتوبيا"" جايه،"
فانت، يا حبيبي، هتمشي تروح فين؟!,فانت، يا حبيبي، هتمشي تروح فين
"ما انت لا معاك لا ""باسبور"" ولا دولار!","ما انت لا معاك لا ""باسبور"" ولا دولار!"
ما فاضلش بس غير إنه يقضي على أي إحساس عند أتباعه بالخصوصية والكرامة،,ما فاضلش بس غير انه يقضي علي اي احساس عند اتباعه بالخصوصيه والكرامه،
"""أي حاجة تحسسك إن انت إنسان فريد، لوحدك كدا، فرد،","""اي حاجه تحسسك ان انت انسان فريد، لوحدك كدا، فرد،"
هنقضي عليها، هننساها،,هنقضي عليها، هننساها،
"انتم نمل!""","انتم نمل!"""
"""جونز""، يا عزيزي، عمل دا في إنه يتحكّم مين يعيش مع مين،","""جونز""، يا عزيزي، عمل دا في انه يتحكّم مين يعيش مع مين،"
وكمان، هيبلسوا إيه،,وكمان، هيبلسوا ايه،
لغى أي خصوصية بين الناس وبعضها،,لغي اي خصوصيه بين الناس وبعضها،
حتى الحمّام كان مشترك ومكشوف!,حتي الحمّام كان مشترك ومكشوف!
ولو مشاعرك بدأت تغلي وعواطفك ثارت وكدا،,ولو مشاعرك بدات تغلي وعواطفك ثارت وكدا،
ففيه عمليات وprocess كاملة للسيطرة عليها.,ففيه عمليات و كامله للسيطره عليها.
ودا ياخدنا للنقطة التالتة، اللي يجب على صاحب الـcult إنه يتحكّم فيها،,ودا ياخدنا للنقطه التالته، اللي يجب علي صاحب ال انه يتحكّم فيها،
الـE، الـemotional control.,ال ، ال .
كدا، أنا سلّمتك المعلومات،,كدا، انا سلّمتك المعلومات،
سلّمتك السلوكيات،,سلّمتك السلوكيات،
هدّيك دلوقتي العاطفي، فاضلّك في ذمتي الأفكار!,هدّيك دلوقتي العاطفي، فاضلّك في ذمتي الافكار!
نخُش بقى، يا عزيزي، على الـemotional control والتحكم العاطفي.,نخُش بقي، يا عزيزي، علي ال والتحكم العاطفي.
"""جيم جونز""، يا عزيزي، زي ما المصادر بتقول عنه،","""جيم جونز""، يا عزيزي، زي ما المصادر بتقول عنه،"
كان بارع في التلاعب بالمشاعر،,كان بارع في التلاعب بالمشاعر،
كان بيعمل لأتباعه ما يشبه لروليت المشاعر،,كان بيعمل لاتباعه ما يشبه لروليت المشاعر،
يحُط الكورة، يلفّ الصينية، وهما وحظهم،,يحُط الكوره، يلفّ الصينيه، وهما وحظهم،
"شوية، يقولّهم: ""يا جماعة، انتم شعب الله المختار، مبروك عليكم!","شويه، يقولّهم: ""يا جماعه، انتم شعب الله المختار، مبروك عليكم!"
"مبروك، انتم بتصنعوا التاريخ بوجودكم في هذه المدينة!""","مبروك، انتم بتصنعوا التاريخ بوجودكم في هذه المدينه!"""
فيقوم الـego يعلى عندهم،,فيقوم ال يعلي عندهم،
"""احنا المميزين، احنا المُختارين.""","""احنا المميزين، احنا المُختارين."""
وفجأة، يقوم قالب عليهم،,وفجاه، يقوم قالب عليهم،
ويحسسهم إن هُما مقصّرين وأغبيا،,ويحسسهم ان هُما مقصّرين واغبيا،
"فبدل ما يشاركوا بعض الأفكار، ويفكروا: ""الراجل دا بيقولّنا كدا ليه؟!","فبدل ما يشاركوا بعض الافكار، ويفكروا: ""الراجل دا بيقولّنا كدا ليه"
"وليه كل شوية بيغيّر كلامه معانا؟!""","وليه كل شويه بيغيّر كلامه معانا """
لأ، كل واحد بيترعب، ليكون هو المقصّر،,لا، كل واحد بيترعب، ليكون هو المقصّر،
فيقفل على نفسه وعلى أفكاره.,فيقفل علي نفسه وعلي افكاره.
"لأن المقصّر في ""جونزتاون"" عقابه عسير وعلني،","لان المقصّر في ""جونزتاون"" عقابه عسير وعلني،"
"""جونز"" أسس نظام تأديب مرعب،","""جونز"" اسس نظام تاديب مرعب،"
"سمّاه ""جلسات التنفيس""،","سمّاه ""جلسات التنفيس""،"
جلسات بتتعمل كل يوم أربع بالليل.,جلسات بتتعمل كل يوم اربع بالليل.
وعلى أد ما الاسم يبدو علمي ولطيف،,وعلي اد ما الاسم يبدو علمي ولطيف،
جلسات، هنقعد، تنفيس، هنخرّج اللي جوانا،,جلسات، هنقعد، تنفيس، هنخرّج اللي جوانا،
دي يا therapy، يا حمّام!,دي يا ، يا حمّام!
بس اللي بيحصل، يا عزيزي، في الواقع، إن هُما كانوا بيطلّعوا العضو المقصّر،,بس اللي بيحصل، يا عزيزي، في الواقع، ان هُما كانوا بيطلّعوا العضو المقصّر،
"على حسب رأي ""جونز"" يعني، هو اللي بيختار المقصّر،","علي حسب راي ""جونز"" يعني، هو اللي بيختار المقصّر،"
بيطلع هذا العضو المقصّر قُدّام الكل،,بيطلع هذا العضو المقصّر قُدّام الكل،
وتتم معاقبته بإنه يتضرب بلوح خشبي كبير،,وتتم معاقبته بانه يتضرب بلوح خشبي كبير،
"وسمّوه بسخرية ""مجلس التعليم،""","وسمّوه بسخريه ""مجلس التعليم،"""
"""احنا بنيجي هنا نتمدّ!""","""احنا بنيجي هنا نتمدّ!"""
ما كانش بيفرق معاه، يا عزيزي، لا أطفال ولا رجالة كبار ولا ستات،,ما كانش بيفرق معاه، يا عزيزي، لا اطفال ولا رجاله كبار ولا ستات،
كله بيتضرب قُدّام كله!,كله بيتضرب قُدّام كله!
"""إذا كنا كنا بنُخش الحمّام قصاد بعض، مش هنتضرب قصاد بعض؟!""","""اذا كنا كنا بنُخش الحمّام قصاد بعض، مش هنتضرب قصاد بعض """
الراجل دا كان بيتفنن في إنه يخلّي أتباعه يحسوا بالذنب الشديد والدونية.,الراجل دا كان بيتفنن في انه يخلّي اتباعه يحسوا بالذنب الشديد والدونيه.
"""ياه يا (أبو حميد)!""","""ياه يا ابو حميد !"""
وعشان تبقى العُزلة أكيدة ومُحكمة،,وعشان تبقي العُزله اكيده ومُحكمه،
هيضرب آخر حصن في أمان أتباعه، العيلة،,هيضرب اخر حصن في امان اتباعه، العيله،
"""جونز"" اعتبر إن مشاعر زي الحُب، وعلاقات زي علاقة الجواز دي","""جونز"" اعتبر ان مشاعر زي الحُب، وعلاقات زي علاقه الجواز دي"
تهديد كبير لسُلطته،,تهديد كبير لسُلطته،
أي علاقة قوية بين اتنين معناها إن الولاء بدأ يتوزّع، يا لهوي!,اي علاقه قويه بين اتنين معناها ان الولاء بدا يتوزّع، يا لهوي!
"""افرضي جوزك قالّك حاجة أنا مش مقتنع بيها!","""افرضي جوزك قالّك حاجه انا مش مقتنع بيها!"
افرض إن مراتك هي الوحشة النهاردة، ولازم تتضرب باللوح!,افرض ان مراتك هي الوحشه النهارده، ولازم تتضرب باللوح!
هتيجي بقى تعمل إيه؟ تعترض؟! تعترض! تعترض!,هتيجي بقي تعمل ايه؟ تعترض تعترض! تعترض!
"ما بَحبش أسمع كلمة بين الراجل ومراته، غير كلمتي أنا!""","ما بَحبش اسمع كلمه بين الراجل ومراته، غير كلمتي انا!"""
"عشان كدا، يا عزيزي، ""جونز"" كان بيتعمّد إن هو يكسر الروابط الأُسرية،","عشان كدا، يا عزيزي، ""جونز"" كان بيتعمّد ان هو يكسر الروابط الاُسريه،"
كان هو اللي بيقرر مين يتجوز مين،,كان هو اللي بيقرر مين يتجوز مين،
يشوف مين couples كدا بيحبوا بعض، مشاعرهم ملتهبة،,يشوف مين كدا بيحبوا بعض، مشاعرهم ملتهبه،
عصفورين في قفص، ويقوم مفرّق بينهم!,عصفورين في قفص، ويقوم مفرّق بينهم!
ويجوّزهم لناس تانية مش شبههم،,ويجوّزهم لناس تانيه مش شبههم،
ناس بيكرهوهم!,ناس بيكرهوهم!
فالناس هنا، يا عزيزي، ما تبقاش سعيدة في جوازها،,فالناس هنا، يا عزيزي، ما تبقاش سعيده في جوازها،
"فيروحوا يشتكوا لمين؟ لـ""جونز""،","فيروحوا يشتكوا لمين؟ ل""جونز""،"
"يقولّه: ""أنا فاهمك، وحاسس بيك كويس.""","يقولّه: ""انا فاهمك، وحاسس بيك كويس."""
ويبقى كدا نجح في إنه ما يخلّيش عاطفة لأي حد غيره.,ويبقي كدا نجح في انه ما يخلّيش عاطفه لاي حد غيره.
"قد تظن، يا عزيزي، إن أنا بَبالغ، وبَحُط ""إفّيهات"" في النُص،","قد تظن، يا عزيزي، ان انا بَبالغ، وبَحُط ""افّيهات"" في النُص،"
وأنا، بالفعل، أحيانًا بيحصل دا في حلقات تانية يعني،,وانا، بالفعل، احيانًا بيحصل دا في حلقات تانيه يعني،
بس خُد اللي جاية دي بين حواجبك!,بس خُد اللي جايه دي بين حواجبك!
"""جونز"" كان هو برضه اللي بيحدد مواعيد اللقاءات الزوجية.","""جونز"" كان هو برضه اللي بيحدد مواعيد اللقاءات الزوجيه."
"""(أبو حميد)، يعني إيه العلاقات الزوجية دي؟!""",""" ابو حميد ، يعني ايه العلاقات الزوجيه دي """
بمعنى، يا عزيزي، يا مؤدب يا محترم انت، يا اللي مش فاهم حاجة،,بمعني، يا عزيزي، يا مودب يا محترم انت، يا اللي مش فاهم حاجه،
إن أي راجل عايز يعمل عملية التناسل مع زوجته،,ان اي راجل عايز يعمل عمليه التناسل مع زوجته،
"""طالما الـrequest ما جاتش من مستر (جونز)، أنا وانتي إخوات!""","""طالما ال ما جاتش من مستر جونز ، انا وانتي اخوات!"""
دا معناه إن أي علاقة زوجية بين رجُل وزوجته,دا معناه ان اي علاقه زوجيه بين رجُل وزوجته
مش بس محتاجة موافقة الطرفين.,مش بس محتاجه موافقه الطرفين.
"""إيه دا؟! دا قاسي أوي الراجل دا؟! أنا تعبت منه!""","""ايه دا دا قاسي اوي الراجل دا انا تعبت منه!"""
"- أقولّك على الكبيرة؟ - ""هو لسة فيه؟!""","- اقولّك علي الكبيره؟ - ""هو لسه فيه """
والله، يا عزيزي، فوق كل اللي قُلتهولك دا،,والله، يا عزيزي، فوق كل اللي قُلتهولك دا،
الراجل كان بيُقيم بنفسه علاقات جنسية استغلالية,الراجل كان بيُقيم بنفسه علاقات جنسيه استغلاليه
مع أتباعه من الستات والرجالة،,مع اتباعه من الستات والرجاله،
كنوع من أنواع إثبات الخضوع ليه، اختبار ولاء!,كنوع من انواع اثبات الخضوع ليه، اختبار ولاء!
"""طب، يا حاج، انت جاي تختبر ولاء، أنا مالي أنا؟!""","""طب، يا حاج، انت جاي تختبر ولاء، انا مالي انا """
"""(أبو حميد)، أنا حاسس إن المصادر مكمكمة!""",""" ابو حميد ، انا حاسس ان المصادر مكمكمه!"""
الراجل، يا عزيزي، كان عايز يتأكد إنه يمتلك عقول وأجساد أتباعه.,الراجل، يا عزيزي، كان عايز يتاكد انه يمتلك عقول واجساد اتباعه.
"""أني خايف منك يا (أبو حميد)!","""اني خايف منك يا ابو حميد !"
انت بتمتلك عقلي دلوقتي،,انت بتمتلك عقلي دلوقتي،
"شوية شوية، وحاسس إن انت هتوصل للي انت عايز توصلّه!""","شويه شويه، وحاسس ان انت هتوصل للي انت عايز توصلّه!"""
دا، يا عزيزي، كان التحكم في العواطف.,دا، يا عزيزي، كان التحكم في العواطف.
ودلوقتي، خلّينا ننتقل للمرحلة الأخيرة،,ودلوقتي، خلّينا ننتقل للمرحله الاخيره،
وهي مرحلة التحكم في الأفكار،,وهي مرحله التحكم في الافكار،
في مرحلة، يا عزيزي، السيطرة على الأفكار اللعب كان في الـsoftware،,في مرحله، يا عزيزي، السيطره علي الافكار اللعب كان في ال ،
"""احنا بنلعب في الدماغ من جوا،","""احنا بنلعب في الدماغ من جوا،"
"وهنا، ""جونز"" زرع في أتباعه لغة خاصة ومصطلحات جديدة،","وهنا، ""جونز"" زرع في اتباعه لغه خاصه ومصطلحات جديده،"
"قسّم العالم لـ""احنا الأخيار،","قسّم العالم ل""احنا الاخيار،"
"المظلومين، المثاليين، اللي بنسمع كلام (جونز).""","المظلومين، المثاليين، اللي بنسمع كلام جونز ."""
ضد ناس تانية، هُما، the others،,ضد ناس تانيه، هُما، ،
الرأسماليين، الأشرار، العنصريين!,الراسماليين، الاشرار، العنصريين!
"تقسيمة ""احنا وهُما"" على أد ما هي تبدو تقسيمة طفولية وساذجة جدًا،","تقسيمه ""احنا وهُما"" علي اد ما هي تبدو تقسيمه طفوليه وساذجه جدًا،"
إلا إنها كانت فعّالة فاعلية لا تتخيلها، يا عزيزي،,الا انها كانت فعّاله فاعليه لا تتخيلها، يا عزيزي،
كانت كفيلة تقتل أي مساحة من الشك بين الأتباع.,كانت كفيله تقتل اي مساحه من الشك بين الاتباع.
"المفارقة إن في عز سيطرة ""جونز"" على أفكار أتباعه،","المفارقه ان في عز سيطره ""جونز"" علي افكار اتباعه،"
"راح معلّمهم تقنية اسمها ""إيقاف التفكير""،","راح معلّمهم تقنيه اسمها ""ايقاف التفكير""،"
"أول ما يجيلك شك في ""جونز"" واللي بيحصل حواليك،","اول ما يجيلك شك في ""جونز"" واللي بيحصل حواليك،"
تلوم نفسك!,تلوم نفسك!
"""لوم نفسك دلوقتي حالًا، اللي بتعمله دا غلط! اقف!","""لوم نفسك دلوقتي حالًا، اللي بتعمله دا غلط! اقف!"
"اوعى تفكر في (جونز)، ما تشكّش!""","اوعي تفكر في جونز ، ما تشكّش!"""
يلّا، اقعد ردد شعارات، يلّا، يلّا!,يلّا، اقعد ردد شعارات، يلّا، يلّا!
"غنّي أغاني (جونز) بصوت عالي!""","غنّي اغاني جونز بصوت عالي!"""
"كانوا بيرددوا شعارات زي إن ""الأب (جونز) أدرى بمصلحتي.""","كانوا بيرددوا شعارات زي ان ""الاب جونز ادري بمصلحتي."""
تقعد تلغوش كدا، تلعب، لحد ما الفكرة تروح من دماغك!,تقعد تلغوش كدا، تلعب، لحد ما الفكره تروح من دماغك!
بالتدريج، يا عزيزي، التفكير النقدي تحول إلى خطيئة،,بالتدريج، يا عزيزي، التفكير النقدي تحول الي خطييه،
مجرد السؤال أصبح خيانة،,مجرد السوال اصبح خيانه،
أي شك في القائد بقى كُفر وخيانة عُظمى،,اي شك في القايد بقي كُفر وخيانه عُظمي،
لو حضرت مليون جلسة تنفيس،,لو حضرت مليون جلسه تنفيس،
مش هيحوّق فيك، انت خاين!,مش هيحوّق فيك، انت خاين!
"""جونز"" نجح في إنه يزرع في أتباعه البارانويا، الرعب النفسي،","""جونز"" نجح في انه يزرع في اتباعه البارانويا، الرعب النفسي،"
لدرجة، يا عزيزي، إن الناس وصلت إنها خايفة تتكلم مع بعض،,لدرجه، يا عزيزي، ان الناس وصلت انها خايفه تتكلم مع بعض،
لأن الوشاية، على عكس التفكير النقدي،,لان الوشايه، علي عكس التفكير النقدي،
كانت بتُعتبَر عمل ثوري ومشروع،,كانت بتُعتبَر عمل ثوري ومشروع،
"طول ما انت بتفتن على زميلك، اللي عنده أفكار وشكوك ضد ""جونز""،","طول ما انت بتفتن علي زميلك، اللي عنده افكار وشكوك ضد ""جونز""،"
"إذًا، فأنت مخلص، و""جونز"" بيحبك،","اذًا، فانت مخلص، و""جونز"" بيحبك،"
والفِتنة في الحالة دي مش أشد من القتل!,والفِتنه في الحاله دي مش اشد من القتل!
العقاب، يا عزيزي، ما عادش مجرد ضرب،,العقاب، يا عزيزي، ما عادش مجرد ضرب،
مع الوقت، بقى يوصل لمراحل وحشية جدًا من التعذيب،,مع الوقت، بقي يوصل لمراحل وحشيه جدًا من التعذيب،
"وفي بعض الحالات، ""جونز"" استخدم وحدة الرعاية الخاصة،","وفي بعض الحالات، ""جونز"" استخدم وحده الرعايه الخاصه،"
وزي كل حاجة في هذا المكان،,وزي كل حاجه في هذا المكان،
اسمها يبدو جميل جدًا،,اسمها يبدو جميل جدًا،
إلا إن وحدة الرعاية الخاصة دي,الا ان وحده الرعايه الخاصه دي
تُعتبر مكان بيتم حبس فيه جميع المتمردين،,تُعتبر مكان بيتم حبس فيه جميع المتمردين،
ويتحقنوا بمهدئات وبمخدرات قوية جدًا،,ويتحقنوا بمهديات وبمخدرات قويه جدًا،
لحد ما يتحولوا إلى زومبي، فاقدين للوعي والإرادة!,لحد ما يتحولوا الي زومبي، فاقدين للوعي والاراده!
جعل من أتباعه الغير مطيعين شمّامين كُلّة!,جعل من اتباعه الغير مطيعين شمّامين كُلّه!
"في نفس الوقت، ""جونز"" كان بيغذّي الخوف جوا الناس اللي معاه،","في نفس الوقت، ""جونز"" كان بيغذّي الخوف جوا الناس اللي معاه،"
"كان بيهرّب أسلحة لـ""جونزتاون""، ويعمل بيه تمثيليات على أتباعه،","كان بيهرّب اسلحه ل""جونزتاون""، ويعمل بيه تمثيليات علي اتباعه،"
ويخلّي حراسه يضربوا نار في الغابة بالليل،,ويخلّي حراسه يضربوا نار في الغابه بالليل،
"وييجي الصبح يقول لأتباعه: ""سمعتم الأصوات؟","وييجي الصبح يقول لاتباعه: ""سمعتم الاصوات؟"
"المرتزقة والـCIA برة أهم، جايين يقبضوا علينا.""","المرتزقه وال بره اهم، جايين يقبضوا علينا."""
وبكدا، فكرة ساذجة جدًا، زي Us Vs Them،,وبكدا، فكره ساذجه جدًا، زي ،
بشوية لعب وتلاعب عقلي تترسخ تمامًا في عقول الأتباع،,بشويه لعب وتلاعب عقلي تترسخ تمامًا في عقول الاتباع،
مع الوقت، بتبقى مصدّق جدًا,مع الوقت، بتبقي مصدّق جدًا
إن انت يا إما صديق يا إما عَدوّ، ما فيش وَسَط،,ان انت يا اما صديق يا اما عَدوّ، ما فيش وَسَط،
ودا برضه زوّد من حالة العزلة عن العالم الخارجي.,ودا برضه زوّد من حاله العزله عن العالم الخارجي.
جمّع، يا عزيزي، الـBITE كدا مع بعضه، وشوف هذا النموذج وهو بيتحقق،,جمّع، يا عزيزي، ال كدا مع بعضه، وشوف هذا النموذج وهو بيتحقق،
الضحية بتبقى عاملة زي ما تكون ترس في ماكينة،,الضحيه بتبقي عامله زي ما تكون ترس في ماكينه،
ترس لا عنده رأي، ولا عنده شخصية مستقلة،,ترس لا عنده راي، ولا عنده شخصيه مستقله،
والاتجاه الوحيد اللي مسموحله بالحركة فيه,والاتجاه الوحيد اللي مسموحله بالحركه فيه
اتجاه دائري ما يخلّيهوش يتحرك خطوة واحدة لقُدّام،,اتجاه دايري ما يخلّيهوش يتحرك خطوه واحده لقُدّام،
ولكنه بيفضل مدوّر الماكينة.,ولكنه بيفضل مدوّر الماكينه.
"""(أبو حميد)، اسمحلي أوقّفك، وأتمرد عليك،",""" ابو حميد ، اسمحلي اوقّفك، واتمرد عليك،"
"بما إن التفكير والتمرد هنا مش جريمة، ولّا؟!""","بما ان التفكير والتمرد هنا مش جريمه، ولّا """
"إيه يا أسطى الـ""أفورة"" دي؟! أنا مش حِمل الـcult، مصاريف جامدة!","ايه يا اسطي ال""افوره"" دي انا مش حِمل ال ، مصاريف جامده!"
"أرض في ""أمريكا اللاتينية""!","ارض في ""امريكا اللاتينيه""!"
"أنا ""باسبوري"" يركّبني المترو، ومش كل الخطوط!","انا ""باسبوري"" يركّبني المترو، ومش كل الخطوط!"
"أنا فيه ظابط جوازات، بيقف يقولّي: ""انت يا أستاذ، طلّعت فيزا (حلوان)؟!","انا فيه ظابط جوازات، بيقف يقولّي: ""انت يا استاذ، طلّعت فيزا حلوان"
"أقولّه: ""لأ""، يرّحلني! اتفضل، يا عزيزي، اسأل!","اقولّه: ""لا""، يرّحلني! اتفضل، يا عزيزي، اسال!"
"""(أبو حميد)، هي الناس دي هتفوق امتى؟!",""" ابو حميد ، هي الناس دي هتفوق امتي"
لمّا هُما كلهم بيتم استغلالهم وتعذيبهم ومنعهم حتى من التفكير،,لمّا هُما كلهم بيتم استغلالهم وتعذيبهم ومنعهم حتي من التفكير،
ما حدش راح مميّل على أخوه، وقام قايلّه: (ما تيجي ياد نهرب)؟!,ما حدش راح مميّل علي اخوه، وقام قايلّه: ما تيجي ياد نهرب
ازاي يا (أبو حميد) بيفرّق الأزواج وبيستغلّ أتباعه؟,ازاي يا ابو حميد بيفرّق الازواج وبيستغلّ اتباعه؟
"كل دا، والناس مش شايفة الحقيقة قصاد عينيها!""","كل دا، والناس مش شايفه الحقيقه قصاد عينيها!"""
الإجابة، يا عزيزي، في كلمتين عزيزتي بتعشقهم...,الاجابه، يا عزيزي، في كلمتين عزيزتي بتعشقهم
"عايزة تفهمي، انتي في علاقة مع واحد ""توكسيك"" مطلّع عين أهلك ليه،","عايزه تفهمي، انتي في علاقه مع واحد ""توكسيك"" مطلّع عين اهلك ليه،"
بتعشقيه وبتموتي في أمه، وما زلت مستمرة في هذه العلاقة،,بتعشقيه وبتموتي في امه، وما زلت مستمره في هذه العلاقه،
"""جونز""!","""جونز""!"
على عكس المتوقع، الإنسان لمّا بيتعرّض لظروف قاسية،,علي عكس المتوقع، الانسان لمّا بيتعرّض لظروف قاسيه،
بنكون متخيلين إن احنا هنعرف نقاوم ونتصرف بشكل إيجابي،,بنكون متخيلين ان احنا هنعرف نقاوم ونتصرف بشكل ايجابي،
"المصطلح دا بيرصد دايرة أوسع من متلازمة ""ستوكهولم"" الشهيرة،","المصطلح دا بيرصد دايره اوسع من متلازمه ""ستوكهولم"" الشهيره،"
الضحية اللي بتقع في حُب المجرم في حقها،,الضحيه اللي بتقع في حُب المجرم في حقها،
تحت ضغط الخوف والعزلة بتبدأ تتعلّق بالجلاد اللي بيعاقبها،,تحت ضغط الخوف والعزله بتبدا تتعلّق بالجلاد اللي بيعاقبها،
الصدمة والألم والمعاناة بتلحم الناس في بعض،,الصدمه والالم والمعاناه بتلحم الناس في بعض،
زي ما يكون هناك صمغ بيجمع بين الناس عن طريق الصدمة،,زي ما يكون هناك صمغ بيجمع بين الناس عن طريق الصدمه،
ودا بيخلّي الأعضاء يستمروا في الطايفة،,ودا بيخلّي الاعضاء يستمروا في الطايفه،
لأن كل ضحية فيهم بتفضل مستنية,لان كل ضحيه فيهم بتفضل مستنيه
إن القائد الـabusive دا يرضى عنهم ويبطّل يأذيهم،,ان القايد ال دا يرضي عنهم ويبطّل ياذيهم،
خلاص، بقوا متعلقين بالجلّاد بتاعهم،,خلاص، بقوا متعلقين بالجلّاد بتاعهم،
على أمل إن هُما يرجعوا لحلاوة البدايات، اللي كانوا عليها في الأول.,علي امل ان هُما يرجعوا لحلاوه البدايات، اللي كانوا عليها في الاول.
وبكدا، يا عزيزي، الشخصية اتمحت، مسحناها!,وبكدا، يا عزيزي، الشخصيه اتمحت، مسحناها!
وبتبدأ بعد كدا المرحلة الأصعب...,وبتبدا بعد كدا المرحله الاصعب
بُص، يا عزيزي، لمَيّه موجودة في كوباية،,بُص، يا عزيزي، لمَيّه موجوده في كوبايه،
هتلاقي ليها شكل وليها حدود،,هتلاقي ليها شكل وليها حدود،
انت عارف إن السائل بياخد شكل الإناء.,انت عارف ان السايل بياخد شكل الاناء.
بس ممكن تمسك نفس الكوباية دي وتدلقها في البحر،,بس ممكن تمسك نفس الكوبايه دي وتدلقها في البحر،
كدا، خلاص، الكوباية دي ما بقيتش موجودة،,كدا، خلاص، الكوبايه دي ما بقيتش موجوده،
ما تقدرش ترجّع نفس الميّه دي لنفس الكوباية دي،,ما تقدرش ترجّع نفس الميّه دي لنفس الكوبايه دي،
خلاص، الميّه اللي كانت في الكوباية فقدت التميز بتاعها،,خلاص، الميّه اللي كانت في الكوبايه فقدت التميز بتاعها،
أصبحت جزء من حاجة أكبر منها بكتير.,اصبحت جزء من حاجه اكبر منها بكتير.
والطوايف، يا عزيزي، بتشتغل بنفس الطريقة دي,والطوايف، يا عزيزي، بتشتغل بنفس الطريقه دي
الطوايف، يا عزيزي، بتعمل عملية صَهر للفرد،,الطوايف، يا عزيزي، بتعمل عمليه صَهر للفرد،
بتسيّح هويته جوا هوية المجموعة،,بتسيّح هويته جوا هويه المجموعه،
قائد الـcult بيوصل لقمة سيطرته،,قايد ال بيوصل لقمه سيطرته،
لمّا بينجح إنه يخلّي أتباعه يشوفوا الحياة من غيره هي الموت،,لمّا بينجح انه يخلّي اتباعه يشوفوا الحياه من غيره هي الموت،
وساعتها، الموت في وجوده مش موت، دا الخلاص.,وساعتها، الموت في وجوده مش موت، دا الخلاص.
"ودا المستوى اللي وصلّه ""جونز"" بصعوبة وبجهد عبقري،","ودا المستوي اللي وصلّه ""جونز"" بصعوبه وبجهد عبقري،"
"بفضل حاجة اسمها ""الليالي البيضاء""...","بفضل حاجه اسمها ""الليالي البيضاء"""
"""جونز"" كان بيصحّي أتباعه وبيقولّهم إن هُناك هجوم وشيك،","""جونز"" كان بيصحّي اتباعه وبيقولّهم ان هُناك هجوم وشيك،"
"""والحل الوحيد، يا جماعة، هو ما يُعرف بـ(الانتحار الثوري).""","""والحل الوحيد، يا جماعه، هو ما يُعرف ب الانتحار الثوري ."""
"""جونز"" بدأ يقدّملهم فكرة الموت الجماعي باعتبارها عمل بطولي،","""جونز"" بدا يقدّملهم فكره الموت الجماعي باعتبارها عمل بطولي،"
واحتجاج أخير أمام العالَم الشرير،,واحتجاج اخير امام العالَم الشرير،
بقى يوقّف أتباعه طوابير، ويقدّملهم عصير ويقولّهم:,بقي يوقّف اتباعه طوابير، ويقدّملهم عصير ويقولّهم:
"""دا مسموم."" والناس تشرب وتعيّط وتودّع بعض.","""دا مسموم."" والناس تشرب وتعيّط وتودّع بعض."
"وبعد كدا، ""جونز"" يضحك عليهم، ويقولّهم: ""لأ، دا كان اختبار.""","وبعد كدا، ""جونز"" يضحك عليهم، ويقولّهم: ""لا، دا كان اختبار."""
"الناس من كتر عياطهم مع ""رامز جلال"" دا،","الناس من كتر عياطهم مع ""رامز جلال"" دا،"
بدأوا يتعوّدوا على فكرة الموت،,بداوا يتعوّدوا علي فكره الموت،
ويفكتروا إن كل مرة هي مجرد تمثيلية هي كمان،,ويفكتروا ان كل مره هي مجرد تمثيليه هي كمان،
لحد ما جت اللحظة اللي كانت التمثيلية فيها بجد.,لحد ما جت اللحظه اللي كانت التمثيليه فيها بجد.
احنا دلوقتي، يا عزيزي، سنة 1978،,احنا دلوقتي، يا عزيزي، سنه 1978،
"أتباع ""جونز"" متسيطر عليهم تمامًا،","اتباع ""جونز"" متسيطر عليهم تمامًا،"
ولكن برة، يا عزيزي، الوضع مختلف،,ولكن بره، يا عزيزي، الوضع مختلف،
"عائلات الضحايا اللي سافروا لـ""جونزتاون"" بدأوا يشكوا في الموضوع،","عايلات الضحايا اللي سافروا ل""جونزتاون"" بداوا يشكوا في الموضوع،"
لمّا رسايل أهلهم اتقطعت،,لمّا رسايل اهلهم اتقطعت،
أو لمّا توصلّهم رسالة ما فيهاش مشاعر،,او لمّا توصلّهم رساله ما فيهاش مشاعر،
كأن حد مملّيها لحبايبهم بالكلمة،,كان حد مملّيها لحبايبهم بالكلمه،
الناس ما عادتش حاسة بالبصمة الشعورية لذويهم!,الناس ما عادتش حاسه بالبصمه الشعوريه لذويهم!
القلق دا تحول لرعب حقيقي،,القلق دا تحول لرعب حقيقي،
"وخصوصًا، لمّا واحدة من البنات في الدايرة القريبة من ""جونز""","وخصوصًا، لمّا واحده من البنات في الدايره القريبه من ""جونز"""
"اسمها ""ديبورا لايتون""","اسمها ""ديبورا لايتون"""
البنت دي، يا عزيزي، عملت حاجة،,البنت دي، يا عزيزي، عملت حاجه،
إنها قدرت تهرب، وراحت للسفارة الأمريكية،,انها قدرت تهرب، وراحت للسفاره الامريكيه،
"وحكتلهم على كل تفاصيل الحياة المرعبة في ""جونزتاون""، اللي حكيتلك عنها،","وحكتلهم علي كل تفاصيل الحياه المرعبه في ""جونزتاون""، اللي حكيتلك عنها،"
"""الحق يا بيه! دا بيعمل وبيسوّي فينا،","""الحق يا بيه! دا بيعمل وبيسوّي فينا،"
"انت ما شُفتش الحلقة من أولها يا بيه!""","انت ما شُفتش الحلقه من اولها يا بيه!"""
"وهنا، الأهالي عرفوا وصرّخوا، وقالوا: ""الحقولنا ولادنا!""","وهنا، الاهالي عرفوا وصرّخوا، وقالوا: ""الحقولنا ولادنا!"""
"الضغط دا هيخلّي أحد أعضاء الـ""كونجرس""، اللي كان يُدعى ""ليو ريان""،","الضغط دا هيخلّي احد اعضاء ال""كونجرس""، اللي كان يُدعي ""ليو ريان""،"
ياخد قرار شجاع ومتهور،,ياخد قرار شجاع ومتهور،
"""أنا هروح (جونزتاون) بنفسي.","""انا هروح جونزتاون بنفسي."
"أنا هروح أشوف إيه الحكاية اللي بتحصل هناك.""","انا هروح اشوف ايه الحكايه اللي بتحصل هناك."""
"عشان يوم 17 نوفمبر صفّارة الإنذار بتضرب في ""جونزتاون""","عشان يوم 17 نوفمبر صفّاره الانذار بتضرب في ""جونزتاون"""
"بس المرادي، مش حراس ""جونز"" هُما اللي عاملين الإنذار،","بس المرادي، مش حراس ""جونز"" هُما اللي عاملين الانذار،"
دي لا غارة وهمية ولا اختبار ولاء، ولا أي حاجة،,دي لا غاره وهميه ولا اختبار ولاء، ولا اي حاجه،
المرادي، الخطر جه بجد،,المرادي، الخطر جه بجد،
دي اللحظة اللي كنا بنستعدلها!,دي اللحظه اللي كنا بنستعدلها!
"عضو الـ""كونجرس"" ومعاه وفد صحفي وأهالي واقفين على الباب برة،","عضو ال""كونجرس"" ومعاه وفد صحفي واهالي واقفين علي الباب بره،"
"و""جونز"" كان عارف إن دي كانت لحظة حياة أو موت،","و""جونز"" كان عارف ان دي كانت لحظه حياه او موت،"
فقرر، يا عزيزي، إن هو يعمل أكبر مسرحية في تاريخ المعبد،,فقرر، يا عزيزي، ان هو يعمل اكبر مسرحيه في تاريخ المعبد،
مسرحية بأكبر عدد ممكن من الممثلين،,مسرحيه باكبر عدد ممكن من الممثلين،
بحوالي 1000 من الممثلين، أو (الأتباع)،,بحوالي 10 من الممثلين، او الاتباع ،
"""جونز"" في حركة جريئة جمّع الناس كلها، وحفّظهم هيقولوا إيه بالحرف،","""جونز"" في حركه جرييه جمّع الناس كلها، وحفّظهم هيقولوا ايه بالحرف،"
إجابة نموذجية شافية وافية لكل الأسئلة،,اجابه نموذجيه شافيه وافيه لكل الاسيله،
جهّزهم كأنهم هيخشوا امتحان شفوي.,جهّزهم كانهم هيخشوا امتحان شفوي.
"ولمّا عضو الـ""كونجرس"" والوفد وصلوا في حالة من الغضب،","ولمّا عضو ال""كونجرس"" والوفد وصلوا في حاله من الغضب،"
اتفاجئوا بصور مختلفة عن كل اللي بحكيهولك،,اتفاجيوا بصور مختلفه عن كل اللي بحكيهولك،
عارف، يا عزيزي، المَشاهد بتاعة زيارة السجن دي؟,عارف، يا عزيزي، المَشاهد بتاعه زياره السجن دي؟
لقوا حالة استقبال، حالة يوتوبية جميلة،,لقوا حاله استقبال، حاله يوتوبيه جميله،
رقص وغُنا، موسيقى، عشا فاخر،,رقص وغُنا، موسيقي، عشا فاخر،
مشهد مثالي، كله بيبوس بعض، وكله بيحضن بعض،,مشهد مثالي، كله بيبوس بعض، وكله بيحضن بعض،
"لدرجة إن عضو الـ""كونجرس"" مسك الميكروفون وخطب فيهم،","لدرجه ان عضو ال""كونجرس"" مسك الميكروفون وخطب فيهم،"
"قالّهم: ""واضح إن انتم مبسوطين هنا.","قالّهم: ""واضح ان انتم مبسوطين هنا."
"كل اللي اتكلمت معاهم واضح إن هُما مش عايزين يرجعوا تاني.""","كل اللي اتكلمت معاهم واضح ان هُما مش عايزين يرجعوا تاني."""
الناس ردّت عليه بحالة من التصفيق الحار، اللي هزت المكان،,الناس ردّت عليه بحاله من التصفيق الحار، اللي هزت المكان،
"عضو الـ""كونجرس"" كان ناقص ينزل يبوس إيد ""جونز""،","عضو ال""كونجرس"" كان ناقص ينزل يبوس ايد ""جونز""،"
"و""جونز"" كان قاعد هنا فخور بنفسه ومتكيّف،","و""جونز"" كان قاعد هنا فخور بنفسه ومتكيّف،"
المسرحية اشتغلت، كدا اوك!,المسرحيه اشتغلت، كدا اوك!
ولكن، يا عزيزي، وسط هذه الزحمة،,ولكن، يا عزيزي، وسط هذه الزحمه،
واحد من الصحفيين اللي كانوا جايين مع الوفد،,واحد من الصحفيين اللي كانوا جايين مع الوفد،
"حَد اسمه ""دون هاريس""، كان عمّال يلف وسط الناس،","حَد اسمه ""دون هاريس""، كان عمّال يلف وسط الناس،"
بيدور بين الأتباع،,بيدور بين الاتباع،
"وفي لحظة خاطفة، واحد من أتباع ""جونز"" دسّ في إيده ورقة صغيرة،","وفي لحظه خاطفه، واحد من اتباع ""جونز"" دسّ في ايده ورقه صغيره،"
فيها جملة واحدة بس مكتوبة...,فيها جمله واحده بس مكتوبه
في هذه اللحظة، يا عزيزي، القناع سقط تمامًا،,في هذه اللحظه، يا عزيزي، القناع سقط تمامًا،
الصحفي فهم برعب إن الابتسامات والاحتفالات دي,الصحفي فهم برعب ان الابتسامات والاحتفالات دي
وراهم خوف كبير،,وراهم خوف كبير،
عشان تاني يوم الصبح، 18 نوفمبر،,عشان تاني يوم الصبح، 18 نوفمبر،
الجو يكون مكهرب جدًا،,الجو يكون مكهرب جدًا،
الدنيا هتتوتر أكتر وأكتر،,الدنيا هتتوتر اكتر واكتر،
لمّا مجموعة من الأتباع تتشجع،,لمّا مجموعه من الاتباع تتشجع،
"قرروا إن هُما يمشوا مع عضو الـ""كونجرس""،","قرروا ان هُما يمشوا مع عضو ال""كونجرس""،"
وبدأوا يجمّعوا حاجاتهم ويمشوا ناحية الشاحنة اللي كانت جاية،,وبداوا يجمّعوا حاجاتهم ويمشوا ناحيه الشاحنه اللي كانت جايه،
"وفي نفس اللحظة، الصحفي ""دون هاريس"" بيقرر إن هو يصعّد الأمور،","وفي نفس اللحظه، الصحفي ""دون هاريس"" بيقرر ان هو يصعّد الامور،"
"ويواجه ""جيم جونز"" بالورقة اللي معاه.","ويواجه ""جيم جونز"" بالورقه اللي معاه."
"""جونز"" على الناحية التانية حاول يبان متماسك،","""جونز"" علي الناحيه التانيه حاول يبان متماسك،"
بَص في الورقة، وقال بجنون العَظَمة المعتاد بتاعه:,بَص في الورقه، وقال بجنون العَظَمه المعتاد بتاعه:
"""الناس بتكدب، وأنا مش عارف أعمل إيه مع الكذابين!""","""الناس بتكدب، وانا مش عارف اعمل ايه مع الكذابين!"""
"قالّهم: ""اللي عايز يمشي، يمشي،","قالّهم: ""اللي عايز يمشي، يمشي،"
"احنا هنا مش بنمنع حد.""","احنا هنا مش بنمنع حد."""
"وفجأة، واحد من أتباع ""جونز"" المخلصين","وفجاه، واحد من اتباع ""جونز"" المخلصين"
"هجم على عضو الـ""كونجرس"" وحاول يدبحه بسكّينة،","هجم علي عضو ال""كونجرس"" وحاول يدبحه بسكّينه،"
إلا إنه نجا بأعجوبة.,الا انه نجا باعجوبه.
"في اللحظة دي، عضو الـ""كونجرس"" فهم إن حياته في خطر،","في اللحظه دي، عضو ال""كونجرس"" فهم ان حياته في خطر،"
"وخَد المنشقين عن ""جونزتاون"" وجريوا على عربية نقل،","وخَد المنشقين عن ""جونزتاون"" وجريوا علي عربيه نقل،"
"عشان توصّلهم لأقرب مطار من ""جونزتاون""،","عشان توصّلهم لاقرب مطار من ""جونزتاون""،"
وبوصولهم هناك، كان فيه طيارتين صغيرين في انتظارهم،,وبوصولهم هناك، كان فيه طيارتين صغيرين في انتظارهم،
الناس بدأت تركب بسرعة وهُما مرعوبين وبيبصوا وراهم.,الناس بدات تركب بسرعه وهُما مرعوبين وبيبصوا وراهم.
الراجل اللي كتب الورقة وادّاها للصحفي,الراجل اللي كتب الورقه وادّاها للصحفي
ركب واحدة من الطيارتين اللي بقولّك عليهم دُول.,ركب واحده من الطيارتين اللي بقولّك عليهم دُول.
"بس كان جنبه واحد اسمه ""لاري""","بس كان جنبه واحد اسمه ""لاري"""
"عم ""لاري"" دا كان تابع مخلص، بيمثّل إنه منشقّ، وعايز يهرب مع اللي هربوا،","عم ""لاري"" دا كان تابع مخلص، بيمثّل انه منشقّ، وعايز يهرب مع اللي هربوا،"
"بس ولاؤه لسة متعلّق بـ""جونز تاون"".","بس ولاوه لسه متعلّق ب""جونز تاون""."
الطيارات بدأت تتحرك على المدرّج،,الطيارات بدات تتحرك علي المدرّج،
وفجأة، ظهر جرّار ومقطورة قطعوا الطريق على الطيارة،,وفجاه، ظهر جرّار ومقطوره قطعوا الطريق علي الطياره،
"ومن المقطورة دي، نزل حراس ""معبد الشعوب""","ومن المقطوره دي، نزل حراس ""معبد الشعوب"""
فتحوا نار بنادقهم بلا رحمة عل ىالناس،,فتحوا نار بنادقهم بلا رحمه عل يالناس،
"في نفس اللحظة، ""لاري"" المنشقّ المزيف دا","في نفس اللحظه، ""لاري"" المنشقّ المزيف دا"
راح مطلّع مسدسه وقعد يضرب على الناس اللي حواليه.,راح مطلّع مسدسه وقعد يضرب علي الناس اللي حواليه.
الكل بدأ يجري ويهرب ناحية الغابة، الكل بينزف،,الكل بدا يجري ويهرب ناحيه الغابه، الكل بينزف،
الكل سامع صوت الرصاص وهو بيحصد أرواح اللي كانوا فاكرين إن هُما نجوا!,الكل سامع صوت الرصاص وهو بيحصد ارواح اللي كانوا فاكرين ان هُما نجوا!
في الكمين دا،,في الكمين دا،
"عضو الـ""كونجرس""، يا عزيزي، ""ليو ريان"" بيتقتل،","عضو ال""كونجرس""، يا عزيزي، ""ليو ريان"" بيتقتل،"
"كمان، الصحفي ""دون هاريس""، اللي كشف ""جونز""،","كمان، الصحفي ""دون هاريس""، اللي كشف ""جونز""،"
ومات معاهم 3 تانيين، واتصاب أكتر من 10 أفراد!,ومات معاهم 3 تانيين، واتصاب اكتر من 10 افراد!
"الحراس التابعين لـ""جيم جونز""","الحراس التابعين ل""جيم جونز"""
ركبوا عربياتهم ورجعوا المعبد، بعد ما نفّذوا المهمة.,ركبوا عربياتهم ورجعوا المعبد، بعد ما نفّذوا المهمه.
"""جونز"" لمّا سمع اللي حصل دا،","""جونز"" لمّا سمع اللي حصل دا،"
"عرف إن المدبحة دي صداها هيوصل لـ""واشنطن""،","عرف ان المدبحه دي صداها هيوصل ل""واشنطن""،"
والسُلطات الغيانية والأمريكية هتيجي،,والسُلطات الغيانيه والامريكيه هتيجي،
النهاية بقت مجرد مسألة وقت.,النهايه بقت مجرد مساله وقت.
وهنا، يا عزيزي، نرجع لمشهد البداية،,وهنا، يا عزيزي، نرجع لمشهد البدايه،
"""جونز"" جمّع الطايفة بتاعته في الجناح الرئيسي، وقالّهم:","""جونز"" جمّع الطايفه بتاعته في الجناح الرييسي، وقالّهم:"
"""خلاص، ما عادش فيه مفر،","""خلاص، ما عادش فيه مفر،"
الطيارات هتيجي، وهينزلوا علينا بالمظلات،,الطيارات هتيجي، وهينزلوا علينا بالمظلات،
وهيعتقلونا، وهيعذبوا أطفالنا،,وهيعتقلونا، وهيعذبوا اطفالنا،
"احنا لازم نحمي نفسينا منهم!""","احنا لازم نحمي نفسينا منهم!"""
ومن هنا، يا عزيزي، بيطلّع الكارت الأخير،,ومن هنا، يا عزيزي، بيطلّع الكارت الاخير،
كارت الانتحار الثوري.,كارت الانتحار الثوري.
دلوقتي، يا عزيزي، انت بقيت شايف نفس المشهد، ولكن بعيون مختلفة،,دلوقتي، يا عزيزي، انت بقيت شايف نفس المشهد، ولكن بعيون مختلفه،
ما بقيتش شايف الأتباع دُول شوية سُذّج،,ما بقيتش شايف الاتباع دُول شويه سُذّج،
ولا الانتحار الثوري دا حاجة من غير سياق،,ولا الانتحار الثوري دا حاجه من غير سياق،
الناس دي كانت مصدّقة فعلًا هي بتعمل إيه،,الناس دي كانت مصدّقه فعلًا هي بتعمل ايه،
"""جونز"" قالّهم: ""لو مش قادرين نعيش في سلام،","""جونز"" قالّهم: ""لو مش قادرين نعيش في سلام،"
"يبقى خلّينا نموت بسلام.""","يبقي خلّينا نموت بسلام."""
اللحظة اللي الكل كان خايف منها جت،,اللحظه اللي الكل كان خايف منها جت،
"ودي مش بروفة، يا عزيزي، دي الليلة البيضاء الأخيرة في ""جونزتاون""،","ودي مش بروفه، يا عزيزي، دي الليله البيضاء الاخيره في ""جونزتاون""،"
"المساعدين بتوع ""جونز"" وفي مقدمتهم واحد من دكاترتهم،","المساعدين بتوع ""جونز"" وفي مقدمتهم واحد من دكاترتهم،"
الراجل اللي كان بيحضّر السِم بقاله شهور,الراجل اللي كان بيحضّر السِم بقاله شهور
جابوا بقى براميل معدنية تقيلة مليانة عصير،,جابوا بقي براميل معدنيه تقيله مليانه عصير،
وخلطوها بمادة السيانيد القاتلة،,وخلطوها بماده السيانيد القاتله،
وحطوا على كل دا مهدئات.,وحطوا علي كل دا مهديات.
المشهد اللي حصل بعد كدا كان تجسيد للجحيم على الأرض،,المشهد اللي حصل بعد كدا كان تجسيد للجحيم علي الارض،
الأوامر على قَدْر وضوحها على قَدْر رعبها،,الاوامر علي قَدْر وضوحها علي قَدْر رعبها،
أول حد هيموت هُم الأطفال،,اول حد هيموت هُم الاطفال،
الأمهات اللي اتعملّهم غسيل مخ على مدار سنين،,الامهات اللي اتعملّهم غسيل مخ علي مدار سنين،
بدأوا يقفوا في طوابير ويساعدوا الممرضات,بداوا يقفوا في طوابير ويساعدوا الممرضات
إن هُما يحقنوا السِم في بُق الرُضّع والأطفال الصغيرين،,ان هُما يحقنوا السِم في بُق الرُضّع والاطفال الصغيرين،
"طبعًا، السيانيد ما كانش موت رحيم، زي ما كان ""جونز"" بيوهمهم،","طبعًا، السيانيد ما كانش موت رحيم، زي ما كان ""جونز"" بيوهمهم،"
الأطفال بدأوا يصرّخوا ويجيلهم تشنجات,الاطفال بداوا يصرّخوا ويجيلهم تشنجات
ويطلّعوا رغوة من بُقهم،,ويطلّعوا رغوه من بُقهم،
الأمهات شافوا عيالهم بيموتوا قُدّام عينيهم، بيتعذبوا عشانهم!,الامهات شافوا عيالهم بيموتوا قُدّام عينيهم، بيتعذبوا عشانهم!
ولمّا صراخ الأمهات زاد،,ولمّا صراخ الامهات زاد،
"""جونز"" مسك الميكروفون وقالّهم:","""جونز"" مسك الميكروفون وقالّهم:"
"""بلاش الهيستيريا دي، موتوا بكرامة!""","""بلاش الهيستيريا دي، موتوا بكرامه!"""
كان بيكلمهم ببرود، بأعصاب مستفزة.,كان بيكلمهم ببرود، باعصاب مستفزه.
كتير، يا عزيزي، من الأتباع وقتها اتمردوا،,كتير، يا عزيزي، من الاتباع وقتها اتمردوا،
وحسوا إن هُما بيتضحك عليهم،,وحسوا ان هُما بيتضحك عليهم،
بس كان خلاص، الوقت اتأخر، اتأخر جدًا!,بس كان خلاص، الوقت اتاخر، اتاخر جدًا!
الخبراء اللي فحصوا الجثث بعد كدا،,الخبراء اللي فحصوا الجثث بعد كدا،
لقوا علامات موجودة في ضهر ناس كتير،,لقوا علامات موجوده في ضهر ناس كتير،
ودا معناه إن هُما رفضوا ياخدوا السِم،,ودا معناه ان هُما رفضوا ياخدوا السِم،
فاتكتّفوا، واتفرض عليهم ياخدوا السم غصب عنهم،,فاتكتّفوا، واتفرض عليهم ياخدوا السم غصب عنهم،
الحراس المسلحين كانوا محاوطين المكان،,الحراس المسلحين كانوا محاوطين المكان،
اللي بيفكر يهرب أو يعترض، كان بيلاقي السلاح في وشه،,اللي بيفكر يهرب او يعترض، كان بيلاقي السلاح في وشه،
الاختيار كان بسيط جدًا،,الاختيار كان بسيط جدًا،
يا تموت، يا تموت! يا سِم، يا رصاص!,يا تموت، يا تموت! يا سِم، يا رصاص!
Take your poison!,!
بعد ما صراخ الأطفال سكت وصراخ الكبار سكت،,بعد ما صراخ الاطفال سكت وصراخ الكبار سكت،
ساد صمت رهيب في الغابة،,ساد صمت رهيب في الغابه،
حوالي 913 جثة مفروشين على الأرض في صمت تام،,حوالي 913 جثه مفروشين علي الارض في صمت تام،
عائلات كاملة حاضنة بعضها في اللحظة الأخيرة،,عايلات كامله حاضنه بعضها في اللحظه الاخيره،
تقريبًا 1000 شخص مات.,تقريبًا 10 شخص مات.
"واحد يقولّي: ""يا (أبو حميد)، الله! لو كل دُول ماتوا،","واحد يقولّي: ""يا ابو حميد ، الله! لو كل دُول ماتوا،"
"احنا ازاي عرفنا كل التفاصيل دي؟""","احنا ازاي عرفنا كل التفاصيل دي؟"""
والله، يا عزيزي، دا حصل بفضل 4 أشخاص,والله، يا عزيزي، دا حصل بفضل 4 اشخاص
قدروا إن هُما يهربوا بأعجوبة من هذه المذبحة،,قدروا ان هُما يهربوا باعجوبه من هذه المذبحه،
"دا غير الأعضاء التانيين اللي كانوا برة ""جونزتاون""،","دا غير الاعضاء التانيين اللي كانوا بره ""جونزتاون""،"
والناس اللي اتصابت وهربت،,والناس اللي اتصابت وهربت،
"لمّا حصل الهجوم على القافلة بتاعة عضو الـ""كونجرس""،","لمّا حصل الهجوم علي القافله بتاعه عضو ال""كونجرس""،"
فالإجمالي، يا عزيزي، كان 90 واحد نجيوا.,فالاجمالي، يا عزيزي، كان 90 واحد نجيوا.
المرعب أكتر إن الـ44 دقيقة الأخيرة,المرعب اكتر ان ال44 دقيقه الاخيره
قبل ما يسود صمت الموت بالكامل،,قبل ما يسود صمت الموت بالكامل،
"- كانت، يا عزيزي، كلها متسجلة. - ""إيه؟!""","- كانت، يا عزيزي، كلها متسجله. - ""ايه """
"أيوة، يا عزيزي، صوت ""جيم جونز"" وهو بيبرر موت وألم الأطفال الصغيرين","ايوه، يا عزيزي، صوت ""جيم جونز"" وهو بيبرر موت والم الاطفال الصغيرين"
كل دا، يا عزيزي، موجود ومتسجل في شريط اسمه Death Tape.,كل دا، يا عزيزي، موجود ومتسجل في شريط اسمه .
"طبعًا، انت بتسألني: ""الله! وهو (جيم جونز) يا (أبو حميد)","طبعًا، انت بتسالني: ""الله! وهو جيم جونز يا ابو حميد"
لو هو راجل شرير كدا،,لو هو راجل شرير كدا،
"طب ما كان قتل الناس، وهرب هو.""","طب ما كان قتل الناس، وهرب هو."""
"الحقيقة، يا عزيزي، إن ""جيم جونز"" انتحر زي أتباعه،","الحقيقه، يا عزيزي، ان ""جيم جونز"" انتحر زي اتباعه،"
ولكنه انتحر بطريقة مختلفة عنهم،,ولكنه انتحر بطريقه مختلفه عنهم،
"""جيم"" ما شربش الكاس المقدس، اللي فيه السِم زيهم،","""جيم"" ما شربش الكاس المقدس، اللي فيه السِم زيهم،"
"""جيم جونز"" بعد ما شاف نهاية إمبراطوريته قُدّام عينيه،","""جيم جونز"" بعد ما شاف نهايه امبراطوريته قُدّام عينيه،"
مات برصاصة في راسه.,مات برصاصه في راسه.
وهنا، المصادر اختلفت،,وهنا، المصادر اختلفت،
هل هو اللي انتحر بنفسه؟,هل هو اللي انتحر بنفسه؟
ولّا طلب من حد يعملها؟,ولّا طلب من حد يعملها؟
مش أكيد، ولكن الأكيد والمهم,مش اكيد، ولكن الاكيد والمهم
أنه لم يكُن شجاع كفاية,انه لم يكُن شجاع كفايه
إنه يدوق نفس الألم اللي دوّقه بنفسه لمئات الأطفال!,انه يدوق نفس الالم اللي دوّقه بنفسه لميات الاطفال!
الـcults، يا عزيزي، اللي كلمتك عنها،,ال ، يا عزيزي، اللي كلمتك عنها،
"""جونزتاون"" كانت بتعبير واحدة من الناجيات","""جونزتاون"" كانت بتعبير واحده من الناجيات"
"""فسيفساء من البشر، جمعهم لفترة قصيرة حِلم بعالَم أفضل.""","""فسيفساء من البشر، جمعهم لفتره قصيره حِلم بعالَم افضل."""
مجموعة من الناس هربوا من الفقر والوحدة والعنصرية،,مجموعه من الناس هربوا من الفقر والوحده والعنصريه،
بيدوّروا على العيلة، بيدوّروا على مكان يتجمّعوا فيه مع بعض،,بيدوّروا علي العيله، بيدوّروا علي مكان يتجمّعوا فيه مع بعض،
مكان يحسوا فيه بالأمان.,مكان يحسوا فيه بالامان.
"""جونز"" باعلهم الحلم، وفي المقابل، سرق عقولهم،","""جونز"" باعلهم الحلم، وفي المقابل، سرق عقولهم،"
في النهاية، يا عزيزي، زي ما انت شُفت، سرق أرواحهم.,في النهايه، يا عزيزي، زي ما انت شُفت، سرق ارواحهم.
"لحد هنا، وقصة ""جونز"" انتهت،","لحد هنا، وقصه ""جونز"" انتهت،"
ولكن السؤال هنا، هل قصة الـcults والطوائف انتهت هنا برضه؟,ولكن السوال هنا، هل قصه ال والطوايف انتهت هنا برضه؟
الـcults، يا عزيزي، من أصعب الحقول اللي الباحثين بيقدروا يخشوا فيها،,ال ، يا عزيزي، من اصعب الحقول اللي الباحثين بيقدروا يخشوا فيها،
لأن، بطبيعة الحال، تجميع data حقيقية مهمة,لان، بطبيعه الحال، تجميع حقيقيه مهمه
مستحيلة في ظل العزلة والرقابة، اللي حكيتلك عنهم دُول،,مستحيله في ظل العزله والرقابه، اللي حكيتلك عنهم دُول،
اللي هُما شرط أساسي في تكوين أي طايفة أو cult.,اللي هُما شرط اساسي في تكوين اي طايفه او .
ولكن ربما أهم سبب,ولكن ربما اهم سبب
إن الضحايا نفسهم بيقعدوا وقت طويل وفترة كبيرة جدًا,ان الضحايا نفسهم بيقعدوا وقت طويل وفتره كبيره جدًا
على بال ما يصدّقوا إن هُما دخلوا cult.,علي بال ما يصدّقوا ان هُما دخلوا .
"عندك مثلًا، واحدة اسمها ""سارة إدموندسون""،","عندك مثلًا، واحده اسمها ""ساره ادموندسون""،"
دي قضّت 12 سنة في cult مرعبة،,دي قضّت 12 سنه في مرعبه،
طائفة اتأسست في أواخر التسعينات اسمها NXIVM،,طايفه اتاسست في اواخر التسعينات اسمها ،
"طايفة بيقودها واحد اسمه ""كيث رانيير""،","طايفه بيقودها واحد اسمه ""كيث رانيير""،"
اللي اتضح بعد كدا إن هو نصّاب سايكوباتي بيتاجر في البشر.,اللي اتضح بعد كدا ان هو نصّاب سايكوباتي بيتاجر في البشر.
تخيل بقى كان إيه المدخل المرعب لهذا العالم؟,تخيل بقي كان ايه المدخل المرعب لهذا العالم؟
إيه اللي وصّلها بشخص مريض كدا؟,ايه اللي وصّلها بشخص مريض كدا؟
"كل دا، لأنها افتكرت إنها رايحة تاخد ""كورس""","كل دا، لانها افتكرت انها رايحه تاخد ""كورس"""
"في الـ""بيزنس"" والتنمية البشرية.","في ال""بيزنس"" والتنميه البشريه."
بتبدأ إن انت بتسمع نصايح من شخص بتثق فيه،,بتبدا ان انت بتسمع نصايح من شخص بتثق فيه،
بعدها، يعيد معاك نفس السلسلة،,بعدها، يعيد معاك نفس السلسله،
الـB.I.T.E، BITE.,ال . . . ، .
"قصة ""جونز""، يا عزيزي، في النهاية، قصة صعب إن انت تسمعها، من غير ما تتأثر بيها،","قصه ""جونز""، يا عزيزي، في النهايه، قصه صعب ان انت تسمعها، من غير ما تتاثر بيها،"
بس برضه، هي قصة صعب تسمعها،,بس برضه، هي قصه صعب تسمعها،
وتقتنع إن المسافة بينك وبين ضحايا هذه القصة,وتقتنع ان المسافه بينك وبين ضحايا هذه القصه
مش كبيرة زي ما انت متخيل.,مش كبيره زي ما انت متخيل.
"معظم الناجين من طايفة ""جونز"" هيكرووا نفس التحذير،","معظم الناجين من طايفه ""جونز"" هيكرووا نفس التحذير،"
أي حد ممكن يقع في فخ الـcult،,اي حد ممكن يقع في فخ ال ،
ولو فاكر إن انت عندك مناعة أبدية،,ولو فاكر ان انت عندك مناعه ابديه،
فأنت أكتر واحد مُعرّض للخطر.,فانت اكتر واحد مُعرّض للخطر.
والحاجة الوحيدة اللي تقدر تحمي الإنسان من هذا الخطر،,والحاجه الوحيده اللي تقدر تحمي الانسان من هذا الخطر،
هي عملية بسيطة، يا عزيزي، البرنامج دا المفروض إن هو بيحثك عليها،,هي عمليه بسيطه، يا عزيزي، البرنامج دا المفروض ان هو بيحثك عليها،
وهي التفكير،,وهي التفكير،
عدّي الكلام على عقلك،,عدّي الكلام علي عقلك،
ودايمًا توقّع، دايمًا توقّع،,ودايمًا توقّع، دايمًا توقّع،
إن انت ممكن تبقى غلط.,ان انت ممكن تبقي غلط.
مهما كان الكلام مريح،,مهما كان الكلام مريح،
ومهما كان وضعك النفسي بيخلّي الكلام دا يريّحك،,ومهما كان وضعك النفسي بيخلّي الكلام دا يريّحك،
انت بمعتقداتك بأفكارك ممكن تبقى غلط،,انت بمعتقداتك بافكارك ممكن تبقي غلط،
الشخص اللي انت واثق فيه دا,الشخص اللي انت واثق فيه دا
ممكن ما يبقاش يستحق الثقة، اللي انت واثقها فيه.,ممكن ما يبقاش يستحق الثقه، اللي انت واثقها فيه.
بس كدا. أخيرًا، وليس آخرًا،,بس كدا. اخيرًا، وليس اخرًا،
ما تنساش تشوف الحلقات اللي فاتت، تشوف الحلقات الجاية،,ما تنساش تشوف الحلقات اللي فاتت، تشوف الحلقات الجايه،
"تنزل تبص على المصادر، ولو احنا على الـ""يوتيوب""، نشترك على القناة.","تنزل تبص علي المصادر، ولو احنا علي ال""يوتيوب""، نشترك علي القناه."
بقوّلك، يا عزيزي، انت معاك 50 ألف جنيه؟,بقوّلك، يا عزيزي، انت معاك 50 الف جنيه؟
لا، ما فيش حاجة، بس بفكر أبدأ... جماعة يعني،,لا، ما فيش حاجه، بس بفكر ابدا جماعه يعني،
ومحتاج 50 ألف جنيه،,ومحتاج 50 الف جنيه،
وسلوكك وأفكارك ومعلوماتك ومشاعرك،,وسلوكك وافكارك ومعلوماتك ومشاعرك،
لغرض خيري،,لغرض خيري،
هنعمل خير، وندّيهولي.,هنعمل خير، وندّيهولي.
ثانية واحدة! ثانية واحدة بقى، قبل ما تمشي،,ثانيه واحده! ثانيه واحده بقي، قبل ما تمشي،
انت مش عملت follow؟ تبقى تابع، خلاص لبست!,انت مش عملت ؟ تبقي تابع، خلاص لبست!
هات 50 ألف جنيه! هات 50 ألف جنيه!,هات 50 الف جنيه! هات 50 الف جنيه!
"""(أبو حميد)، أني بدّعي إن أنا أحمق!",""" ابو حميد ، اني بدّعي ان انا احمق!"
بس والله العظيم تلاتة لو ما فيش طوائف في الكون كله غيرك انت،,بس والله العظيم تلاته لو ما فيش طوايف في الكون كله غيرك انت،
فأنا لا يُمكن أتّبع واحد بيكلم نفسه،,فانا لا يُمكن اتّبع واحد بيكلم نفسه،
واحد محتال زيك!,واحد محتال زيك!
لأن أنا عارف إن انت محتال!,لان انا عارف ان انت محتال!
ومش محتال بس، انت مختل!,ومش محتال بس، انت مختل!
بدليل إن أنا مش موجود.,بدليل ان انا مش موجود.
انت (كالتك) الوحيد انت،,انت كالتك الوحيد انت،
أتباعك جوا دماغك، ما خرجوش، يا مهووس!,اتباعك جوا دماغك، ما خرجوش، يا مهووس!
"امشي! انهي الحلقة دي، خلاص، تعبت!""","امشي! انهي الحلقه دي، خلاص، تعبت!"""
"ها يا ""هر (سيد)""، أخبار ترميم لوحة ""نابليون"" إيه؟","ها يا ""هر سيد ""، اخبار ترميم لوحه ""نابليون"" ايه؟"
خلّصت، يا باشا، من بدري.,خلّصت، يا باشا، من بدري.
طب ورّيني كدا.,طب ورّيني كدا.
لازم يعني؟!,لازم يعني
يعني، لو مش هيضايقك، ممكن أشوفها؟,يعني، لو مش هيضايقك، ممكن اشوفها؟
حاضر، حاضر.,حاضر، حاضر.
إيه دا؟! إيه دا؟! إيه دا؟! رِجل بطة؟,ايه دا ايه دا ايه دا رِجل بطه؟
"دا مش ""نابليون بونابرت""،","دا مش ""نابليون بونابرت""،"
"دا ""نابلوين بونابطة""!","دا ""نابلوين بونابطه""!"
إيه يا باشا؟! وحِش اللون الأصفر؟,ايه يا باشا وحِش اللون الاصفر؟
"وحش كله يا ""سيد""! انت أحمق يا ابني؟!","وحش كله يا ""سيد""! انت احمق يا ابني"
لا يا باشا، الحمد لله يعني.,لا يا باشا، الحمد لله يعني.
يا حبيبي،,يا حبيبي،
"ليه ""نابليون"" القائد الفرنسي العظيم يبقى نُص جسمه بطة؟","ليه ""نابليون"" القايد الفرنسي العظيم يبقي نُص جسمه بطه؟"
"فيه أسئلة كدا في الكون، ما لهاش إجابة يا حضرة الـ""هير (هانز)"".","فيه اسيله كدا في الكون، ما لهاش اجابه يا حضره ال""هير هانز ""."
أسئلة إيه يا أخويا اللي ما لهاش إجابة؟!,اسيله ايه يا اخويا اللي ما لهاش اجابه
يعني مثلًا، ليه الشمس بتشرق من الشرق؟,يعني مثلًا، ليه الشمس بتشرق من الشرق؟
وليه بتغرب من الغرب؟,وليه بتغرب من الغرب؟
ليه ما تشرقش من الغرب، وتغرب من الشرق؟,ليه ما تشرقش من الغرب، وتغرب من الشرق؟
ليه الإنسان مكتوب عليه الشقا طول عمره؟,ليه الانسان مكتوب عليه الشقا طول عمره؟
"ليه تمثال ""نفرتيتي"" موجود في ""ألمانيا""،","ليه تمثال ""نفرتيتي"" موجود في ""المانيا""،"
مع إنه مصري جنسيًا؟,مع انه مصري جنسيًا؟
لا، لا، لا،,لا، لا، لا،
"حلوة، على فكرة، الرسمة اللي انت عاملها بتاعة البطة على ""نابليون بونابرت""،","حلوه، علي فكره، الرسمه اللي انت عاملها بتاعه البطه علي ""نابليون بونابرت""،"
- فيه Rebranding حلو. - أيوة...,- فيه حلو. - ايوه
اظبط الدنيا كدا.,اظبط الدنيا كدا.
"يا ريت بس، يا أستاذ ""سيد""، أستأذنك في حاجة،","يا ريت بس، يا استاذ ""سيد""، استاذنك في حاجه،"
ما تبقاش تمشي بدري،,ما تبقاش تمشي بدري،
انت كل يوم تمشي بدري من الشغل، يعني، مش لطيف.,انت كل يوم تمشي بدري من الشغل، يعني، مش لطيف.
"""نفرتيتي"".","""نفرتيتي""."
لا، خلاص، امشي براحتك!,لا، خلاص، امشي براحتك!
ماشي يا حرامي.,ماشي يا حرامي.
- إيه؟! - إيه؟ حرامي.,- ايه - ايه؟ حرامي.
دا أنا بأفخّمك، ما تقلقش.,دا انا بافخّمك، ما تقلقش.
"حبيبي يا ""سيد""! حبيبي!","حبيبي يا ""سيد""! حبيبي!"
أعزائي المشاهدين، السلام عليكم ورحمة الله وبركاته،,اعزايي المشاهدين، السلام عليكم ورحمه الله وبركاته،
"أهلًا بكم في حلقة جديدة، من برنامج ""الدحّيح""!","اهلًا بكم في حلقه جديده، من برنامج ""الدحّيح""!"
عزيزي المُشاهد الجميل، خلّيني آخدك من إيدك ونطلع على 1813،,عزيزي المُشاهد الجميل، خلّيني اخدك من ايدك ونطلع علي 1813،
"هننزل تحت كدا في ""مصر""، لحد ما نوصل لـ""أسوان""،","هننزل تحت كدا في ""مصر""، لحد ما نوصل ل""اسوان""،"
"هنلاقي هناك، يا عزيزي، مستكشف سويسري اسمه ""يوهان بوركهارت""،","هنلاقي هناك، يا عزيزي، مستكشف سويسري اسمه ""يوهان بوركهارت""،"
الراجل دا، يا عزيزي، بيعمل إيه؟,الراجل دا، يا عزيزي، بيعمل ايه؟
"كان شغال في مواقع أثرية في ""أسوان""،","كان شغال في مواقع اثريه في ""اسوان""،"
فجأة، بيلمح أجزاء من تماثيل عملاقة طالعة من وسط الرملة.,فجاه، بيلمح اجزاء من تماثيل عملاقه طالعه من وسط الرمله.
"""بوركهارت""، يا عزيزي، ما قدرش إن هو يدخل بسبب الرمل،","""بوركهارت""، يا عزيزي، ما قدرش ان هو يدخل بسبب الرمل،"
ما كانش معاه الأدوات ولا التمويل اللي يسمحوله إنه يحفر في المكان دا،,ما كانش معاه الادوات ولا التمويل اللي يسمحوله انه يحفر في المكان دا،
ولكنه كتب في مذكراته ملاحظاته الدقيقة على اللي شافه.,ولكنه كتب في مذكراته ملاحظاته الدقيقه علي اللي شافه.
نتحرك في الزمن 4 سنين قُدّام،,نتحرك في الزمن 4 سنين قُدّام،
"سنة 1817، نقابل ""جيوفاني بيلزوني""،","سنه 1817، نقابل ""جيوفاني بيلزوني""،"
دا، يا عزيزي، واحد من أهم مستكشفي القرن الـ19.,دا، يا عزيزي، واحد من اهم مستكشفي القرن ال19.
القرن الـ19، يا عزيزي، خلّيني أعرّفك بيه،,القرن ال19، يا عزيزي، خلّيني اعرّفك بيه،
"هو عصر النهب الأوروبي لآثار ""مصر""،","هو عصر النهب الاوروبي لاثار ""مصر""،"
"أي حد معدّي على ""مصر""، أو ما عدّاش، ضرب على حتتين آثار،","اي حد معدّي علي ""مصر""، او ما عدّاش، ضرب علي حتتين اثار،"
"كانت هناك حركة لجمع الآثار لمتاحف ""أوروبا""،","كانت هناك حركه لجمع الاثار لمتاحف ""اوروبا""،"
"وخصوصًا، ""المتحف البريطاني""، واخدين، يا عزيزي، تُمن ""طيبة"".","وخصوصًا، ""المتحف البريطاني""، واخدين، يا عزيزي، تُمن ""طيبه""."
"""جيوفاني""، يا عزيزي، وصل لـ""أبو سمبل""، وصرف فلوس كتير جدًا على عمليات الحفر،","""جيوفاني""، يا عزيزي، وصل ل""ابو سمبل""، وصرف فلوس كتير جدًا علي عمليات الحفر،"
طبعًا بمساعدة عُمّال مصريين،,طبعًا بمساعده عُمّال مصريين،
فضلوا يحفروا لحد ما كشف المدخل،,فضلوا يحفروا لحد ما كشف المدخل،
ولكنه، يا عزيزي، أول ما دخل، ما لقاش كنوز ولا دهب.,ولكنه، يا عزيزي، اول ما دخل، ما لقاش كنوز ولا دهب.
"""الحاج، يا (أبو حميد)، (جلال أبو الفضل) كشّطهم ولّا إيه؟!""","""الحاج، يا ابو حميد ، جلال ابو الفضل كشّطهم ولّا ايه """
الراجل، يا عزيزي، لقى نفسه واقف قُدّام تماثيل ضخمة،,الراجل، يا عزيزي، لقي نفسه واقف قُدّام تماثيل ضخمه،
وطبعًا، يا عزيزي، كأي حرامي، حس بخيبة أمل،,وطبعًا، يا عزيزي، كاي حرامي، حس بخيبه امل،
فين ما خف وزنه وثقل سعره؟!,فين ما خف وزنه وثقل سعره
"""معبد عظيم هيتم اكتشافه ويُنسب هذا الفضل ليا،","""معبد عظيم هيتم اكتشافه ويُنسب هذا الفضل ليا،"
إيه دا؟! أي كلام!,ايه دا اي كلام!
أنا عايز حتة كدا، أروح آخدها أبيعها لـ(المتحف الإنجليزي),انا عايز حته كدا، اروح اخدها ابيعها ل المتحف الانجليزي
أو أبيعها لثري أوروبي!,او ابيعها لثري اوروبي!
مع احترامي للتاريخ الإنساني، بس أنا عايز أسلّكلي مسخوطين!,مع احترامي للتاريخ الانساني، بس انا عايز اسلّكلي مسخوطين!
"من أي أسرة، مش مهم!""","من اي اسره، مش مهم!"""
الراجل، يا عزيزي، زي ما انت متوقع، قعد ياخد كل اللي يقدر عليه،,الراجل، يا عزيزي، زي ما انت متوقع، قعد ياخد كل اللي يقدر عليه،
ينتّش في تماثيل صغيرة،,ينتّش في تماثيل صغيره،
دا غير الألواح الحجرية، اللي كانت موجودة في المعبد أو غيره.,دا غير الالواح الحجريه، اللي كانت موجوده في المعبد او غيره.
"وبرغم إن ""جيوفاني"" ما كانش بيعرف يقرا هيروغليفي أصلًا،","وبرغم ان ""جيوفاني"" ما كانش بيعرف يقرا هيروغليفي اصلًا،"
ولا كان فيه حد بيعرف يقرا هيروغليفي،,ولا كان فيه حد بيعرف يقرا هيروغليفي،
"إلا إن ""جيوفاني"" حس إن المعبد نفسه هو الكنز،","الا ان ""جيوفاني"" حس ان المعبد نفسه هو الكنز،"
وإن اكتشافه دا، زي ما تقول كدا، ممكن يخلّد اسمه،,وان اكتشافه دا، زي ما تقول كدا، ممكن يخلّد اسمه،
"فراح ""جيوفاني"" ناقش اسمه على جدران المعبد،","فراح ""جيوفاني"" ناقش اسمه علي جدران المعبد،"
عشان يثبت إن اللي هو اكتشفه،,عشان يثبت ان اللي هو اكتشفه،
"""(جيوفاني) مر من هنا!""",""" جيوفاني مر من هنا!"""
"سنة 1819، بتنجح بعثة ""ويليام جون بانكس""","سنه 1819، بتنجح بعثه ""ويليام جون بانكس"""
في إنها تزيل الرمال بشكل جزئي عن المعبد،,في انها تزيل الرمال بشكل جزيي عن المعبد،
وقدروا يدخلوا المعبد الكبير ويوثّقوا نقوشه،,وقدروا يدخلوا المعبد الكبير ويوثّقوا نقوشه،
"وبعتوا هذه الرسومات للعالم ""فرانسوا شامبليون""،","وبعتوا هذه الرسومات للعالم ""فرانسوا شامبليون""،"
اللي قعد، يا عزيزي، مع هذه الكتابات والرموز لمدة 3 سنين،,اللي قعد، يا عزيزي، مع هذه الكتابات والرموز لمده 3 سنين،
ممقق عينيه في الكتابة المصرية القديمة،,ممقق عينيه في الكتابه المصريه القديمه،
"لحد ما هيفك رموز حَجَر ""رشيد""، ويقدّمها للعالم.","لحد ما هيفك رموز حَجَر ""رشيد""، ويقدّمها للعالم."
"وقتها، يا عزيزي، ""شامبليون""، العالِم وليس الشارع، عشان فيه ناس بتتلخبط،","وقتها، يا عزيزي، ""شامبليون""، العالِم وليس الشارع، عشان فيه ناس بتتلخبط،"
"دا، يا جماعة، بيفك رموز، دا فيه 4 أدوار ""أبو طارق""!","دا، يا جماعه، بيفك رموز، دا فيه 4 ادوار ""ابو طارق""!"
"وقتها، يا عزيزي، ""شامبليون"" شاف إن فك رموز المعبد طفرة، اكتشاف عظيم،","وقتها، يا عزيزي، ""شامبليون"" شاف ان فك رموز المعبد طفره، اكتشاف عظيم،"
"لأنه لمّا قدِر يحدد اسم ""رمسيس""، اللي مكتوب على جدران ""أبو سمبل""،","لانه لمّا قدِر يحدد اسم ""رمسيس""، اللي مكتوب علي جدران ""ابو سمبل""،"
دا اللي أكدله صحة طريقته في فك الشفرة،,دا اللي اكدله صحه طريقته في فك الشفره،
"""أنا صح! أنا صح!""","""انا صح! انا صح!"""
وبعد كدا، في 1828،,وبعد كدا، في 1828،
"""شامبليون"" هيزور المعبد، عشان يأكد نظريته،","""شامبليون"" هيزور المعبد، عشان ياكد نظريته،"
وبرضه، هيواجه صعوبة في دخوله،,وبرضه، هيواجه صعوبه في دخوله،
ليه؟ لأن الرملة سدّت المدخل.,ليه؟ لان الرمله سدّت المدخل.
وفي أواخر القرن الـ19، الحكومة المصرية بتواجه معضلة،,وفي اواخر القرن ال19، الحكومه المصريه بتواجه معضله،
فيه صخور ضخمة وغير مستقرة موجودة فوق واجهة المعبد.,فيه صخور ضخمه وغير مستقره موجوده فوق واجهه المعبد.
الحكومة كلّفت فريق من المهندسين المَلَكيين البريطانيين,الحكومه كلّفت فريق من المهندسين المَلَكيين البريطانيين
يشيلوا هذه الصخور، ويعملوا جدران تبطّأ من زحف الرمال.,يشيلوا هذه الصخور، ويعملوا جدران تبطّا من زحف الرمال.
عشان، يا عزيزي، بوصولنا لسنة 1909،,عشان، يا عزيزي، بوصولنا لسنه 1909،
يتحول هذا المجهود إلى مشروع ضخم بتقوده وزارة الآثار،,يتحول هذا المجهود الي مشروع ضخم بتقوده وزاره الاثار،
وبالفعل، تشيل آلاف الأطنان من الرمال،,وبالفعل، تشيل الاف الاطنان من الرمال،
لحد، يا عزيزي، ما يظهرلنا المعبد لأول مرة من آلاف السنين،,لحد، يا عزيزي، ما يظهرلنا المعبد لاول مره من الاف السنين،
من أيام قدماء المصريين،,من ايام قدماء المصريين،
أول مرة نشوفه بالكامل.,اول مره نشوفه بالكامل.
"وبيلاقوا، يا عزيزي، جوا إن ظنون ""جيوفاني"" كانت صح،","وبيلاقوا، يا عزيزي، جوا ان ظنون ""جيوفاني"" كانت صح،"
دا، يا عزيزي، بالفعل ما كانش معبد عادي،,دا، يا عزيزي، بالفعل ما كانش معبد عادي،
"معبد ""أبو سمبل"" كان جبل منحوت لتخليد مَلِك عظيم اسمه ""رمسيس التاني"".","معبد ""ابو سمبل"" كان جبل منحوت لتخليد مَلِك عظيم اسمه ""رمسيس التاني""."
"""رمسيس التاني""، يا عزيزي، من أعظم ملوك ""مصر"" القديمة،","""رمسيس التاني""، يا عزيزي، من اعظم ملوك ""مصر"" القديمه،"
وحَكَم أكتر من 60 سنة،,وحَكَم اكتر من 60 سنه،
واحدة من أطول فترات الحُكم في التاريخ كله،,واحده من اطول فترات الحُكم في التاريخ كله،
"""رمسيس"" حُكمه كان مليان بالحروب والانتصارات،","""رمسيس"" حُكمه كان مليان بالحروب والانتصارات،"
"أشهرها، معركة ""قادش""، اللي قادها ضد الحيثيين،","اشهرها، معركه ""قادش""، اللي قادها ضد الحيثيين،"
ودي، يا عزيزي، معركة انتهت بأول معاهدة سلام مكتوبة في التاريخ.,ودي، يا عزيزي، معركه انتهت باول معاهده سلام مكتوبه في التاريخ.
وبرغم إن المعركة كانت نهايتها شِبه متعادلة،,وبرغم ان المعركه كانت نهايتها شِبه متعادله،
"""رمسيس"" بيرجع ""مصر""،","""رمسيس"" بيرجع ""مصر""،"
وبيحكي إن المعركة كانت ملحمة بطولية،,وبيحكي ان المعركه كانت ملحمه بطوليه،
وراح ناقش أحداثها على جدران المعابد،,وراح ناقش احداثها علي جدران المعابد،
كأنه Superhero بيهزم جيوش كاملة بإيده.,كانه بيهزم جيوش كامله بايده.
"عبقرية ""رمسيس""، يا عزيزي، زي ما انت واخد بالك كدا،","عبقريه ""رمسيس""، يا عزيزي، زي ما انت واخد بالك كدا،"
لم تكن في الحروب بس،,لم تكن في الحروب بس،
عبقريته كمان كانت في الـMedia، ترامبي الطبع،,عبقريته كمان كانت في ال ، ترامبي الطبع،
كان ذكي في فهم القوة الرمزية، الصورة،,كان ذكي في فهم القوه الرمزيه، الصوره،
استخدم المعمار والفن كأداة سياسية،,استخدم المعمار والفن كاداه سياسيه،
عرف ازاي يخلّي كل تمثال وكل نقش,عرف ازاي يخلّي كل تمثال وكل نقش
يوصّل ويقول نفس الرسالة،,يوصّل ويقول نفس الرساله،
"""أنا (رمسيس)، مش مجرد مَلِك قوي،","""انا رمسيس ، مش مجرد مَلِك قوي،"
"أنا ابن (رع)، الابن اللي الأرض والشمس بيخضعوله.""","انا ابن رع ، الابن اللي الارض والشمس بيخضعوله."""
"عشان كدا، يا عزيزي، ""رمسيس"" لمّا بيقرر إن هو يبني ""أبو سمبل""","عشان كدا، يا عزيزي، ""رمسيس"" لمّا بيقرر ان هو يبني ""ابو سمبل"""
"على حدود ""مصر"" الجنوبية،","علي حدود ""مصر"" الجنوبيه،"
ما كانش بيبني معبد عادي، لأ،,ما كانش بيبني معبد عادي، لا،
دا، يا عزيزي، كان بيستعرض بيان للقوة،,دا، يا عزيزي، كان بيستعرض بيان للقوه،
كان بيستعرض عضلاته،,كان بيستعرض عضلاته،
بينحت معبد في قلب الجبل،,بينحت معبد في قلب الجبل،
"بيقول تحذير لأي حد يفكر يقرب من حدود ""مصر""،","بيقول تحذير لاي حد يفكر يقرب من حدود ""مصر""،"
"""أنا هنا، والآلهة معي.""","""انا هنا، والالهه معي."""
"""(أبو حميد)، ثانية واحدة، عندك!",""" ابو حميد ، ثانيه واحده، عندك!"
"أنا اتحمست أوي لدخول معهد (أبو سمبل)!"" - إيه؟!","انا اتحمست اوي لدخول معهد ابو سمبل !"" - ايه"
"""معهد (أبو سمبل)، يا (أبو حميد)، اللي انت عمّال تتكلم عنه دا.""","""معهد ابو سمبل ، يا ابو حميد ، اللي انت عمّال تتكلم عنه دا."""
"معهد؟! والله انت اللي ""أبو سمبل""!","معهد والله انت اللي ""ابو سمبل""!"
"مبدئيًا، يا عزيزي، لمّا بنتكلم عن ""أبو سمبل""، بنقصد معبدين،","مبدييًا، يا عزيزي، لمّا بنتكلم عن ""ابو سمبل""، بنقصد معبدين،"
"ما تعملش زي الناس اللي فاكرة ""الأقصر"" و""أسوان"" حتة واحدة!","ما تعملش زي الناس اللي فاكره ""الاقصر"" و""اسوان"" حته واحده!"
"فيه 2 معبد ""أبو سمبل""،","فيه 2 معبد ""ابو سمبل""،"
"نبدأ، يا عزيزي، بالمعبد الأكبر، المعبد بتاع ""رمسيس التاني""،","نبدا، يا عزيزي، بالمعبد الاكبر، المعبد بتاع ""رمسيس التاني""،"
وامشي معايا على مهلك، لأن كل تفصيلة لها دلالتها.,وامشي معايا علي مهلك، لان كل تفصيله لها دلالتها.
الواجهة، يا عزيزي، ارتفاعها 30 متر،,الواجهه، يا عزيزي، ارتفاعها 30 متر،
عرضها 35 متر تقريبًا،,عرضها 35 متر تقريبًا،
بنشوف، يا عزيزي، في الجزء الأعلى منها,بنشوف، يا عزيزي، في الجزء الاعلي منها
كورنيش من 22 بابون،,كورنيش من 22 بابون،
"وتحت الكورنيش، بنشوف مكتوب ألقاب ""رمسيس التاني"".","وتحت الكورنيش، بنشوف مكتوب القاب ""رمسيس التاني""."
"""(أبو حميد)، معلش يا (أبو حميد)، ممكن أسأل سؤال؟",""" ابو حميد ، معلش يا ابو حميد ، ممكن اسال سوال؟"
"اشمعنى قرود البابون؟!""","اشمعني قرود البابون """
والله، يا عزيزي، بيُقال إن المصري القديم,والله، يا عزيزي، بيُقال ان المصري القديم
لاحظ إنها بتصدر أصوات مع أول ضوء للشمس،,لاحظ انها بتصدر اصوات مع اول ضوء للشمس،
زي ما تكون كدا بتهلل للشروق،,زي ما تكون كدا بتهلل للشروق،
"فكان هناك تخيل إن يمكن تكون هي اللي بتستقبل الإله ""رع"" كل يوم.","فكان هناك تخيل ان يمكن تكون هي اللي بتستقبل الاله ""رع"" كل يوم."
"نكمّل مع بعض، نلاقي 4 تماثيل عملاقة لـ""رمسيس""،","نكمّل مع بعض، نلاقي 4 تماثيل عملاقه ل""رمسيس""،"
"منهم تجويف، فيه تمثال للإلهة ""رع حور آختي""،","منهم تجويف، فيه تمثال للالهه ""رع حور اختي""،"
دا، يا عزيزي، الإله اللي بيجسد الشمس.,دا، يا عزيزي، الاله اللي بيجسد الشمس.
الواجهة الفريدة، اللي بأحكيلك عنها دي، يا عزيي،,الواجهه الفريده، اللي باحكيلك عنها دي، يا عزيي،
هي اللي موجودة على الجنيه،,هي اللي موجوده علي الجنيه،
كل تمثال، يا عزيزي، ارتفاعه حوالي 20 متر،,كل تمثال، يا عزيزي، ارتفاعه حوالي 20 متر،
"وهي، يا عزيزي، من الأضخم في ""مصر""،","وهي، يا عزيزي، من الاضخم في ""مصر""،"
منهم تمثال واحد، يا عزيزي، لقوه مكسور،,منهم تمثال واحد، يا عزيزي، لقوه مكسور،
"ويُعتقد إن هو اتحطم بسبب زلزال حصل في عصر ""رمسيس التاني"".","ويُعتقد ان هو اتحطم بسبب زلزال حصل في عصر ""رمسيس التاني""."
ولأن الواجهة بترمُز لمَلِك بيستقبل أعداءه،,ولان الواجهه بترمُز لمَلِك بيستقبل اعداءه،
"فالتماثيل هتجسد ""رمسيس"" كأنه ملك قاعد على العرش،","فالتماثيل هتجسد ""رمسيس"" كانه ملك قاعد علي العرش،"
"لابس التاج المزدوج لـ""مصر العليا"" و""السفلى""،","لابس التاج المزدوج ل""مصر العليا"" و""السفلي""،"
"وعند رجليه، هناك تماثيل أصغر لمراته ""نفرتاري"" وأمه وأولاده،","وعند رجليه، هناك تماثيل اصغر لمراته ""نفرتاري"" وامه واولاده،"
حجمهم ما يتعدّاش رُكبته.,حجمهم ما يتعدّاش رُكبته.
قابلنا بقى المَلِك، يا عزيزي،,قابلنا بقي المَلِك، يا عزيزي،
طب ما تيجي نخش بقى نشوف معاركه وانتصاراته،,طب ما تيجي نخش بقي نشوف معاركه وانتصاراته،
"أنا عاملّك النهاردة فقرة ""صوت وضوء""، هأثقفك!","انا عاملّك النهارده فقره ""صوت وضوء""، هاثقفك!"
على جانب المدخل، بنلاقي النقوش،,علي جانب المدخل، بنلاقي النقوش،
"نقوش بتصوّر ""رمسيس"" وهو بيخضع أسرى من بلاد الجنوب،","نقوش بتصوّر ""رمسيس"" وهو بيخضع اسري من بلاد الجنوب،"
ومن ورا المدخل، المعبد بيمتد جوا الجبل لمسافة حوالي 60 متر،,ومن ورا المدخل، المعبد بيمتد جوا الجبل لمسافه حوالي 60 متر،
ولمّا بتدخل، بتمشي في رحلة، مش مجرد معبد،,ولمّا بتدخل، بتمشي في رحله، مش مجرد معبد،
في الأول، بتشوف قاعة الأعمدة الأوزورية،,في الاول، بتشوف قاعه الاعمده الاوزوريه،
قاعة كبيرة فيها 8 تماثيل للمَلِك،,قاعه كبيره فيها 8 تماثيل للمَلِك،
"وهو متجسد في هيئة الإله ""أوزوريس""،","وهو متجسد في هييه الاله ""اوزوريس""،"
"وعلى الجدران، فيه نقوش بتحكي انتصار ""رمسيس"" في معركة ""قادش""،","وعلي الجدران، فيه نقوش بتحكي انتصار ""رمسيس"" في معركه ""قادش""،"
"""رمسيس""، يا عزيزي، ما سابش حيطة في المعبد عنده،","""رمسيس""، يا عزيزي، ما سابش حيطه في المعبد عنده،"
إلا وحط عليها قصته وهو بيهزم الحيثيين،,الا وحط عليها قصته وهو بيهزم الحيثيين،
"كتحذير واضح من مَلِك ""مصر"" لأي حد يفكر يقرب من حدودها،","كتحذير واضح من مَلِك ""مصر"" لاي حد يفكر يقرب من حدودها،"
سواء في الشمال، أو في الجنوب،,سواء في الشمال، او في الجنوب،
القُطرين اتوحدوا، خلاص، مش هنفُكهم!,القُطرين اتوحدوا، خلاص، مش هنفُكهم!
نخش، يا عزيزي، بقى بعد كدا في القاعات الداخلية،,نخش، يا عزيزي، بقي بعد كدا في القاعات الداخليه،
وهي قاعات أصغر ومخصصة للطقوس الدينية،,وهي قاعات اصغر ومخصصه للطقوس الدينيه،
وأخيرًا، بعد كدا بقى، في نهاية المعبد،,واخيرًا، بعد كدا بقي، في نهايه المعبد،
بنلاقي قدس الأقداس،,بنلاقي قدس الاقداس،
المكان اللي المصريين القدماء اعتبروه مسكن الآلهة،,المكان اللي المصريين القدماء اعتبروه مسكن الالهه،
وبيتحط فيه تمثال الإله اللي متخصصله المعبد،,وبيتحط فيه تمثال الاله اللي متخصصله المعبد،
خُد بالك، يا عزيزي، إن دخولك هنا امتياز كبير جدًا،,خُد بالك، يا عزيزي، ان دخولك هنا امتياز كبير جدًا،
في الوقت دا، ما كانش حد يقدر يخش المكان دا،,في الوقت دا، ما كانش حد يقدر يخش المكان دا،
غير كبار الكهنة أو المَلِك نفسه.,غير كبار الكهنه او المَلِك نفسه.
في هذه المساحة، يا عزيزي، فيه اجتماع مهم بيحصل،,في هذه المساحه، يا عزيزي، فيه اجتماع مهم بيحصل،
"تقايل ""مصر"" القديمة، يا عزيزي، قاعدين هنا،","تقايل ""مصر"" القديمه، يا عزيزي، قاعدين هنا،"
"4 تماثيل جنب بعض، أولهم ""آمون رع""، كبير الآلهة،","4 تماثيل جنب بعض، اولهم ""امون رع""، كبير الالهه،"
"والإله ""رع حور آختي""، اللي قُلنا إن هو بيجسد الشمس،","والاله ""رع حور اختي""، اللي قُلنا ان هو بيجسد الشمس،"
"و""بتاح""، أقدم آلهة ""ممفيس""، واللي ارتبط مع المصريين بالعالم السفلي،","و""بتاح""، اقدم الهه ""ممفيس""، واللي ارتبط مع المصريين بالعالم السفلي،"
"وأخيرًا، يا عزيزي، الرابع، ""رمسيس التاني""،","واخيرًا، يا عزيزي، الرابع، ""رمسيس التاني""،"
"كأنه، يا عزيزي، بيقول للعالم: ""أنا واحد من هؤلاء الآلهة،","كانه، يا عزيزي، بيقول للعالم: ""انا واحد من هولاء الالهه،"
أنا لمّا بأنزل أقعد على القهوة، بأقعد مع دُول، هه!,انا لمّا بانزل اقعد علي القهوه، باقعد مع دُول، هه!
ما أنزلش بقى أقعد مع مهندسين،,ما انزلش بقي اقعد مع مهندسين،
(إمحوتب)، (عنخ حاف)،,امحوتب ، عنخ حاف ،
كاتب مصري جالس قرفصاء، فلّاح فصيح،,كاتب مصري جالس قرفصاء، فلّاح فصيح،
أنا ما بأقعدش غير مع الناس الحلوة دي!,انا ما باقعدش غير مع الناس الحلوه دي!
(رمسيس)، (آمون رع)، دايرة بيننا مكالمات، (تكستات)، خروجات،,رمسيس ، امون رع ، دايره بيننا مكالمات، تكستات ، خروجات،
يلّا (طيبة)؟ يلّا، ننزل ندرّج عند عم (زوسر)؟,يلّا طيبه ؟ يلّا، ننزل ندرّج عند عم زوسر ؟
"شغالة وبتجيب رزقها!""","شغاله وبتجيب رزقها!"""
"""(أبو حميد)، أرجوك، كفاية استظراف في المعبد!",""" ابو حميد ، ارجوك، كفايه استظراف في المعبد!"
أنا حاسس يا (أبو حميد) إن انت خلّصت المعبد الكبير،,انا حاسس يا ابو حميد ان انت خلّصت المعبد الكبير،
"أرجوك بقى، دخّلنا المعبد الصغير، واشرحلنا داهو.""","ارجوك بقي، دخّلنا المعبد الصغير، واشرحلنا داهو."""
"""رمسيس""، يا عزيزي، وسط الآلهة والانتصارات،","""رمسيس""، يا عزيزي، وسط الالهه والانتصارات،"
"بنى معبد أصغر، معبد عمله لزوجته المفضلة ""نفرتاري""،","بني معبد اصغر، معبد عمله لزوجته المفضله ""نفرتاري""،"
"ودي، يا عزيزي، حاجة استثنائية جدًا في ""مصر"" القديمة،","ودي، يا عزيزي، حاجه استثناييه جدًا في ""مصر"" القديمه،"
لأن إن مَلِك يبني معبد لتخليد زوجته، دا لم يكن شيء معتاد،,لان ان مَلِك يبني معبد لتخليد زوجته، دا لم يكن شيء معتاد،
المدخل، يا عزيزي، بيوصل لقاعات داخلية مليانة نقوش،,المدخل، يا عزيزي، بيوصل لقاعات داخليه مليانه نقوش،
جدرانه، يا عزيزي، مليانة إيه؟,جدرانه، يا عزيزي، مليانه ايه؟
"""ما تقولش يا (أبو حميد)! حط رسوماته برضه في معركة (قادش).""","""ما تقولش يا ابو حميد ! حط رسوماته برضه في معركه قادش ."""
لأ، مش للدرجادي يعني!,لا، مش للدرجادي يعني!
دي كانت هدية، يا عزيزي، للزوجة،,دي كانت هديه، يا عزيزي، للزوجه،
"الجدران كانت مليانة نقوش بتصور ""نفرتاري""،","الجدران كانت مليانه نقوش بتصور ""نفرتاري""،"
"""نفرتاري""، يا عزيزي، بنشوفها وهي بتقدم القرابين للآلهة،","""نفرتاري""، يا عزيزي، بنشوفها وهي بتقدم القرابين للالهه،"
"وكمان، النقوش بتصورها كتجسيد حي لـ""حتحور"" على الأرض،","وكمان، النقوش بتصورها كتجسيد حي ل""حتحور"" علي الارض،"
"""حتحور"" هي إلهة السماء والأمومة،","""حتحور"" هي الهه السماء والامومه،"
وكأن، يا عزيزي، المعبد هو رسالة حُب حقيقي منحوتة في الحَجَر،,وكان، يا عزيزي، المعبد هو رساله حُب حقيقي منحوته في الحَجَر،
"كاتبلها، يا عزيزي، على المعبد: ""هي التي تشرق لها الشمس""،","كاتبلها، يا عزيزي، علي المعبد: ""هي التي تشرق لها الشمس""،"
"""أوه، (رمسيس)!""","""اوه، رمسيس !"""
"ما تبصليش كدا، يا عزيزي، وإلا هأحكيلك على ""قادش""!","ما تبصليش كدا، يا عزيزي، والا هاحكيلك علي ""قادش""!"
"""أوه، (رمسيس)!""","""اوه، رمسيس !"""
"عزيزتي، لو سمحتي، ما تعاكسيش ""رمسيس"" قُدّام ""نفرتاري""!","عزيزتي، لو سمحتي، ما تعاكسيش ""رمسيس"" قُدّام ""نفرتاري""!"
"لأن ""نفرتاري"" معناها ""الحلوة التي توجد في وسطهم"".","لان ""نفرتاري"" معناها ""الحلوه التي توجد في وسطهم""."
وكمان، يا عزيزي، الواجهة،,وكمان، يا عزيزي، الواجهه،
عليها واحد من أكثر المناظر النادرة في العمارة القديمة،,عليها واحد من اكثر المناظر النادره في العماره القديمه،
"6 تماثيل واقفين، 4 لـ""رمسيس"" و2 لـ""نفرتاري""،","6 تماثيل واقفين، 4 ل""رمسيس"" و2 ل""نفرتاري""،"
المَلِك، يا عزيزي، هنا كان منحوت في نفس حجم مراته،,المَلِك، يا عزيزي، هنا كان منحوت في نفس حجم مراته،
"كأنه بيقول للعالم إن ""دي مش مجرد ملكة، دي نُصي التاني.""","كانه بيقول للعالم ان ""دي مش مجرد ملكه، دي نُصي التاني."""
"للأسف، يا عزيزي، معبدين ""أبو سمبل"" أخدوا في بنائهم 24 سنة،","للاسف، يا عزيزي، معبدين ""ابو سمبل"" اخدوا في بنايهم 24 سنه،"
"فغالبًا، ""نفرتاري"" كانت ماتت، للأسف، قبل ما تشوف المعبد،","فغالبًا، ""نفرتاري"" كانت ماتت، للاسف، قبل ما تشوف المعبد،"
"وقبل ما تشوف رسالة حُب ""رمسيس التاني"" ليها!","وقبل ما تشوف رساله حُب ""رمسيس التاني"" ليها!"
"يمكن، يا عزيزي، أهم ما يميز معبد ""أبو سمبل""","يمكن، يا عزيزي، اهم ما يميز معبد ""ابو سمبل"""
مش بس رمزيته السياسية على الحدود الجنوبية،,مش بس رمزيته السياسيه علي الحدود الجنوبيه،
ولا كل الجمال المعماري والفني، اللي وصفته،,ولا كل الجمال المعماري والفني، اللي وصفته،
"""رمسيس""، يا عزيزي، فوق كل دا، حط معجزة فلكية وهندسية،","""رمسيس""، يا عزيزي، فوق كل دا، حط معجزه فلكيه وهندسيه،"
معجزة هتفضل شاهدة على عظمته لحد النهاردة،,معجزه هتفضل شاهده علي عظمته لحد النهارده،
"والمعجزة هي تعامد أشعة الشمس على وش تمثال ""رمسيس"" مرتين في السنة،","والمعجزه هي تعامد اشعه الشمس علي وش تمثال ""رمسيس"" مرتين في السنه،"
يوم 21 أكتوبر، ويوم 21 فبراير،,يوم 21 اكتوبر، ويوم 21 فبراير،
التاريخين، اللي على حسب المصادر،,التاريخين، اللي علي حسب المصادر،
يُعتقد إن هما يوم تتويجه على العرش، وتاريخ ميلاده.,يُعتقد ان هما يوم تتويجه علي العرش، وتاريخ ميلاده.
بيدخل شعاع الشمس وقت الشروق يخترق الممر كله،,بيدخل شعاع الشمس وقت الشروق يخترق الممر كله،
ويسافر 60 متر في الضلمة، عشان يدخل قدس الأقداس،,ويسافر 60 متر في الضلمه، عشان يدخل قدس الاقداس،
الشعاع بينوّر 3 تماثيل من الـ4 الجالسين،,الشعاع بينوّر 3 تماثيل من ال4 الجالسين،
"""آمون رع"" و""رمسيس"" و""رع حور آختي"".","""امون رع"" و""رمسيس"" و""رع حور اختي""."
"""طب يا (أبو حميد) طمنّي على (بتاح)!""","""طب يا ابو حميد طمنّي علي بتاح !"""
"تمثال ""بتاح""، يا عزيزي، بيفضل في الظلام، ما بيتشافش،","تمثال ""بتاح""، يا عزيزي، بيفضل في الظلام، ما بيتشافش،"
ليه؟ لأنه، يا عزيزي، لو تفتكر، مرتبط بالظلام والعالم السفلي، حفظنا الله!,ليه؟ لانه، يا عزيزي، لو تفتكر، مرتبط بالظلام والعالم السفلي، حفظنا الله!
"""(أبو حميد)، لا مؤاخذة، خلّيني أسألك سؤال،",""" ابو حميد ، لا مواخذه، خلّيني اسالك سوال،"
أنا ملاحظ إن انت قُلت كل الأسامي الفرعونية اللي انت تعرفها،,انا ملاحظ ان انت قُلت كل الاسامي الفرعونيه اللي انت تعرفها،
بس انت لسة ما قُلتليش، معبد (أبو سمبل)، مين الأخ (سمبل)؟!,بس انت لسه ما قُلتليش، معبد ابو سمبل ، مين الاخ سمبل
وهل والده كان بهذه الأهمية في (مصر) القديمة؟!,وهل والده كان بهذه الاهميه في مصر القديمه
"أم أنه كان مجرد (بتاح)؟!""","ام انه كان مجرد بتاح """
واحدة، يا عزيزي، من الحكايات الشعبية بتقول,واحده، يا عزيزي، من الحكايات الشعبيه بتقول
"إن أول مستكشف لهذا المعبد، ""بروكهارت""، اللي قُلتلك عليه،","ان اول مستكشف لهذا المعبد، ""بروكهارت""، اللي قُلتلك عليه،"
اللي دلّه على المكان كان طفل مصري،,اللي دلّه علي المكان كان طفل مصري،
"الطفل دا، يا عزيزي، بيُدعى ""أبو سمبل""،","الطفل دا، يا عزيزي، بيُدعي ""ابو سمبل""،"
"""بروكهارت"" ردّله الجميل وسمّى المكان باسمه في مذكراته،","""بروكهارت"" ردّله الجميل وسمّي المكان باسمه في مذكراته،"
دي، يا عزيزي، قصة الاسم.,دي، يا عزيزي، قصه الاسم.
المهم، يا عزيزي، بعيدًا عن الاسم،,المهم، يا عزيزي، بعيدًا عن الاسم،
المهم إن المعجزة دي اتصممت، عشان تعيش للأبد،,المهم ان المعجزه دي اتصممت، عشان تعيش للابد،
ودا، يا عزيزي، المبهر في الحضارة المصرية،,ودا، يا عزيزي، المبهر في الحضاره المصريه،
"هما بيبنوا، ""عشان احنا عارفين إن احنا هنموت،","هما بيبنوا، ""عشان احنا عارفين ان احنا هنموت،"
"وسوف نُبعث هنا.""","وسوف نُبعث هنا."""
فكرة الـEternity دي عندهم حاضرة بقوة،,فكره ال دي عندهم حاضره بقوه،
"""احنا بنبني حاجات Sustainable، هتفضل موجودة.","""احنا بنبني حاجات ، هتفضل موجوده."
"أي وقت، إما آجي، ألاقي الهرم بتاعي، والعدّة!""","اي وقت، اما اجي، الاقي الهرم بتاعي، والعدّه!"""
"ولكن، يا عزيزي، بعد آلاف السنين من بناء ""أبو سمبل""،","ولكن، يا عزيزي، بعد الاف السنين من بناء ""ابو سمبل""،"
كل الجَمال، اللي بأحكيلك عنه دا، اتحكم عليه بالإعدام،,كل الجَمال، اللي باحكيلك عنه دا، اتحكم عليه بالاعدام،
بالإعدام غرقًا!,بالاعدام غرقًا!
"سنة 1959، ""مصر"" قررت تبني السد العالي،","سنه 1959، ""مصر"" قررت تبني السد العالي،"
مشروع كان حلم قومي للمصريين،,مشروع كان حلم قومي للمصريين،
"المشروع اللي هيتحكم في فيضان ""النيل""، ويكبح الميّه ويوفرها،","المشروع اللي هيتحكم في فيضان ""النيل""، ويكبح الميّه ويوفرها،"
ويوفر معاها كهربا،,ويوفر معاها كهربا،
"""قُلنا هنبني، وأدينا بنينا السد العالي","""قُلنا هنبني، وادينا بنينا السد العالي"
من أموالنا، بإيد عُمّالنا، من أموالنا، بإيد عُمّالنا،,من اموالنا، بايد عُمّالنا، من اموالنا، بايد عُمّالنا،
"وآدي احنا بنينا السد العالي""","وادي احنا بنينا السد العالي"""
"الناس كلها، يا عزيزي، كانت مشغولة مع ""عبد الحليم حافظ""،","الناس كلها، يا عزيزي، كانت مشغوله مع ""عبد الحليم حافظ""،"
"ونسيت إن فيه مشكلة في ""أبو سمبل""،","ونسيت ان فيه مشكله في ""ابو سمبل""،"
السد، يا عزيزي، هيرفع منسوب الميّه عن مستواها القديم حوالي 60 متر،,السد، يا عزيزي، هيرفع منسوب الميّه عن مستواها القديم حوالي 60 متر،
"لمّا ""النيل"" هيرتفع، هيخلق بحيرة صناعية عملاقة،","لمّا ""النيل"" هيرتفع، هيخلق بحيره صناعيه عملاقه،"
"اللي معروفة دلوقتي ببحيرة ""ناصر""،","اللي معروفه دلوقتي ببحيره ""ناصر""،"
ودي، يا عزيزي، هتتسبب في طوفان،,ودي، يا عزيزي، هتتسبب في طوفان،
"طوفان ممكن يغرّق مئات القرى في ""النوبة""،","طوفان ممكن يغرّق ميات القري في ""النوبه""،"
ممكن يجرّف 22 معبد وموقع أثري قديم،,ممكن يجرّف 22 معبد وموقع اثري قديم،
"16 منهم في ""مصر""، والـ6 الباقيين في ""السودان""!","16 منهم في ""مصر""، وال6 الباقيين في ""السودان""!"
"""مصر"" في الأول حاولت إنها تنقذ آثار ""النوبة""","""مصر"" في الاول حاولت انها تنقذ اثار ""النوبه"""
بمواردها الخاصة، بدراعها،,بمواردها الخاصه، بدراعها،
ولمّا لقت إن المهمة أكبر من قدرات أي دولة لوحدها،,ولمّا لقت ان المهمه اكبر من قدرات اي دوله لوحدها،
"فلجأت، يا عزيزي، للـ""يونيسكو"".","فلجات، يا عزيزي، لل""يونيسكو""."
"""مصر"" كانت الضامن المالي للمشروع كله،","""مصر"" كانت الضامن المالي للمشروع كله،"
"""مصر"" تعهدت إنها هتدفع الفرق من كل التبرعات الدولية اللي هتتلم،","""مصر"" تعهدت انها هتدفع الفرق من كل التبرعات الدوليه اللي هتتلم،"
وبين التكلفة الفعلية للمشروع،,وبين التكلفه الفعليه للمشروع،
"يعني، ببساطة قالت للعالم: ""ابدأوا شغل معانا،","يعني، ببساطه قالت للعالم: ""ابداوا شغل معانا،"
"وأي فلوس هتنقص، (مصر) هي اللي هتسدّها.""","واي فلوس هتنقص، مصر هي اللي هتسدّها."""
ومن غير، يا عزيزي، الضمان دا، ما كانش فيه أي حاجة هتبدأ.,ومن غير، يا عزيزي، الضمان دا، ما كانش فيه اي حاجه هتبدا.
"في مارس 1960، أطلقت الـ""يونيسكو"" نداء للعالم كله،","في مارس 1960، اطلقت ال""يونيسكو"" نداء للعالم كله،"
"الحملة الدولية لإنقاذ آثار ""النوبة"" في ""مصر"" و""السودان""،","الحمله الدوليه لانقاذ اثار ""النوبه"" في ""مصر"" و""السودان""،"
دي، يا عزيزي، كانت أول مرة تطلب منظمة دولية تبرعات ومساعدة عالمية،,دي، يا عزيزي، كانت اول مره تطلب منظمه دوليه تبرعات ومساعده عالميه،
والمرادي مش عشان حرب أو مجاعة،,والمرادي مش عشان حرب او مجاعه،
لأ، احنا عايزين ننقذ أثر،,لا، احنا عايزين ننقذ اثر،
ننقذ أثر تاريخي، ننقذ أثر إنساني،,ننقذ اثر تاريخي، ننقذ اثر انساني،
وهنا، يا عزيزي، فيه حوالي 50 دولة استجابت,وهنا، يا عزيزي، فيه حوالي 50 دوله استجابت
واتجمّع خبراء ومهندسين وعلماء آثار من كل حتة،,واتجمّع خبراء ومهندسين وعلماء اثار من كل حته،
العالم كله، يا عزيزي، مستني إجابة لسؤال أصعب،,العالم كله، يا عزيزي، مستني اجابه لسوال اصعب،
ازاي هنقدر ننقل جبل منحوت من مكانه؟,ازاي هنقدر ننقل جبل منحوت من مكانه؟
ما المعبد في الجبل.,ما المعبد في الجبل.
"من أهم عمليات إنقاذ معابد ""النوبة""،","من اهم عمليات انقاذ معابد ""النوبه""،"
"واللي مهّدت الطريق لإنقاذ ""أبو سمبل""،","واللي مهّدت الطريق لانقاذ ""ابو سمبل""،"
"كانت عملية فك ونقل معبد ""كلابشة""،","كانت عمليه فك ونقل معبد ""كلابشه""،"
واللي حصلت من 1961 لـ1963،,واللي حصلت من 1961 ل1963،
دا، يا عزيزي، معبد اتبنى في العصر الروماني سنة 30 قبل الميلاد،,دا، يا عزيزي، معبد اتبني في العصر الروماني سنه 30 قبل الميلاد،
"معبد اتعمل لعبادة إله الشمس النوبي، ""ماندوليس""،","معبد اتعمل لعباده اله الشمس النوبي، ""ماندوليس""،"
بغرض عبادته مع الآلهة المصرية،,بغرض عبادته مع الالهه المصريه،
بجانب آلهة مصرية قديمة،,بجانب الهه مصريه قديمه،
"زي مين؟ زي ""إيزيس"" و""أوزوريس"".","زي مين؟ زي ""ايزيس"" و""اوزوريس""."
"""كلابشة""، يا عزيزي، معبد كبير، بس ما كانش منحوت في الجبل،","""كلابشه""، يا عزيزي، معبد كبير، بس ما كانش منحوت في الجبل،"
كان مبني بالحجارة،,كان مبني بالحجاره،
فكان فرصة مثالية للمهندسين,فكان فرصه مثاليه للمهندسين
إن هما، زي ما تقول كدا، يختبروا تقنيات التفكيك،,ان هما، زي ما تقول كدا، يختبروا تقنيات التفكيك،
"""بروفة"" قبل التحدي الأصعب في ""أبو سمبل""،","""بروفه"" قبل التحدي الاصعب في ""ابو سمبل""،"
وخلّيني، يا عزيزي، أفاجئك وأقولّك أنه لم يكن Simple على الإطلاق!,وخلّيني، يا عزيزي، افاجيك واقولّك انه لم يكن علي الاطلاق!
وبالفعل، بعد اختيار جزيرة جديدة للمعبد،,وبالفعل، بعد اختيار جزيره جديده للمعبد،
المعبد اتفكك لـ1600 كتلة حجرية،,المعبد اتفكك ل1600 كتله حجريه،
بإيد 450 عامل،,بايد 450 عامل،
كانوا بيشتغلوا، يا عزيزي، على فترتين، لمدة 20 ساعة في اليوم،,كانوا بيشتغلوا، يا عزيزي، علي فترتين، لمده 20 ساعه في اليوم،
"عشان يتنقل لمكانه الجديد في ""كلابشة"".","عشان يتنقل لمكانه الجديد في ""كلابشه""."
"""ألمانيا""، يا عزيزي، هي اللي تبنّت هذا المشروع وموّلته،","""المانيا""، يا عزيزي، هي اللي تبنّت هذا المشروع وموّلته،"
عشان كدا، بعد إعادة تركيب المعبد على الجزيرة،,عشان كدا، بعد اعاده تركيب المعبد علي الجزيره،
"""مصر"" أهدت واحدة من بواباته، اللي هي البوابة البطلمية، إلى ""ألمانيا""،","""مصر"" اهدت واحده من بواباته، اللي هي البوابه البطلميه، الي ""المانيا""،"
"والبوابة دي، يا عزيزي، معروضة حاليًا في ""المتحف المصري"" في ""برلين""،","والبوابه دي، يا عزيزي، معروضه حاليًا في ""المتحف المصري"" في ""برلين""،"
في الحلال، احنا اللي مدّيينها،,في الحلال، احنا اللي مدّيينها،
اللي بيقف معانا، بنستجدع معاه، هه!,اللي بيقف معانا، بنستجدع معاه، هه!
"مش زي ""نفرتيتي""!","مش زي ""نفرتيتي""!"
"مع بداية، يا عزيزي، عملية نقل ""أبو سمبل""،","مع بدايه، يا عزيزي، عمليه نقل ""ابو سمبل""،"
تحديدًا، تحديدًا، سنة 1964،,تحديدًا، تحديدًا، سنه 1964،
"الخطر كان بيهدد واحد واحد من أقدم وأهم المعابد في ""النوبة""،","الخطر كان بيهدد واحد واحد من اقدم واهم المعابد في ""النوبه""،"
"معبد ""عمدا""،","معبد ""عمدا""،"
المعبد اللي بناه ملكين من أعظم ملوك الأسرة الـ18،,المعبد اللي بناه ملكين من اعظم ملوك الاسره ال18،
"""تحتمس التالت"" و""أمنحتب التاني""،","""تحتمس التالت"" و""امنحتب التاني""،"
واللي تولى، يا عزيزي، إنقاذه كان البعثة الفرنسية.,واللي تولي، يا عزيزي، انقاذه كان البعثه الفرنسيه.
"""دُول برضه، يا (أبو حميد)، قطّعوه؟!""","""دُول برضه، يا ابو حميد ، قطّعوه """
لأ، يا عزيزي، المعبد ما كانش مستحمل،,لا، يا عزيزي، المعبد ما كانش مستحمل،
وكمان، التقطيع كان هيبوّظ أهم حاجة بتميزه، الرسومات،,وكمان، التقطيع كان هيبوّظ اهم حاجه بتميزه، الرسومات،
والألوان الدقيقة والجميلة اللي كانت بتزين قاعاته،,والالوان الدقيقه والجميله اللي كانت بتزين قاعاته،
دا غير النقوش اللي موجودة على الجدران,دا غير النقوش اللي موجوده علي الجدران
اللي بتسجل أحداث مهمة،,اللي بتسجل احداث مهمه،
"زي مثلًا، حملات ""مصر"" في ""آسيا"".","زي مثلًا، حملات ""مصر"" في ""اسيا""."
عشان كدا، يا عزيزي، هيعملوا حل مجنون وعبقري،,عشان كدا، يا عزيزي، هيعملوا حل مجنون وعبقري،
هيعملوا إيه، يا عزيزي؟ اسمع دي،,هيعملوا ايه، يا عزيزي؟ اسمع دي،
هياخدوا المعبد كله ككتلة واحدة، ينقلوه،,هياخدوا المعبد كله ككتله واحده، ينقلوه،
هيسحبوه، يا عزيزي، بالـMouse!,هيسحبوه، يا عزيزي، بال !
المهندسين صبّوا خرسانة تحت المعبد كله، وثبتوه كويس،,المهندسين صبّوا خرسانه تحت المعبد كله، وثبتوه كويس،
وقاموا رافعينه بروافع هيدروليكية ضخمة،,وقاموا رافعينه بروافع هيدروليكيه ضخمه،
وبدأوا يحركوه على 3 قضبان حديد، زي بتاعة القَطر كدا،,وبداوا يحركوه علي 3 قضبان حديد، زي بتاعه القَطر كدا،
معجزة هندسية!,معجزه هندسيه!
"فالمعبد، يا عزيزي، ماشي، كأنه مسافر، طالع من ""النوبة"".","فالمعبد، يا عزيزي، ماشي، كانه مسافر، طالع من ""النوبه""."
بس هنا، يا عزيزي، بتظهر مشكلة،,بس هنا، يا عزيزي، بتظهر مشكله،
القضبان ما كانتش مكفية المسافة،,القضبان ما كانتش مكفيه المسافه،
فكانوا بيمشّوا المعبد حوالي 25 متر في اليوم،,فكانوا بيمشّوا المعبد حوالي 25 متر في اليوم،
ولمّا كان القطر بيوصل لآخر القضبان،,ولمّا كان القطر بيوصل لاخر القضبان،
العُمّال كانوا بيفكوا القضبان، اللي المعبد سابها ورا،,العُمّال كانوا بيفكوا القضبان، اللي المعبد سابها ورا،
ويقوموا حاطينها قُدّام،,ويقوموا حاطينها قُدّام،
ويرجعوا يركّبوها تاني قُدّام،,ويرجعوا يركّبوها تاني قُدّام،
25 متر في 25 متر... وهكذا وهكذا.,25 متر في 25 متر وهكذا وهكذا.
كانوا حرفيًا بيفرشوا السكة قُدّامه خطوة بخطوة.,كانوا حرفيًا بيفرشوا السكه قُدّامه خطوه بخطوه.
المعبد، يا عزيزي، فضل يتدنجل على القضبان، زي ما بأقولّك كدا، تاتا، تاتا،,المعبد، يا عزيزي، فضل يتدنجل علي القضبان، زي ما باقولّك كدا، تاتا، تاتا،
مسافة كام؟ 2600 متر،,مسافه كام؟ 2600 متر،
لحد، يا عزيزي، ما المعبد بيروح في مكانه الجديد.,لحد، يا عزيزي، ما المعبد بيروح في مكانه الجديد.
في نفس الوقت، يا عزيزي، وزارة الآثار المصرية,في نفس الوقت، يا عزيزي، وزاره الاثار المصريه
كانت بتقوم بعمليات إنقاذ المعابد،,كانت بتقوم بعمليات انقاذ المعابد،
خط ساخن للمعابد!,خط ساخن للمعابد!
أي معبد حاسس إن فيه مشكلة، يكلّم وزارة الآثار الآن.,اي معبد حاسس ان فيه مشكله، يكلّم وزاره الاثار الان.
ويدخل بقى الهندسة بقى من دُول،,ويدخل بقي الهندسه بقي من دُول،
"""خُد قضبان، خُد صَبّة!""","""خُد قضبان، خُد صَبّه!"""
"فيه مثلًا، يا عزيزي، معبد ""ديبود""، اللي ""مصر"" أهدته لـ""إسبانيا""،","فيه مثلًا، يا عزيزي، معبد ""ديبود""، اللي ""مصر"" اهدته ل""اسبانيا""،"
"و""طافا""، اللي ادّته لـ""هولندا""،","و""طافا""، اللي ادّته ل""هولندا""،"
"و""دندور"" لـ""أمريكا""،","و""دندور"" ل""امريكا""،"
دا، يا عزيزي، ما كانش كتب كتاب،,دا، يا عزيزي، ما كانش كتب كتاب،
دا تقديرًا لدورهم في إنقاذ هذه المعابد.,دا تقديرًا لدورهم في انقاذ هذه المعابد.
نجاح عمليات النقل دي هو اللي ادّى للجميع إحساس بالثقة،,نجاح عمليات النقل دي هو اللي ادّي للجميع احساس بالثقه،
كل دا، يا عزيزي، احنا بنفرش للتحدي الكبير،,كل دا، يا عزيزي، احنا بنفرش للتحدي الكبير،
"اللي هو، زي ما قُلت، ""أبو سمبل"".","اللي هو، زي ما قُلت، ""ابو سمبل""."
"التحدي، يا عزيزي، في ""أبو سمبل"" كان واضح جدًا،","التحدي، يا عزيزي، في ""ابو سمبل"" كان واضح جدًا،"
احنا محتاجين ننقل المعبدين المنحوتين في الجبل بسرعة،,احنا محتاجين ننقل المعبدين المنحوتين في الجبل بسرعه،
لأن الميّه مش هتستنى،,لان الميّه مش هتستني،
وفي نفس الوقت، خُد بالك، محتاجين نحافظ على معجزة تعامد الشمس،,وفي نفس الوقت، خُد بالك، محتاجين نحافظ علي معجزه تعامد الشمس،
"اللي بتحصل على وجه ""رمسيس التاني"".","اللي بتحصل علي وجه ""رمسيس التاني""."
"الـ""يونيسكو"" استقبلت اقتراحات كتير، بعضها كان أقرب إلى الجنون،","ال""يونيسكو"" استقبلت اقتراحات كتير، بعضها كان اقرب الي الجنون،"
زي مثلًا فكرة إن احنا نسيبه يغرق،,زي مثلًا فكره ان احنا نسيبه يغرق،
"بس نحاوطه بجدار خرساني يفصل الميّه النضيفة عن ميّه ""النيل"" الطينية،","بس نحاوطه بجدار خرساني يفصل الميّه النضيفه عن ميّه ""النيل"" الطينيه،"
والزوار يركبوا أسانسير تحت الميّه,والزوار يركبوا اسانسير تحت الميّه
يتفرجوا على الواجهة كأنه Aquarium أثري عملاق.,يتفرجوا علي الواجهه كانه اثري عملاق.
طبعًا، يا عزيزي، مش محتاج أقولّك يعني،,طبعًا، يا عزيزي، مش محتاج اقولّك يعني،
لو انت شاكك، الفكرة دي اترفضت.,لو انت شاكك، الفكره دي اترفضت.
"""ياه يا (أبو حميد)! كانت فكرة حلوة والله! كانوا عملوها.""","""ياه يا ابو حميد ! كانت فكره حلوه والله! كانوا عملوها."""
المعبد، يا عزيزي، منحوت في حَجَر رملي معروف إن هو مسامي،,المعبد، يا عزيزي، منحوت في حَجَر رملي معروف ان هو مسامي،
يعني، عامل زي الأسفنج كدا،,يعني، عامل زي الاسفنج كدا،
مع الوقت، الميّه كانت هتخلّي الحجارة تتآكل وتتفكك.,مع الوقت، الميّه كانت هتخلّي الحجاره تتاكل وتتفكك.
الفكرة التانية جت من المهندسين الفرنسيين،,الفكره التانيه جت من المهندسين الفرنسيين،
"قالوا: ""احنا نخلّي المعبد في مكانه، بس نحميه،","قالوا: ""احنا نخلّي المعبد في مكانه، بس نحميه،"
ازاي؟ هنحمي سد ضخم، شكله شبه هلالي، ونحطه قُدّام المعبد،,ازاي؟ هنحمي سد ضخم، شكله شبه هلالي، ونحطه قُدّام المعبد،
سد من الرمل والحصى بارتفاع 70 متر، وبطول 1500 متر.,سد من الرمل والحصي بارتفاع 70 متر، وبطول 1500 متر.
دا، يا عزيزي، يبدو حل منطقي، ممتاز،,دا، يا عزيزي، يبدو حل منطقي، ممتاز،
بس مشكلته في التكلفة العالية،,بس مشكلته في التكلفه العاليه،
الفرنساويين حاطين إيديهم في الميّه الباردة،,الفرنساويين حاطين ايديهم في الميّه البارده،
ما يعرفوش إن دا هيقف علينا بـ82 مليون دولار،,ما يعرفوش ان دا هيقف علينا ب82 مليون دولار،
اللي هما، يا عزيزي، بتكلفة النهاردة، مليار دولار.,اللي هما، يا عزيزي، بتكلفه النهارده، مليار دولار.
دا غير تكلفة الصيانة السنوية مع أي ميّه هتتسرب.,دا غير تكلفه الصيانه السنويه مع اي ميّه هتتسرب.
ومن هنا، يا عزيزي، هتيجي الفكرة الإيطالية،,ومن هنا، يا عزيزي، هتيجي الفكره الايطاليه،
الرفع الهيدروليكي،,الرفع الهيدروليكي،
"""احنا، بالصلاة على النبي كدا، هنرفع المعبد كله.""","""احنا، بالصلاه علي النبي كدا، هنرفع المعبد كله."""
الخطة كانت إن احنا هنشيل قمة التل اللي فوق المعبد،,الخطه كانت ان احنا هنشيل قمه التل اللي فوق المعبد،
ونبني صندوق عملاق من الخرسانة المسلحة حوالين المعبد كله،,ونبني صندوق عملاق من الخرسانه المسلحه حوالين المعبد كله،
وبعدين، نرفع هذا الصندوق بـ308 رافعة هيدروليكية،,وبعدين، نرفع هذا الصندوق ب308 رافعه هيدروليكيه،
ترفع المعبد لحد ما توصل للارتفاع المطلوب،,ترفع المعبد لحد ما توصل للارتفاع المطلوب،
ويتحط تحته قاعدة خرسانية.,ويتحط تحته قاعده خرسانيه.
"""(أبو حميد)، خطة تبدو حلوة ومنطقية،",""" ابو حميد ، خطه تبدو حلوه ومنطقيه،"
أكيد انت هتطلّع فيها حاجة.,اكيد انت هتطلّع فيها حاجه.
أنا عارفك، برنامج قائم على المشاكل!,انا عارفك، برنامج قايم علي المشاكل!
"وكمان يعني، مؤشر الحلقة... مكشوف!""","وكمان يعني، موشر الحلقه مكشوف!"""
الحقيقة، يا عزيزي، إن المخاطر كانت عالية جدًا،,الحقيقه، يا عزيزي، ان المخاطر كانت عاليه جدًا،
ليه؟ لأن ما حدش عمره نقل بنية بهذا الثقل قبل كدا،,ليه؟ لان ما حدش عمره نقل بنيه بهذا الثقل قبل كدا،
تُقل المبنى وصل لـ253 ألف طن،,تُقل المبني وصل ل253 الف طن،
ودا إيه؟ وزن المعبد الكبير وجزء من الصخر المحاوط بيه،,ودا ايه؟ وزن المعبد الكبير وجزء من الصخر المحاوط بيه،
بالإضافة لوزن الصندوق الخرساني،,بالاضافه لوزن الصندوق الخرساني،
تخيل بقى معايا لو حصل أي عطل!,تخيل بقي معايا لو حصل اي عطل!
كل، يا عزيزي، الأفكار، اللي قُلتهالك دي، فشلت بسبب التكلفة أو المخاطرة،,كل، يا عزيزي، الافكار، اللي قُلتهالك دي، فشلت بسبب التكلفه او المخاطره،
أو بعضها فشل، لأنه ببساطة مستحيل.,او بعضها فشل، لانه ببساطه مستحيل.
فضل، يا عزيزي، قُدّامنا حل واحد بس،,فضل، يا عزيزي، قُدّامنا حل واحد بس،
حل مخيف ومرعب لعلماء الآثار،,حل مخيف ومرعب لعلماء الاثار،
الحل قدمته شركة هندسة سويدية، VBB،,الحل قدمته شركه هندسه سويديه، ،
"""هنعمل الآتي، أيها المصريين،","""هنعمل الاتي، ايها المصريين،"
هنقطّع المعبدين لكتل ضخمة،,هنقطّع المعبدين لكتل ضخمه،
ونقوم ناقلين الكتل دي لأعلى الجبال،,ونقوم ناقلين الكتل دي لاعلي الجبال،
"وبعد كدا، نعيد تركيبها من تاني.""","وبعد كدا، نعيد تركيبها من تاني."""
عشان، يا عزيزي، يتأكدوا من تنفيذ الفكرة،,عشان، يا عزيزي، يتاكدوا من تنفيذ الفكره،
استعانوا بعُمّال من مقالع الرُخام،,استعانوا بعُمّال من مقالع الرُخام،
"في مدينة ""كرارا"" الإيطالية،","في مدينه ""كرارا"" الايطاليه،"
ناس، يا عزيزي، شغلتها إنها تقطّع في الجبال، عشان تطلّع الرُخام،,ناس، يا عزيزي، شغلتها انها تقطّع في الجبال، عشان تطلّع الرُخام،
"فرُحنا جيبناهم على ""مصر""، وسألناهم:","فرُحنا جيبناهم علي ""مصر""، وسالناهم:"
"""تعرفوا تقطّعوا المعبد دا، من غير ما تدمروه؟""","""تعرفوا تقطّعوا المعبد دا، من غير ما تدمروه؟"""
والإيطاليين بيأكدوا إن هما قادرين على عمل كدا.,والايطاليين بياكدوا ان هما قادرين علي عمل كدا.
حل، يا عزيزي، شديد المخاطرة،,حل، يا عزيزي، شديد المخاطره،
لدرجة إن كان هناك الكثير من علماء الآثار في العالم بيشدوا في شعرهم!,لدرجه ان كان هناك الكثير من علماء الاثار في العالم بيشدوا في شعرهم!
"""دي، يا جماعة، مش عملية إنقاذ، دي مجزرة تاريخية!""","""دي، يا جماعه، مش عمليه انقاذ، دي مجزره تاريخيه!"""
كانوا مرعوبين لو التماثيل أو الواجهة حصلّهم حاجة،,كانوا مرعوبين لو التماثيل او الواجهه حصلّهم حاجه،
اتكسّروا أو حصل فيهم شرخ.,اتكسّروا او حصل فيهم شرخ.
بس في يونيو 1963،,بس في يونيو 1963،
بعد دراسة اتعملت على الحل اللي قدمته الشركة السويدية،,بعد دراسه اتعملت علي الحل اللي قدمته الشركه السويديه،
وتقدير لتكلفته، اللي كانت، بالمناسبة، أقل من باقي الحلول،,وتقدير لتكلفته، اللي كانت، بالمناسبه، اقل من باقي الحلول،
"وهنا، يا عزيزي، ""مصر"" بتحسم أمرها، وبتختار الحل الصعب.","وهنا، يا عزيزي، ""مصر"" بتحسم امرها، وبتختار الحل الصعب."
تم تشكيل تحالف دولي لتنفيذ المشروع، Consortium،,تم تشكيل تحالف دولي لتنفيذ المشروع، ،
شركة فرنسية، شركة ألمانية، شركة إيطالية،,شركه فرنسيه، شركه المانيه، شركه ايطاليه،
"وشركتين من ""السويد"" وشركة مصرية،","وشركتين من ""السويد"" وشركه مصريه،"
ووصل، يا عزيزي، عدد الناس اللي هتشتغل في المشروع,ووصل، يا عزيزي، عدد الناس اللي هتشتغل في المشروع
3000 عامل ومهندس، ما بين مصريين وأجانب،,30 عامل ومهندس، ما بين مصريين واجانب،
كان لازم، يا عزيزي، تتبني مدينة كاملة،,كان لازم، يا عزيزي، تتبني مدينه كامله،
مدينة مجهزة بكل الإمكانيات،,مدينه مجهزه بكل الامكانيات،
عشان يقدروا يعيشوا ويشتغلوا في مكان بعيد عن العمران.,عشان يقدروا يعيشوا ويشتغلوا في مكان بعيد عن العمران.
وخُد بالك، يا عزيزي، المناخ وقتها كان صعب،,وخُد بالك، يا عزيزي، المناخ وقتها كان صعب،
درجات الحرارة بتوصل لـ50 درجة!,درجات الحراره بتوصل ل50 درجه!
بس أول حاجة، وقبل أي منشار ما يلمس حَجَر،,بس اول حاجه، وقبل اي منشار ما يلمس حَجَر،
"كانوا لازم الأول يوقّفوا التهديد للمشروع، نهر ""النيل"".","كانوا لازم الاول يوقّفوا التهديد للمشروع، نهر ""النيل""."
"في أبريل 1964، بدأت عملية الإنقاذ لـ""أبو سمبل""،","في ابريل 1964، بدات عمليه الانقاذ ل""ابو سمبل""،"
المهندسين كانوا في سباق مع الزمن،,المهندسين كانوا في سباق مع الزمن،
بنوا سد عازل مؤقت قُدّام المعبد،,بنوا سد عازل موقت قُدّام المعبد،
حيطة ارتفاعها 37 متر وطولها 370 متر من الرمل والحجارة،,حيطه ارتفاعها 37 متر وطولها 370 متر من الرمل والحجاره،
كل دا بس، يا عزيزي، عشان يشتروا وقت.,كل دا بس، يا عزيزي، عشان يشتروا وقت.
"المشكلة، يا عزيزي، إن ""النيل"" ما كانش بيهزر،","المشكله، يا عزيزي، ان ""النيل"" ما كانش بيهزر،"
في صيف 1964، بيحصل فيضان كبير،,في صيف 1964، بيحصل فيضان كبير،
الميّه عليت لحد ما عدّت ارتفاع السد المؤقت بمترين،,الميّه عليت لحد ما عدّت ارتفاع السد الموقت بمترين،
كارثة، يا عزيزي، الموقع كله كان مهدد إنه يغرق في لحظة!,كارثه، يا عزيزي، الموقع كله كان مهدد انه يغرق في لحظه!
ولكن، يا عزيزي، الحمد لله،,ولكن، يا عزيزي، الحمد لله،
السد العازل دا، بشبكة التصريف بتاعته،,السد العازل دا، بشبكه التصريف بتاعته،
صمد، والحمد لله، كسبوا الجولة الأولى.,صمد، والحمد لله، كسبوا الجوله الاولي.
وكمان، يا عزيزي، مركز التوثيق المصري صوّر ووثّق كل شبر في المعبد،,وكمان، يا عزيزي، مركز التوثيق المصري صوّر ووثّق كل شبر في المعبد،
عشان يضمنوا إن كل حَجَر هيرجع مكانه تاني بالظبط.,عشان يضمنوا ان كل حَجَر هيرجع مكانه تاني بالظبط.
دلوقتي، يا عزيزي، بدأوا يجهّزوا الجسم للعملية،,دلوقتي، يا عزيزي، بداوا يجهّزوا الجسم للعمليه،
احنا قُلنا إن المعبد منحوت جوا جبل،,احنا قُلنا ان المعبد منحوت جوا جبل،
فكان الأول لازم يشيلوا الجبل اللي فوقيه،,فكان الاول لازم يشيلوا الجبل اللي فوقيه،
تخيل، يا عزيزي، تمسك الملقاط بتاعك وتشيل جبل من معبد!,تخيل، يا عزيزي، تمسك الملقاط بتاعك وتشيل جبل من معبد!
كلمة سهلة، ولكن على أرض الواقع، بتترجم لبلاوي!,كلمه سهله، ولكن علي ارض الواقع، بتترجم لبلاوي!
300 ألف طن من الصخور اتشالت من فوق المعبد،,300 الف طن من الصخور اتشالت من فوق المعبد،
واتشالت ازاي؟ من غير أي متفجرات، من غير أي تدخلات قوية،,واتشالت ازاي؟ من غير اي متفجرات، من غير اي تدخلات قويه،
اوعى تهز حاجة كدا ولّا كدا، تهدّ المعبد!,اوعي تهز حاجه كدا ولّا كدا، تهدّ المعبد!
كله بأدوات الإيد، بلدي،,كله بادوات الايد، بلدي،
كله بالجرّافات والمطارق.,كله بالجرّافات والمطارق.
"""طب يا (أبو حميد)، الواجهة نفسها، طمني عليها!","""طب يا ابو حميد ، الواجهه نفسها، طمني عليها!"
"وهما بيشيلوا الصخر من فوق، هيحموا التماثيل ازاي من الحطام اللي هيُقع؟!""","وهما بيشيلوا الصخر من فوق، هيحموا التماثيل ازاي من الحطام اللي هيُقع """
والله، يا عزيزي، في دا، هيستخدموا الرمل اللي حمى المعبد لمدة 3000 سنة،,والله، يا عزيزي، في دا، هيستخدموا الرمل اللي حمي المعبد لمده 30 سنه،
ردموا الواجهة كلها بالرمل، عشان يحموها،,ردموا الواجهه كلها بالرمل، عشان يحموها،
ومن جوا، بنوا غابة من السقالات الفولاذية،,ومن جوا، بنوا غابه من السقالات الفولاذيه،
الهدف منها إنها تمسك السقف والجدران، ما تقعش،,الهدف منها انها تمسك السقف والجدران، ما تقعش،
وعشان العُمّال يعرفوا يدخلوا،,وعشان العُمّال يعرفوا يدخلوا،
عملوا نفق من أنبوب فولاذي،,عملوا نفق من انبوب فولاذي،
ماشي وسط الرمل دا كله،,ماشي وسط الرمل دا كله،
وهنا، يا عزيزي، بدأت أصعب مرحلة في الموضوع كله، التقطيع.,وهنا، يا عزيزي، بدات اصعب مرحله في الموضوع كله، التقطيع.
المشكلة، يا عزيزي، إن الحَجَر الرملي دا كان هش،,المشكله، يا عزيزي، ان الحَجَر الرملي دا كان هش،
أي خبطة غلط، هتعمل كارثة!,اي خبطه غلط، هتعمل كارثه!
كمان، الخوف من إن تقطيع التماثيل أو المعبد,كمان، الخوف من ان تقطيع التماثيل او المعبد
هيسيب فيها ندوب وشروخ،,هيسيب فيها ندوب وشروخ،
المهندسين، يا عزيزي، ما كانوش عارفين,المهندسين، يا عزيزي، ما كانوش عارفين
يستخدموا على الواجهة المناشير الكهربائية الضخمة،,يستخدموا علي الواجهه المناشير الكهرباييه الضخمه،
والحل كان يدوي،,والحل كان يدوي،
امسك المنشار اليدوي، وقطّع بنفسك.,امسك المنشار اليدوي، وقطّع بنفسك.
"على حسب الـ""يونيسكو""، فحوالي 750 عامل مصري،","علي حسب ال""يونيسكو""، فحوالي 750 عامل مصري،"
ومعاهم 10 فنيين مصريين، و40 فني أجنبي،,ومعاهم 10 فنيين مصريين، و40 فني اجنبي،
تقريبًا 800 راجل زي الورد،,تقريبًا 800 راجل زي الورد،
شغالين 3 ورديات، ليل نهار، 9 شهور كاملة،,شغالين 3 ورديات، ليل نهار، 9 شهور كامله،
بيقطعوا الجبل، يا عزيزي، بمنشار يدوي،,بيقطعوا الجبل، يا عزيزي، بمنشار يدوي،
كل دا، عشان يضمنوا سلامة المعبد،,كل دا، عشان يضمنوا سلامه المعبد،
وسهولة تجميعه لاحقًا.,وسهوله تجميعه لاحقًا.
طيب، دلوقتي قطعوا الـBlock خلاص،,طيب، دلوقتي قطعوا ال خلاص،
هيرفعوا ازاي 30 طن من الحَجَر؟,هيرفعوا ازاي 30 طن من الحَجَر؟
لو ربطوه بحبال، هيتكسر،,لو ربطوه بحبال، هيتكسر،
صعب، يا عزيزي، يربطوه بحبال.,صعب، يا عزيزي، يربطوه بحبال.
وهنا، يا عزيزي، بيقرر المهندسين يحفروا ثقوب في الكتل،,وهنا، يا عزيزي، بيقرر المهندسين يحفروا ثقوب في الكتل،
ويدخّلوا فيها قضبان تثبيت،,ويدخّلوا فيها قضبان تثبيت،
"أسياخ حديد هيثبّتوها من تحت بغرا صناعي، أو ""إيبوكسي""،","اسياخ حديد هيثبّتوها من تحت بغرا صناعي، او ""ايبوكسي""،"
الأسياخ دي هتبقى أشبه بالمقابض,الاسياخ دي هتبقي اشبه بالمقابض
اللي الرافعات الضخمة هتشيل منها الكتل الحجرية،,اللي الرافعات الضخمه هتشيل منها الكتل الحجريه،
وبدأت، يا عزيزي، عملية النقل، Block ورا Block، Block ورا Block،,وبدات، يا عزيزي، عمليه النقل، ورا ، ورا ،
لحد، يا عزيزي، ما بنوصل لـ1036 Block حجرية،,لحد، يا عزيزي، ما بنوصل ل1036 حجريه،
كل Block بيتشال، بيتحط على شاحنة،,كل بيتشال، بيتحط علي شاحنه،
ويطلع لمنطقة تخزين ضخمة فوق الهضبة،,ويطلع لمنطقه تخزين ضخمه فوق الهضبه،
عشان نوصل لسنة 1966،,عشان نوصل لسنه 1966،
واحنا بنشوف آخر كتلة بتتشال، يا عزيزي، من مكانها الأصلي.,واحنا بنشوف اخر كتله بتتشال، يا عزيزي، من مكانها الاصلي.
وبعدها، يا عزيزي، بكام شهر، الميّه بتندفع وبتغمر قمة السد العازل،,وبعدها، يا عزيزي، بكام شهر، الميّه بتندفع وبتغمر قمه السد العازل،
وبتغرّق، يا عزيزي، الموقع بالكامل!,وبتغرّق، يا عزيزي، الموقع بالكامل!
"بس المرادي ""النيل"" الحلو اللي هيموت ويخرّب المعبد،","بس المرادي ""النيل"" الحلو اللي هيموت ويخرّب المعبد،"
"جه لقى المكان فاضي، ""أبو سمبل"" خلع!","جه لقي المكان فاضي، ""ابو سمبل"" خلع!"
"""ياه يا (أبو حميد)! اللهم صلِّ على النبي! قصة ملهمة أوي!","""ياه يا ابو حميد ! اللهم صلِّ علي النبي! قصه ملهمه اوي!"
"إيه دا؟! المؤشر لسة ما وصلش للنهاية؟!""","ايه دا الموشر لسه ما وصلش للنهايه """
عزيزي المُشاهد الجميل، احنا فكينا المعبد،,عزيزي المُشاهد الجميل، احنا فكينا المعبد،
بس لسة ما جمّعناهوش، خُد بالك،,بس لسه ما جمّعناهوش، خُد بالك،
خلّيني أقولّك، يا عزيزي، إن المهمة الصعبة لسة أصلًا ما جاتش!,خلّيني اقولّك، يا عزيزي، ان المهمه الصعبه لسه اصلًا ما جاتش!
دلوقتي، يا عزيزي، انت عندك أعظم Puzzle في التاريخ،,دلوقتي، يا عزيزي، انت عندك اعظم في التاريخ،
1036 قطعة وزنهم آلاف الأطنان,1036 قطعه وزنهم الاف الاطنان
متفرّطين ومترقمين فوق هضبة في الصحرا،,متفرّطين ومترقمين فوق هضبه في الصحرا،
والمطلوب، ببساطة جدًا، إن انت ترجع تركّبهم زي ما كانوا.,والمطلوب، ببساطه جدًا، ان انت ترجع تركّبهم زي ما كانوا.
الموقع الجديد على ارتفاع 65 متر،,الموقع الجديد علي ارتفاع 65 متر،
و200 متر جوا بعيد عن النهر.,و200 متر جوا بعيد عن النهر.
المهندسين بدأوا في عملية التركيب،,المهندسين بداوا في عمليه التركيب،
بدأوا يركّبوا الأساسات من تحت لفوق،,بداوا يركّبوا الاساسات من تحت لفوق،
بس هنا، يا عزيزي، ظهرت مشكلة جديدة!,بس هنا، يا عزيزي، ظهرت مشكله جديده!
احنا قُلنا، يا عزيزي، المعبد الأصلي كان جوا جبل،,احنا قُلنا، يا عزيزي، المعبد الاصلي كان جوا جبل،
طب انت لمّا ترجع تركّب الواجهة، هتحط إيه فوقيها؟,طب انت لمّا ترجع تركّب الواجهه، هتحط ايه فوقيها؟
الحل الأسهل، يا عزيزي، إن انت ترجع تكوّن الـ300 ألف طن صخور اللي انت شيلتهم،,الحل الاسهل، يا عزيزي، ان انت ترجع تكوّن ال300 الف طن صخور اللي انت شيلتهم،
وتردم فوق المعبد،,وتردم فوق المعبد،
بس خُد بالك، لو عملت كدا،,بس خُد بالك، لو عملت كدا،
الوزن اللي انت هتحطه فوق المعبد دا، ممكن يسحقه!,الوزن اللي انت هتحطه فوق المعبد دا، ممكن يسحقه!
فتبقى انت عملتلي سد، ونقلت، ومناشير شغالة،,فتبقي انت عملتلي سد، ونقلت، ومناشير شغاله،
وجاي وانت بتركّب، هبط!,وجاي وانت بتركّب، هبط!
"معبد ""أبو سمبل"" هيبقى زي الكيكة كدا، هيتبطّ!","معبد ""ابو سمبل"" هيبقي زي الكيكه كدا، هيتبطّ!"
المهندسين، يا عزيزي، كانوا محتاجين، زي ما تقول كدا، جبل صناعي،,المهندسين، يا عزيزي، كانوا محتاجين، زي ما تقول كدا، جبل صناعي،
جبل شايل نفسه، ما فيش ولا جرام منه ضاغط على المعبد،,جبل شايل نفسه، ما فيش ولا جرام منه ضاغط علي المعبد،
باختصار، جبل متفرّغ من جوا،,باختصار، جبل متفرّغ من جوا،
وهنا، يا عزيزي، جه الحل العبقري،,وهنا، يا عزيزي، جه الحل العبقري،
"اللي أغلب زوار معبد ""أبو سمبل"" اللي بيروحوه النهاردة ما يعرفوش إنه موجود،","اللي اغلب زوار معبد ""ابو سمبل"" اللي بيروحوه النهارده ما يعرفوش انه موجود،"
المهندسين بنوا قُبة خرسانية ضخمة فوق المعبد،,المهندسين بنوا قُبه خرسانيه ضخمه فوق المعبد،
بعرض 60 متر، ارتفاع 25،,بعرض 60 متر، ارتفاع 25،
في واحدة من أضخم القباب في العالم في هذا الوقت،,في واحده من اضخم القباب في العالم في هذا الوقت،
القُبة دي، يا عزيزي، هي اللي شايلة وزن الجبل الصناعي كله،,القُبه دي، يا عزيزي، هي اللي شايله وزن الجبل الصناعي كله،
والمعبد، يا عزيزي، يُعتبر متركّب جواها،,والمعبد، يا عزيزي، يُعتبر متركّب جواها،
زي ما يكون جوهرة جوا صَدَفة.,زي ما يكون جوهره جوا صَدَفه.
المكان دا، يا عزيزي، بطن الجبل الخرساني موجود لحد النهاردة،,المكان دا، يا عزيزي، بطن الجبل الخرساني موجود لحد النهارده،
ولكنه مش مفتوح للعامة،,ولكنه مش مفتوح للعامه،
جواه أنظمة تهوية، عشان تحافظ على الحجارة،,جواه انظمه تهويه، عشان تحافظ علي الحجاره،
وأجهزة قياس، عشان لو حصل أي زلزال،,واجهزه قياس، عشان لو حصل اي زلزال،
المهندسين بنوا الجبل الصناعي دا، وغطوا كل شغلهم،,المهندسين بنوا الجبل الصناعي دا، وغطوا كل شغلهم،
"واللي يبُص من برة، مش هيشوف غير الجبل القديم بتاع ""رمسيس"".","واللي يبُص من بره، مش هيشوف غير الجبل القديم بتاع ""رمسيس""."
فضلت، يا عزيزي، عملية التركيب دي مستمرة عارف أد إيه؟ 19 شهر،,فضلت، يا عزيزي، عمليه التركيب دي مستمره عارف اد ايه؟ 19 شهر،
10 كيلومتر من الشقوق اللي موجودة بين الحجارة،,10 كيلومتر من الشقوق اللي موجوده بين الحجاره،
كلها اتملت بمواد متلونة بنفس لون الحجر،,كلها اتملت بمواد متلونه بنفس لون الحجر،
عشان تخفي آثار التقطيع.,عشان تخفي اثار التقطيع.
بعد 4 سنين، يا عزيزي، تقريبًا من الشغل،,بعد 4 سنين، يا عزيزي، تقريبًا من الشغل،
كل حاجة بتتحط في مكانها في إنجاز هندسي لا مثيل له،,كل حاجه بتتحط في مكانها في انجاز هندسي لا مثيل له،
اتحطت بنفس الزوايا، حتى التمثال المكسور، اتساب في مكانه.,اتحطت بنفس الزوايا، حتي التمثال المكسور، اتساب في مكانه.
فضِل، يا عزيزي، هناك سؤال واحد، أهم سؤال،,فضِل، يا عزيزي، هناك سوال واحد، اهم سوال،
"وهو، يا عزيزي، إيه؟ هل معجزة ""رمسيس"" لسة شغالة؟","وهو، يا عزيزي، ايه؟ هل معجزه ""رمسيس"" لسه شغاله؟"
"الراجل اللي عمل الـ""تريكّاية""","الراجل اللي عمل ال""تريكّايه"""
"بتاعة ""إن الشمس تتعامد عليا مرتين في السنة""،","بتاعه ""ان الشمس تتعامد عليا مرتين في السنه""،"
شغالة؟ ولّا مش شغالة؟,شغاله؟ ولّا مش شغاله؟
بعد كل التقطيع والرفع والتركيب دا،,بعد كل التقطيع والرفع والتركيب دا،
ما موقف شعاع الشمس؟,ما موقف شعاع الشمس؟
هنا، يا عزيزي، نرجع لمشهد البداية،,هنا، يا عزيزي، نرجع لمشهد البدايه،
يوم 22 فبراير،,يوم 22 فبراير،
الكل، يا عزيزي، كان واقف حابس أنفاسه،,الكل، يا عزيزي، كان واقف حابس انفاسه،
المهندسين اللي حطوا الخطة، والعُمّال اللي ركّبوا،,المهندسين اللي حطوا الخطه، والعُمّال اللي ركّبوا،
وعلماء الآثار اللي كانوا مرعوبين من التراث اللي ممكن يبوظ قُدّام عينيا،,وعلماء الاثار اللي كانوا مرعوبين من التراث اللي ممكن يبوظ قُدّام عينيا،
"""بالراحة يا واد انت وهو على المعبد، لأبقى عواطلي!""","""بالراحه يا واد انت وهو علي المعبد، لابقي عواطلي!"""
كله، يا عزيزي، قاعد مستني شروق الشمس،,كله، يا عزيزي، قاعد مستني شروق الشمس،
يا إما يبان إن هما عملوا المستحيل،,يا اما يبان ان هما عملوا المستحيل،
يا إما يبان إن هما دمروا السحر للأبد!,يا اما يبان ان هما دمروا السحر للابد!
وبدأت، يا عزيزي، أشعة الشمس تطلع تطلع تطلع تطلع،,وبدات، يا عزيزي، اشعه الشمس تطلع تطلع تطلع تطلع،
الشعاع، يا عزيزي، بيدخل من البوابة،,الشعاع، يا عزيزي، بيدخل من البوابه،
يقطع الـ60 متر،,يقطع ال60 متر،
بيوصل قدس الأقداس،,بيوصل قدس الاقداس،
"بيضلّم على وش ""بتاح"" في الضلمة، زي ما هو على وضعه،","بيضلّم علي وش ""بتاح"" في الضلمه، زي ما هو علي وضعه،"
"بيدخل على وش ""آمون رع""، بينوّر،","بيدخل علي وش ""امون رع""، بينوّر،"
"يخش على وش ""رع حور آختي""، بينوّر برضه،","يخش علي وش ""رع حور اختي""، بينوّر برضه،"
"بيخش على وش ""رمسيس التاني""، وبينوّر،","بيخش علي وش ""رمسيس التاني""، وبينوّر،"
ألف ألف مبروك! ممتاز!,الف الف مبروك! ممتاز!
مبروك لمهندسينا! مبروك لعُمّالنا!,مبروك لمهندسينا! مبروك لعُمّالنا!
"مبروك للـ""يونيسكو""! مبروك للدولة المصرية!","مبروك لل""يونيسكو""! مبروك للدوله المصريه!"
"وأحب أهدي الفوز دا لـ""نفرتاري""، هي التي تشرق الشمس من أجلها!","واحب اهدي الفوز دا ل""نفرتاري""، هي التي تشرق الشمس من اجلها!"
المصريين، يا عزيزي، نجحوا، وقدروا يعيدوا إحياء المعجزة،,المصريين، يا عزيزي، نجحوا، وقدروا يعيدوا احياء المعجزه،
آلاف الأطنان بتتشال وبيتم إنقاذها من المياه،,الاف الاطنان بتتشال وبيتم انقاذها من المياه،
نرفعها كداهو، ونشيلها، ونركّبها في شهور وسنين،,نرفعها كداهو، ونشيلها، ونركّبها في شهور وسنين،
وفي الآخر، مش بس نعمل التجميعة،,وفي الاخر، مش بس نعمل التجميعه،
"ونقول: ""يلّا، خلاص بقى يا (رمسيس)، مش هتقف على الواحدة!""","ونقول: ""يلّا، خلاص بقي يا رمسيس ، مش هتقف علي الواحده!"""
لا، دا احنا هنبني بالزوايا المطلوبة،,لا، دا احنا هنبني بالزوايا المطلوبه،
عشان أشعة الشمس تخش تنوّر في الأيام اللي قُلنا عليها،,عشان اشعه الشمس تخش تنوّر في الايام اللي قُلنا عليها،
"عمرنا ما هنضلّم وشك يا ""رمسيس""!","عمرنا ما هنضلّم وشك يا ""رمسيس""!"
"مبروك، يا عزيزي، مبروك لكل بيت في ""مصر""","مبروك، يا عزيزي، مبروك لكل بيت في ""مصر"""
هذا الإنجاز الهندسي العبقري!,هذا الانجاز الهندسي العبقري!
"""ثانية واحدة يا (أبو حميد)! تعالالي،","""ثانيه واحده يا ابو حميد ! تعالالي،"
تعالالي يا عرّة أحفاد المصريين القدماء،,تعالالي يا عرّه احفاد المصريين القدماء،
انت! هو انت مش باستخدام الجدع اللي جوا، اللي عندك داهو، اللي بيقولش حاجة عدلة دا،,انت! هو انت مش باستخدام الجدع اللي جوا، اللي عندك داهو، اللي بيقولش حاجه عدله دا،
قُلت بلسانك إن ظاهرة التعامد دي بتحصل في تاريخين،,قُلت بلسانك ان ظاهره التعامد دي بتحصل في تاريخين،
21 أكتوبر، و21 فبراير؟,21 اكتوبر، و21 فبراير؟
يبقى ازاي بقى، يا ملك الفهلوة، قُلت إن احنا نجحنا،,يبقي ازاي بقي، يا ملك الفهلوه، قُلت ان احنا نجحنا،
مع إن الشمس نوّرت على وش (رمسيس),مع ان الشمس نوّرت علي وش رمسيس
يوم 22 فبراير، وليس 21 فبراير؟!,يوم 22 فبراير، وليس 21 فبراير
"إيه؟ أخدتلها يوم عمل؟!""","ايه؟ اخدتلها يوم عمل """
خلّيني، يا عزيزي، أصارحك وأقولّك,خلّيني، يا عزيزي، اصارحك واقولّك
إن دا سؤال بينُم عن النباهة والتركيز والدهاء،,ان دا سوال بينُم عن النباهه والتركيز والدهاء،
التغير في تاريخ التعامد دا حصل بسبب التغيير في الموقع الجغرافي،,التغير في تاريخ التعامد دا حصل بسبب التغيير في الموقع الجغرافي،
الاختلاف اللي حصل والارتفاع عن المكان الأصلي،,الاختلاف اللي حصل والارتفاع عن المكان الاصلي،
هما اللي كانوا السبب في هذه الترحيلة،,هما اللي كانوا السبب في هذه الترحيله،
ودي، يا عزيزي، كانت أدقّ محاكاة ممكنة يقدر المهندسين يوصلولها،,ودي، يا عزيزي، كانت ادقّ محاكاه ممكنه يقدر المهندسين يوصلولها،
محاكاة أثبتت المعجزة اللي عملها العلماء,محاكاه اثبتت المعجزه اللي عملها العلماء
في هذا المشروع الحديث العبقري.,في هذا المشروع الحديث العبقري.
"وزي، يا عزيزي، ما تعامد الشمس على وجه ""رمسيس""","وزي، يا عزيزي، ما تعامد الشمس علي وجه ""رمسيس"""
أثبت عظمة ودقة المصريين القدماء,اثبت عظمه ودقه المصريين القدماء
وعبقريتهم في الحسابات والهندسة والفلك،,وعبقريتهم في الحسابات والهندسه والفلك،
وإن أي تعديل على حساباتهم هيغيّر النتيجة النهائية،,وان اي تعديل علي حساباتهم هيغيّر النتيجه النهاييه،
فخلّيني أقولّك إن المحاكاة اللي عملها المصريين في العصر الحديث,فخلّيني اقولّك ان المحاكاه اللي عملها المصريين في العصر الحديث
هي في الحقيقة، يا عزيزي، إنجاز لا يقل عن اللي اتعمل في الوقت دا،,هي في الحقيقه، يا عزيزي، انجاز لا يقل عن اللي اتعمل في الوقت دا،
وأثبت عَظَمة أحفاد المصريين.,واثبت عَظَمه احفاد المصريين.
وفي سبتمبر 1968،,وفي سبتمبر 1968،
بعد 4 سنين من الشغل المتواصل وبتكلفة وصلت لـ40 مليون دولار،,بعد 4 سنين من الشغل المتواصل وبتكلفه وصلت ل40 مليون دولار،
حضر، يا عزيزي، الافتتاح الرسمي للمعبد,حضر، يا عزيزي، الافتتاح الرسمي للمعبد
500 شخصية بارزة،,500 شخصيه بارزه،
"زي وزير الثقافة ""ثروت عكاشة""،","زي وزير الثقافه ""ثروت عكاشه""،"
"والمدير العام للـ""يونيسكو""،","والمدير العام لل""يونيسكو""،"
وعلماء مصريات من كل حتة في العالم.,وعلماء مصريات من كل حته في العالم.
طبعًا، يا عزيزي، بعد اكتمال عملية النقل،,طبعًا، يا عزيزي، بعد اكتمال عمليه النقل،
فيه معجزة بتحصل كل يوم تقريبًا،,فيه معجزه بتحصل كل يوم تقريبًا،
وهي Actually الاهتمام المستمر بالمعبد،,وهي الاهتمام المستمر بالمعبد،
المعبد، يا عزيزي، خلاص، ما بقاش جزء من الماضي، لم يعد أثر،,المعبد، يا عزيزي، خلاص، ما بقاش جزء من الماضي، لم يعد اثر،
دا بقى كائن حي، بيحتاج لرعاية دائمة، صيانة وترميم,دا بقي كاين حي، بيحتاج لرعايه دايمه، صيانه وترميم
وحماية من العوامل الطبيعية والبيئية،,وحمايه من العوامل الطبيعيه والبيه،
"رعاية المصريين لـ""أبو سمبل"" بتضمن حلم ""رمسيس التاني""،","رعايه المصريين ل""ابو سمبل"" بتضمن حلم ""رمسيس التاني""،"
حلم إنه يفضل موجود، حلم الخلود.,حلم انه يفضل موجود، حلم الخلود.
"صحيح، يا عزيزي، إن قصة إنقاذ ""أبو سمبل"" تقريبًا خلصت،","صحيح، يا عزيزي، ان قصه انقاذ ""ابو سمبل"" تقريبًا خلصت،"
"لكن الحملة الدولية لإنقاذ آثار ""النوبة"" لسة ما خلصتش،","لكن الحمله الدوليه لانقاذ اثار ""النوبه"" لسه ما خلصتش،"
"الميّه اللي ملت موقع ""أبو سمبل"" القديم","الميّه اللي ملت موقع ""ابو سمبل"" القديم"
"كانت لسة بتسابق المهندسين حوالين معابد تانية في ""النوبة""،","كانت لسه بتسابق المهندسين حوالين معابد تانيه في ""النوبه""،"
"ومن أهمها، معابد جزيرة ""فِيَلة""","ومن اهمها، معابد جزيره ""فِيَله"""
"و""فِيَلة"" مكان مقدس من العصور الفرعونية،","و""فِيَله"" مكان مقدس من العصور الفرعونيه،"
"ومركز عبادة للإلهة ""إيزيس""،","ومركز عباده للالهه ""ايزيس""،"
"واسمها ""فِيَلة"" من الكلمة الإغريقية ""فيلاي""،","واسمها ""فِيَله"" من الكلمه الاغريقيه ""فيلاي""،"
"بمعنى ""الحبيبة""،","بمعني ""الحبيبه""،"
"ومن أهم آثارها، معبد ""إيزيس""،","ومن اهم اثارها، معبد ""ايزيس""،"
المكان اللي اتجمّعت فيه حضارات مختلفة،,المكان اللي اتجمّعت فيه حضارات مختلفه،
جدران مصرية قديمة، أعمدة بطلمية، إضافات رومانية،,جدران مصريه قديمه، اعمده بطلميه، اضافات رومانيه،
وحتى، يا عزيزي، كمان، بنشوف في وقت لاحق نقوش قبطية موجودة،,وحتي، يا عزيزي، كمان، بنشوف في وقت لاحق نقوش قبطيه موجوده،
"وكمان، عندك النقش الشهير، ""إسمت آخوم""،","وكمان، عندك النقش الشهير، ""اسمت اخوم""،"
آخر نقش هيروغيليفي معروف،,اخر نقش هيروغيليفي معروف،
"وكمان، عندك معابد ""حتحور"" و""أمنحتب"" و""أرسنوفيس"" ومقصورة ""تراجان""،","وكمان، عندك معابد ""حتحور"" و""امنحتب"" و""ارسنوفيس"" ومقصوره ""تراجان""،"
المعبد دا، يا عزيزي، كان مغمور بالميّه،,المعبد دا، يا عزيزي، كان مغمور بالميّه،
بالفعل، يا عزيزي، كان مُهدَّد من قبل السد العالي،,بالفعل، يا عزيزي، كان مُهدَّد من قبل السد العالي،
ولكن طبعًا الخطر زاد بعد السد العالي،,ولكن طبعًا الخطر زاد بعد السد العالي،
لأن كدا، هتبقى مغمورة طول السنة!,لان كدا، هتبقي مغموره طول السنه!
كمان، يا عزيزي، التوربينات اللي بتولّد الكهربا,كمان، يا عزيزي، التوربينات اللي بتولّد الكهربا
بتعمل تموجات مستمرة في الميّه،,بتعمل تموجات مستمره في الميّه،
بشكل بيأثّر وبيتلف الحجارة،,بشكل بياثّر وبيتلف الحجاره،
فكان لازم حل قبل ما الجزيرة وآثارها يختفوا.,فكان لازم حل قبل ما الجزيره واثارها يختفوا.
هنا، يا عزيزي، المهندسين بنوا سد مؤقت، Cofferdam،,هنا، يا عزيزي، المهندسين بنوا سد موقت، ،
عملوه حوالين الأجزاء الأساسية في الجزيرة،,عملوه حوالين الاجزاء الاساسيه في الجزيره،
وبعدين، جابوا مضخات، وابتدوا يشفطوا الميّه اللي جوا السد،,وبعدين، جابوا مضخات، وابتدوا يشفطوا الميّه اللي جوا السد،
"زي ما تكون كدا، يا عزيزي، بتفضّي ""بانيو""،","زي ما تكون كدا، يا عزيزي، بتفضّي ""بانيو""،"
وفضلوا كدا لحد ما الأرض نشفت،,وفضلوا كدا لحد ما الارض نشفت،
بس خلّيني أقولّك إن بعض المباني والبوابات الرومانية،,بس خلّيني اقولّك ان بعض المباني والبوابات الرومانيه،
"زي بوابة ""دقلديانوش"" ومعبد ""أغسطس""،","زي بوابه ""دقلديانوش"" ومعبد ""اغسطس""،"
دُول كانوا خارج السد في مكان أعمق،,دُول كانوا خارج السد في مكان اعمق،
وتوسيع السد عشان يضمهم كان هيزوّد التكلفة أكتر،,وتوسيع السد عشان يضمهم كان هيزوّد التكلفه اكتر،
"فهنا، يا عزيزي، بيستعينوا بفِرَق متخصصة في الغطس من ""مصر"" ومن برة،","فهنا، يا عزيزي، بيستعينوا بفِرَق متخصصه في الغطس من ""مصر"" ومن بره،"
بسم الله، ما شاء الله، نزلوا تحت الميّه في رؤية شبه منعدمة،,بسم الله، ما شاء الله، نزلوا تحت الميّه في رويه شبه منعدمه،
وبدأوا يفكوا القطع الحجرية التقيلة،,وبداوا يفكوا القطع الحجريه التقيله،
وكمان، يستخدموا تقنيات مختلفة عشان يرفعوها،,وكمان، يستخدموا تقنيات مختلفه عشان يرفعوها،
زي مثلًا، إن هما يربطوا فيها أكياس رافعة كبيرة،,زي مثلًا، ان هما يربطوا فيها اكياس رافعه كبيره،
وينفخوها هوا زي البالونة،,وينفخوها هوا زي البالونه،
فبالتالي، تطفو على السطح،,فبالتالي، تطفو علي السطح،
بالطريقة دي، يا عزيزي، بينقذوا حوالي 900 قطعة،,بالطريقه دي، يا عزيزي، بينقذوا حوالي 900 قطعه،
في نفس الوقت اللي بيحصل فيه الإنقاذ والتقطيع،,في نفس الوقت اللي بيحصل فيه الانقاذ والتقطيع،
"كان لازم نجهّز المكان اللي هيستقبل المعبد، جزيرة ""أجيليكا""،","كان لازم نجهّز المكان اللي هيستقبل المعبد، جزيره ""اجيليكا""،"
دي، يا عزيزي، كانت جزيرة صخرية ليست مأهولة،,دي، يا عزيزي، كانت جزيره صخريه ليست ماهوله،
ولكن المهندسين المصريين والإيطاليين عملوا فيها تحول جذري،,ولكن المهندسين المصريين والايطاليين عملوا فيها تحول جذري،
فجّروا الصخور، وساووا الأرض ببعضها،,فجّروا الصخور، وساووا الارض ببعضها،
بنوا أساسات خرسانية ضخمة،,بنوا اساسات خرسانيه ضخمه،
أساسات هتشيل وزن المعابد اللي هتتبني عندها،,اساسات هتشيل وزن المعابد اللي هتتبني عندها،
"وعدّلوا شكل الجزيرة عشان تبقى شبه جزيرة ""فِيَلة"" الأصلية،","وعدّلوا شكل الجزيره عشان تبقي شبه جزيره ""فِيَله"" الاصليه،"
كأنهم، يا عزيزي، عملوا نسخة جديدة من المكان القديم،,كانهم، يا عزيزي، عملوا نسخه جديده من المكان القديم،
بس نسخة في أمان من الميّه ومن السد،,بس نسخه في امان من الميّه ومن السد،
وبكدا، بقينا جاهزين إننا ننقل أكتر من 40 ألف كتلة حجرية،,وبكدا، بقينا جاهزين اننا ننقل اكتر من 40 الف كتله حجريه،
كل حَجَر مترقّم، ومعروف مكانه الأصلي،,كل حَجَر مترقّم، ومعروف مكانه الاصلي،
وبسم الله، ما شاء الله، بمنتهى الدقة،,وبسم الله، ما شاء الله، بمنتهي الدقه،
بيتجمّع الحَجَر من جديد.,بيتجمّع الحَجَر من جديد.
وأخيرًا، بعد 8 سنين، سنة 1980،,واخيرًا، بعد 8 سنين، سنه 1980،
آخر معبد تم إنقاذه، اتفتح أمام الجمهور.,اخر معبد تم انقاذه، اتفتح امام الجمهور.
"والـ""يونيسكو"" أعلنت في 10 مارس 1980","وال""يونيسكو"" اعلنت في 10 مارس 1980"
"انتهاء ونجاح حملة إنقاذ آثار ""النوبة"" في ""مصر"" و""السودان""،","انتهاء ونجاح حمله انقاذ اثار ""النوبه"" في ""مصر"" و""السودان""،"
بتكلفة إجمالية وصلت لـ80 مليون دولار.,بتكلفه اجماليه وصلت ل80 مليون دولار.
اللي هما، يا عزيزي، تقريبًا 800 مليون دولار بقيمة النهاردة،,اللي هما، يا عزيزي، تقريبًا 800 مليون دولار بقيمه النهارده،
"""مصر""، يا عزيزي، دفعت نُص هذه التكلفة،","""مصر""، يا عزيزي، دفعت نُص هذه التكلفه،"
والباقي اشتركت فيه دوَل العالم،,والباقي اشتركت فيه دوَل العالم،
الدوَل، يا عزيزي، اللي مش بس شاركت بالفلوس،,الدوَل، يا عزيزي، اللي مش بس شاركت بالفلوس،
لأ، شاركت بالمجهود وبالعلماء.,لا، شاركت بالمجهود وبالعلماء.
"وزي، يا عزيزي، ما الشمس رجعت تتعامد على وجه ""رمسيس"" بعد آلاف السنين،","وزي، يا عزيزي، ما الشمس رجعت تتعامد علي وجه ""رمسيس"" بعد الاف السنين،"
"رجعت ""إيزيس"" تشرق من جديد في موطنها الجديد،","رجعت ""ايزيس"" تشرق من جديد في موطنها الجديد،"
"على جزيرة ""أجيليكا""،","علي جزيره ""اجيليكا""،"
وتم إنزال الستار عن واحدة من أعظم عمليات الإنقاذ في التاريخ،,وتم انزال الستار عن واحده من اعظم عمليات الانقاذ في التاريخ،
20 سنة، يا عزيزي، الإنسان كان بيسابق فيها الزمن،,20 سنه، يا عزيزي، الانسان كان بيسابق فيها الزمن،
بيحارب أهم مصدر من مصادر الحياة، الميّه،,بيحارب اهم مصدر من مصادر الحياه، الميّه،
عشان ينقذ حاجة من ماضيه، من تاريخه،,عشان ينقذ حاجه من ماضيه، من تاريخه،
20 سنة، يا عزيزي، أثبتت الإرادة البشرية,20 سنه، يا عزيزي، اثبتت الاراده البشريه
إنها لمّا بتتجمّع على هدف واحد، ما فيش مستحيل يقدر يقف قُدّامها،,انها لمّا بتتجمّع علي هدف واحد، ما فيش مستحيل يقدر يقف قُدّامها،
المهندسين والعمال وعلماء الآثار، اللي اتجمّعوا من كل دوَل العالم،,المهندسين والعمال وعلماء الاثار، اللي اتجمّعوا من كل دوَل العالم،
ما كانوش بينقذوا معابد أو مباني،,ما كانوش بينقذوا معابد او مباني،
لأ، دُول كانوا بينقذوا الذاكرة الإنسانية نفسها من الغرق،,لا، دُول كانوا بينقذوا الذاكره الانسانيه نفسها من الغرق،
"ونجاح نقل معبد ""أبو سمبل"" وكل المعابد، اللي اتكلمنا عنها،","ونجاح نقل معبد ""ابو سمبل"" وكل المعابد، اللي اتكلمنا عنها،"
كانت بداية لفكرة جديدة،,كانت بدايه لفكره جديده،
"إن فيه أماكن على ""الأرض""، مش مهمة للدول اللي هي فيها بس،","ان فيه اماكن علي ""الارض""، مش مهمه للدول اللي هي فيها بس،"
لأ، دي مهمة لينا كلنا كبشر،,لا، دي مهمه لينا كلنا كبشر،
"ودا، يا عزيزي، اللي خلّى الـ""يونيسكو"" سنة 1972","ودا، يا عزيزي، اللي خلّي ال""يونيسكو"" سنه 1972"
"تعمل ""اتفاقية التراث العالمي""،","تعمل ""اتفاقيه التراث العالمي""،"
"النداء اللي أنقذ ""النوبة"" قبل كدا، رجع تاني، وأنقذ أماكن كتير مهمة،","النداء اللي انقذ ""النوبه"" قبل كدا، رجع تاني، وانقذ اماكن كتير مهمه،"
"زي مثلًا، مدينة ""فينيسيا""، اللي كانت هتغرق،","زي مثلًا، مدينه ""فينيسيا""، اللي كانت هتغرق،"
"ومعبد ""بوربودور"" في ""إندونيسيا""،","ومعبد ""بوربودور"" في ""اندونيسيا""،"
"و""الأكروبول"" في ""اليونان"".","و""الاكروبول"" في ""اليونان""."
في النهاية، يا عزيزي، كل موقع تراث عالمي بنزوره النهاردة,في النهايه، يا عزيزي، كل موقع تراث عالمي بنزوره النهارده
"هو ابن للمعجزة اللي حصلت على أرض ""النوبة""،","هو ابن للمعجزه اللي حصلت علي ارض ""النوبه""،"
بس كدا، يا عزيزي. أخيرًا، وليس آخرًا،,بس كدا، يا عزيزي. اخيرًا، وليس اخرًا،
ما تنساش تشوف الحلقات اللي فاتت، تشوف الحلقات الجاية،,ما تنساش تشوف الحلقات اللي فاتت، تشوف الحلقات الجايه،
"تنزل تبص على المصادر، لو احنا على الـ""يوتيوب""، نشترك على القناة.","تنزل تبص علي المصادر، لو احنا علي ال""يوتيوب""، نشترك علي القناه."
بابا، بابا، بابا،,بابا، بابا، بابا،
هو احنا جينا ازاي؟,هو احنا جينا ازاي؟
"لأ، دا السؤال بتاع امبارح، افتح موضوع جديد يا ""ميدو""، أنا مش ناقص!","لا، دا السوال بتاع امبارح، افتح موضوع جديد يا ""ميدو""، انا مش ناقص!"
طيب، الشمس هتفضل منوّرة لحد امتى؟,طيب، الشمس هتفضل منوّره لحد امتي؟
لحد نهاية الكون، وبعد كدا، هتنطفي هي كمان.,لحد نهايه الكون، وبعد كدا، هتنطفي هي كمان.
- هو الكون هينتهي؟ - أيوة.,- هو الكون هينتهي؟ - ايوه.
- ليه؟! - عشان كُل حاجة بتنتهي.,- ليه - عشان كُل حاجه بتنتهي.
- ليه؟! - عشان الفيزيا بتقول كدا.,- ليه - عشان الفيزيا بتقول كدا.
- ليه؟! - عشان الفيزيا رياضة تطبيقية،,- ليه - عشان الفيزيا رياضه تطبيقيه،
والرياضة فلسفة تطبيقية، والفلاسفة قالوا كدا.,والرياضه فلسفه تطبيقيه، والفلاسفه قالوا كدا.
- ليه؟! - عشان كانوا فاضيين وفي (اليونان) و...,- ليه - عشان كانوا فاضيين وفي اليونان و
بطّل تسأل ليه! خلاص، غيّر أسئلتك!,بطّل تسال ليه! خلاص، غيّر اسيلتك!
يعني انت وماما كمان هتنتهوا مع الكون؟,يعني انت وماما كمان هتنتهوا مع الكون؟
أيوة، كلُّه هينتهي،,ايوه، كلُّه هينتهي،
بابا وماما وجدّو وعمتو وخالو.,بابا وماما وجدّو وعمتو وخالو.
- ليه؟! - عشان الأحياء بتسمع كلام الفيزيا برضه.,- ليه - عشان الاحياء بتسمع كلام الفيزيا برضه.
إيه؟ إيه؟ إيه؟!,ايه؟ ايه؟ ايه
فيه إيه؟! بتعيّط ليه ياد انت؟!,فيه ايه بتعيّط ليه ياد انت
- بابا... - هش!,- بابا - هش!
قالّي: كُل حاجة هتنتهي،,قالّي: كُل حاجه هتنتهي،
والشمس هتنتهي،,والشمس هتنتهي،
وخالو هينتهي!,وخالو هينتهي!
كذّاب والله!,كذّاب والله!
أنا قُلتله: الشمس هتنطفي،,انا قُلتله: الشمس هتنطفي،
لأن هي غاز بيتحرق، فلمّا يخلص، هينطفي.,لان هي غاز بيتحرق، فلمّا يخلص، هينطفي.
حتى بعدها، هيحصل عصر جليدي،,حتي بعدها، هيحصل عصر جليدي،
وبعد كدا بقى، خالو ينتهي!,وبعد كدا بقي، خالو ينتهي!
"عادي يعني يا ""عفاف""، دي قوانين فيزيا، الواد ما بقاش صغير.","عادي يعني يا ""عفاف""، دي قوانين فيزيا، الواد ما بقاش صغير."
لأ، الولد صغير،,لا، الولد صغير،
وأنا قُلت 100 مرة ما تكلمش الولد على الفناء الكوني!,وانا قُلت 100 مره ما تكلمش الولد علي الفناء الكوني!
لأ، معلش، دا من حقي،,لا، معلش، دا من حقي،
أنا من ساعة الخطوبة وأنا متفق مع أهلك،,انا من ساعه الخطوبه وانا متفق مع اهلك،
إن لمّا أحب أفتح موضوع نهاية الكون،,ان لمّا احب افتح موضوع نهايه الكون،
أتكلم براحتي، طول ما احنا مش قُدّام الناس.,اتكلم براحتي، طول ما احنا مش قُدّام الناس.
اسكت!,اسكت!
تعالى يا حبيبي، خلاص، ما تعيّطش،,تعالي يا حبيبي، خلاص، ما تعيّطش،
أنا هآخدك أحكيلك على الأكوان المتعددة،,انا هاخدك احكيلك علي الاكوان المتعدده،
وخالو موجود كتير.,وخالو موجود كتير.
يلّا، تعالى، تعالى، تعالى.,يلّا، تعالي، تعالي، تعالي.
أعزائي المشاهدين، السلام عليكم ورحمة الله وبركاته،,اعزايي المشاهدين، السلام عليكم ورحمه الله وبركاته،
"أهلًا بكم في حلقة جديدة، من برنامج ""الدحّيح""!","اهلًا بكم في حلقه جديده، من برنامج ""الدحّيح""!"
"خلّيني آخدك إلى قصر ""الفاتيكان""،","خلّيني اخدك الي قصر ""الفاتيكان""،"
ونبُص ونشوف إحدى أشهر الجداريات في تاريخ الفن،,ونبُص ونشوف احدي اشهر الجداريات في تاريخ الفن،
"جدارية مدرسة ""أثينا""،","جداريه مدرسه ""اثينا""،"
"اللي رسمها الفنان الإيطالي ""رافاييل"" في بداية القرن الـ16،","اللي رسمها الفنان الايطالي ""رافاييل"" في بدايه القرن ال16،"
دي لوحة بتضم أشهر الفلاسفة وعلماء العصور القديمة،,دي لوحه بتضم اشهر الفلاسفه وعلماء العصور القديمه،
"بنشوف فيها ""فيثاغورس""، ""إقليدس""، ""هيراقليطس"".","بنشوف فيها ""فيثاغورس""، ""اقليدس""، ""هيراقليطس""."
ولكن، بالنسبالي يعني، أهم جزء في اللوحة هو هذا المشهد،,ولكن، بالنسبالي يعني، اهم جزء في اللوحه هو هذا المشهد،
"المشهد اللي بيجمع بين ""أفلاطون"" و""أرسطو""،","المشهد اللي بيجمع بين ""افلاطون"" و""ارسطو""،"
"""أفلاطون"" على الشِمال بيشاور بصباعه للسما،","""افلاطون"" علي الشِمال بيشاور بصباعه للسما،"
"و""أرسطو"" على اليمين بيشاور بإيده للأرض،","و""ارسطو"" علي اليمين بيشاور بايده للارض،"
إشارتين في اتجاهين مختلفين،,اشارتين في اتجاهين مختلفين،
دُول بيجسّدوا بالفن واحد من أهم الاختلافات في تاريخ الفلسفة.,دُول بيجسّدوا بالفن واحد من اهم الاختلافات في تاريخ الفلسفه.
"""أفلاطون"" بيشاور لفوق على ما يُسمّى بـ""عالَم المُثُل العليا""،","""افلاطون"" بيشاور لفوق علي ما يُسمّي ب""عالَم المُثُل العليا""،"
"دا في فلسفة ""أفلاطون"" هو عالَم مثالي غير محسوس،","دا في فلسفه ""افلاطون"" هو عالَم مثالي غير محسوس،"
كل حاجة في هذا العالَم في حالة كمال، perfection،,كل حاجه في هذا العالَم في حاله كمال، ،
عالَمنا الأرضي مجرد انعكاس ليه،,عالَمنا الارضي مجرد انعكاس ليه،
واتخلق كصورة ناقصة للعالَم البعيد اللي فوق دا.,واتخلق كصوره ناقصه للعالَم البعيد اللي فوق دا.
"اللي يهمنا في هذه الفكرة، فكرة ""اتخلق""،","اللي يهمنا في هذه الفكره، فكره ""اتخلق""،"
إن العالَم بتاعنا لم يكُن موجود، وفي لحظة اتوجد.,ان العالَم بتاعنا لم يكُن موجود، وفي لحظه اتوجد.
في آخر أيام القرن الرابع قبل الميلاد،,في اخر ايام القرن الرابع قبل الميلاد،
"بيدخل ""أرسطو"" على طلاب مدرسة الـ""ليسيوم"" في ""أثينا""،","بيدخل ""ارسطو"" علي طلاب مدرسه ال""ليسيوم"" في ""اثينا""،"
ويبدأ بقى يجادلهم بفكرة أغرب بكتير،,ويبدا بقي يجادلهم بفكره اغرب بكتير،
"أغرب كمان من كلام أستاذه ""أفلاطون""،","اغرب كمان من كلام استاذه ""افلاطون""،"
"هيلخّصها، يا عزيزي، في جُملة بتقول: ""الطبيعة لا تحتمل الفراغ""،","هيلخّصها، يا عزيزي، في جُمله بتقول: ""الطبيعه لا تحتمل الفراغ""،"
الطبيعة تكره الفراغ!,الطبيعه تكره الفراغ!
"""دا معناه إيه يا (أبو حميد)؟! معلش، أنا متلخبط!""","""دا معناه ايه يا ابو حميد معلش، انا متلخبط!"""
بمعنى إن ما فيش لحظة,بمعني ان ما فيش لحظه
ممكن أي شيء في الكون يتفرّغ من مادته ويصبح عدم،,ممكن اي شيء في الكون يتفرّغ من مادته ويصبح عدم،
ما فيش حاجة اسمها كان فيه عدم، ثم الكون اتخلق،,ما فيش حاجه اسمها كان فيه عدم، ثم الكون اتخلق،
ولا فيه لحظة الكون هيفنى، وبعد كدا، ييجي عدم،,ولا فيه لحظه الكون هيفني، وبعد كدا، ييجي عدم،
بمعنى إن There's no beginning، و There's no end.,بمعني ان ' ، و ' .
"عشان كدا، بنشوف ""أرسطو"" في هذه اللوحة بيشاور بإيده على الأرض،","عشان كدا، بنشوف ""ارسطو"" في هذه اللوحه بيشاور بايده علي الارض،"
عشان يقول إن الكون معمول من مادة أزلية،,عشان يقول ان الكون معمول من ماده ازليه،
بلا بداية، بلا نهاية.,بلا بدايه، بلا نهايه.
اللوحة، يا عزيزي، جسّدت الفكرتين دُول جنب بعض،,اللوحه، يا عزيزي، جسّدت الفكرتين دُول جنب بعض،
ولكن أنهي واحدة فيهم يا ترى اللي هتنتصر؟,ولكن انهي واحده فيهم يا تري اللي هتنتصر؟
"في البداية، طلبة ""أرسطو"" بيتصدموا جدًا من هذه الفكرة،","في البدايه، طلبه ""ارسطو"" بيتصدموا جدًا من هذه الفكره،"
"""إيه اللي انت بتقوله دا يا عم (أرسطو)؟!""","""ايه اللي انت بتقوله دا يا عم ارسطو """
"الله! دي فكرة بتخالف كل كلام فلاسفة ""اليونان""،","الله! دي فكره بتخالف كل كلام فلاسفه ""اليونان""،"
"وأولهم أستاذه ""أفلاطون""!","واولهم استاذه ""افلاطون""!"
"ولكن بالتدريج، الفكرة بتاعة ""أرسطو""","ولكن بالتدريج، الفكره بتاعه ""ارسطو"""
بتبدأ واحدة واحدة تهيمن على الفلسفة,بتبدا واحده واحده تهيمن علي الفلسفه
وعلى العلماء، لمدة أد إيه؟ 2000 سنة.,وعلي العلماء، لمده اد ايه؟ 20 سنه.
دي فكرة هتخلق أعداء في كل مكان،,دي فكره هتخلق اعداء في كل مكان،
"زي مثلًا رجال الدين في ""أوروبا""،","زي مثلًا رجال الدين في ""اوروبا""،"
رجال الدين في العالم الإسلامي،,رجال الدين في العالم الاسلامي،
"اللي هيرفضوا فكرة ""أرسطو""، وهيسمّوها ""قِدَم العالَم""،","اللي هيرفضوا فكره ""ارسطو""، وهيسمّوها ""قِدَم العالَم""،"
العالَم له بداية، لأن الكون في الأديان مخلوق.,العالَم له بدايه، لان الكون في الاديان مخلوق.
ولكن الفكرة برضه هتلاقي أنصار نِفسهم هذه الفكرة تطلع صح،,ولكن الفكره برضه هتلاقي انصار نِفسهم هذه الفكره تطلع صح،
زي مثلًا الخيمائيين، الـalcemists،,زي مثلًا الخيماين، ال ،
اللي حلموا إن هُما يحوّلوا المعادن الرخيصة لدهب.,اللي حلموا ان هُما يحوّلوا المعادن الرخيصه لدهب.
"خُد بالك، فكرة ""أرسطو"" بتعتمد إن مادة الكون هي عنصر أساسي وثابت،","خُد بالك، فكره ""ارسطو"" بتعتمد ان ماده الكون هي عنصر اساسي وثابت،"
المادة دي ليها صور كتير،,الماده دي ليها صور كتير،
وبتتغيّر من صورة للتانية،,وبتتغيّر من صوره للتانيه،
ودا زوّد أملهم إن معادن زي الدهب والصفيح مجرد صور لمادة ثابتة،,ودا زوّد املهم ان معادن زي الدهب والصفيح مجرد صور لماده ثابته،
وبالتالي بقى، نقدر نحوّل الصفيح بتاعنا لدهب!,وبالتالي بقي، نقدر نحوّل الصفيح بتاعنا لدهب!
أزلية العالَم وقِدَمه,ازليه العالَم وقِدَمه
بتفضل، يا عزيزي، لوقت طويل معضلة فلسفية شاغلة العلماء والمفكرين،,بتفضل، يا عزيزي، لوقت طويل معضله فلسفيه شاغله العلماء والمفكرين،
وطبعًا، في هذه العصور، صعب إننا نفنّدها بطرُق علمية تأكدلنا مين فيهم صح،,وطبعًا، في هذه العصور، صعب اننا نفنّدها بطرُق علميه تاكدلنا مين فيهم صح،
ناس هتفضل مصدّقة إن الكون اتخلق، وهييجي يوم وينتهي،,ناس هتفضل مصدّقه ان الكون اتخلق، وهييجي يوم وينتهي،
وناس تانية هتفضل مصدّقة إن الكون أزلي بلا بداية، وأبدي بلا نهاية،,وناس تانيه هتفضل مصدّقه ان الكون ازلي بلا بدايه، وابدي بلا نهايه،
ولكن، يا عزيزي، في نهاية القرن الـ20 كل دا هيتغيّر.,ولكن، يا عزيزي، في نهايه القرن ال20 كل دا هيتغيّر.
في يوم 6 أكتوبر 1923،,في يوم 6 اكتوبر 1923،
"بنروح قمة جبل ""ويلسون"" في ""كاليفورنيا""،","بنروح قمه جبل ""ويلسون"" في ""كاليفورنيا""،"
"الجبل دا عليه تليسكوب اسمه ""هوكر""،","الجبل دا عليه تليسكوب اسمه ""هوكر""،"
دا كان أكبر تليسكوب في العالم وقتها،,دا كان اكبر تليسكوب في العالم وقتها،
دا، بسم الله، ما شاء الله، بيقدر يرصد النجوم في أي مكان,دا، بسم الله، ما شاء الله، بيقدر يرصد النجوم في اي مكان
"في مجرتنا، مجرة ""درب التبانة"".","في مجرتنا، مجره ""درب التبانه""."
في هذا اليوم، بيوصل هذا المرصد شاب أمريكي فلكي،,في هذا اليوم، بيوصل هذا المرصد شاب امريكي فلكي،
جاي ياخد صورة روتينية لتجمع سحابي حلزوني الشكل،,جاي ياخد صوره روتينيه لتجمع سحابي حلزوني الشكل،
رمزه M31،,رمزه 31،
زي أي شاب عادي طبيعي بيرصد الحاجات جوا مجرتنا.,زي اي شاب عادي طبيعي بيرصد الحاجات جوا مجرتنا.
لكنه، يا عزيزي، بيلاحظ حاجة غريبة جدًا،,لكنه، يا عزيزي، بيلاحظ حاجه غريبه جدًا،
الصور اللي لقطها النهاردة مختلفة عن الصور اللي لقطها آخر يومين،,الصور اللي لقطها النهارده مختلفه عن الصور اللي لقطها اخر يومين،
فيه نجم في الصورة ما طلعش نجم طبيعي، Nova،,فيه نجم في الصوره ما طلعش نجم طبيعي، ،
من اللي بينوّروا لفترة معيّنة، وبعد كدا، يطفي تمامًا،,من اللي بينوّروا لفتره معيّنه، وبعد كدا، يطفي تمامًا،
النجم دا مختلف خالص،,النجم دا مختلف خالص،
"بيسميه الفلكيين ""متغير سيفيد""، Cepheid Varaible.","بيسميه الفلكيين ""متغير سيفيد""، ."
النجم دا، يا عزيزي، يُعتبر علامة في دراسة الفضاء،,النجم دا، يا عزيزي، يُعتبر علامه في دراسه الفضاء،
ليه؟ لأنه بينوّر وبيطفي بشكل منتظم،,ليه؟ لانه بينوّر وبيطفي بشكل منتظم،
كأنه، يا عزيزي، بيدّي نبضات، pulses.,كانه، يا عزيزي، بيدّي نبضات، .
ساعتها، الفلكي دا بيقوم ماسك القلم ويشطب على الرمز بتاع الـN،,ساعتها، الفلكي دا بيقوم ماسك القلم ويشطب علي الرمز بتاع ال ،
اللي هو إيه؟ من Nova، اختصار لـNova،,اللي هو ايه؟ من ، اختصار ل ،
وبيضيف مكانها VAR، variable، أو متغيّر،,وبيضيف مكانها ، ، او متغيّر،
"خلّيني طبعًا أقولّك إن هذا الشاب الفلكي هو العالِم المعروف ""إدوين هابل""،","خلّيني طبعًا اقولّك ان هذا الشاب الفلكي هو العالِم المعروف ""ادوين هابل""،"
"اللي اتسمّى على اسمه تليسكوب ""هابل"" الفضائي،","اللي اتسمّي علي اسمه تليسكوب ""هابل"" الفضايي،"
اللي قدّملنا أهم صور للكون.,اللي قدّملنا اهم صور للكون.
"الصورة اللي صورها ""إدوين"" دي واللي هتاخد رمز H335H،","الصوره اللي صورها ""ادوين"" دي واللي هتاخد رمز 335 ،"
هتبقى أشهر صورة فلكية في التاريخ.,هتبقي اشهر صوره فلكيه في التاريخ.
"""ياه يا (أبو حميد)! للدرجادي؟!""","""ياه يا ابو حميد ! للدرجادي """
وأكتر، يا عزيزي، خلّيني أشرحلك.,واكتر، يا عزيزي، خلّيني اشرحلك.
"""هابل"" لمّا اكتشف متغير السيفيد دا في التجمع السحابي،","""هابل"" لمّا اكتشف متغير السيفيد دا في التجمع السحابي،"
قدِر يحسب عدد الـpulses بتاعته،,قدِر يحسب عدد ال بتاعته،
وقدِر يعرف فترات الإضاءة بين كل نبضة والتانية،,وقدِر يعرف فترات الاضاءه بين كل نبضه والتانيه،
ومنها، حدد شِدة إضاءة النجم المتغير،,ومنها، حدد شِده اضاءه النجم المتغير،
"دا وصّله إنه يقدر يحدد مدى بُعد هذا النجم عن كوكب ""الأرض"".","دا وصّله انه يقدر يحدد مدي بُعد هذا النجم عن كوكب ""الارض""."
"""عمل ازاي كدا يا (أبو حميد)؟! بالورقة والقلم؟!""","""عمل ازاي كدا يا ابو حميد بالورقه والقلم """
عزيزي المُشاهد، حسابات النجوم في هذه الفترة لم تكُن حسابات إعجازية،,عزيزي المُشاهد، حسابات النجوم في هذه الفتره لم تكُن حسابات اعجازيه،
كانت معروفة ومتاحة،,كانت معروفه ومتاحه،
"ودا كان بفضل الفلكية ""هينيريتا سوان ليفيت""،","ودا كان بفضل الفلكيه ""هينيريتا سوان ليفيت""،"
ومجموعتها من الباحثين اللي اتسمّوا بالـHarvard Computers،,ومجموعتها من الباحثين اللي اتسمّوا بال ،
لم يكُن هناك جهاز كمبيوتر،,لم يكُن هناك جهاز كمبيوتر،
"ولكن لفظ ""كمبيوتر"" دا كان بيُطلق على الناس اللي بتحسب،","ولكن لفظ ""كمبيوتر"" دا كان بيُطلق علي الناس اللي بتحسب،"
أي واحد وظيفته إن هو يعمل معالجات حسابية بشكل يدوي، بإيديه.,اي واحد وظيفته ان هو يعمل معالجات حسابيه بشكل يدوي، بايديه.
"المهم، ""هابل"" بيحدد أخيرًا بُعد النجم عن ""الأرض""،","المهم، ""هابل"" بيحدد اخيرًا بُعد النجم عن ""الارض""،"
"باستخدام حسابات ""هينيريتا""، زي ما قُلتلك،","باستخدام حسابات ""هينيريتا""، زي ما قُلتلك،"
"وإذا بيه بيكتشف إن هذا النجم ييبعُد عن ""الأرض"" 800 ألف سنة ضوئية.","واذا بيه بيكتشف ان هذا النجم ييبعُد عن ""الارض"" 800 الف سنه ضوييه."
"خُد بالك، قُطر مجرة ""درب التبانة"" حوالي 100 ألف سنة ضوئية،","خُد بالك، قُطر مجره ""درب التبانه"" حوالي 100 الف سنه ضوييه،"
"هنا، ""هابل"" بيدرك إن هذا النجم في مجرّة تانية خالص برة مجرتنا،","هنا، ""هابل"" بيدرك ان هذا النجم في مجرّه تانيه خالص بره مجرتنا،"
في المستقبل، هنعرف إن المجرة اللي فيها هذا النجم,في المستقبل، هنعرف ان المجره اللي فيها هذا النجم
"هي مجرة ""أندروميدا""،","هي مجره ""اندروميدا""،"
وإن المسافة مش 800 ألف سنة ضوئية،,وان المسافه مش 800 الف سنه ضوييه،
لا، دي بتوصل لـ2 مليون ونُص سنة ضوئية،,لا، دي بتوصل ل2 مليون ونُص سنه ضوييه،
بمعنى إن الضوء محتاج 2.5 مليون سنة,بمعني ان الضوء محتاج 2.5 مليون سنه
عشان يعدّي هذه الـdistance.,عشان يعدّي هذه ال .
أهمية هذه اللحظة إن دا كان أول مرة في التاريخ,اهميه هذه اللحظه ان دا كان اول مره في التاريخ
يعرف فيها البشر،,يعرف فيها البشر،
واضح كدا إن فيه مجرات تانية في الكون برة المجرة بتاعتنا،,واضح كدا ان فيه مجرات تانيه في الكون بره المجره بتاعتنا،
"وبسببها، هيُطلق على ""إدوين هابل"" ""الرجُل الذي اكتشف الكون""،","وبسببها، هيُطلق علي ""ادوين هابل"" ""الرجُل الذي اكتشف الكون""،"
The man who discovered the universe!,!
"سنة 1929، بيبدأ ""هابل"" يدرس 12 مجرة برة مجرتنا،","سنه 1929، بيبدا ""هابل"" يدرس 12 مجره بره مجرتنا،"
وبيلاحظ كدا إن أغلب الضوء اللي طالع من هذه الكيانات,وبيلاحظ كدا ان اغلب الضوء اللي طالع من هذه الكيانات
بيميل كدا للاحمرار، مِحمِرّ.,بيميل كدا للاحمرار، مِحمِرّ.
"""ما يمكن يا (أبو حميد) مكسوف!""","""ما يمكن يا ابو حميد مكسوف!"""
يا عزيزي، المجرات ما بتتكسفش، القمر هو اللي بيتكسف!,يا عزيزي، المجرات ما بتتكسفش، القمر هو اللي بيتكسف!
فممكن، لو سمحت، تتكسف؟!,فممكن، لو سمحت، تتكسف
الأحمر دا، يا عزيزي، كان له معنى تاني،,الاحمر دا، يا عزيزي، كان له معني تاني،
"بيطبّق هنا ""هابل"" ما يُعرف بالـDoppler Effect،","بيطبّق هنا ""هابل"" ما يُعرف بال ،"
ودا يقدر يشرحلنا التغيير في التردد في ضوء الأجرام السماوية،,ودا يقدر يشرحلنا التغيير في التردد في ضوء الاجرام السماويه،
اللي بشكل أو بآخر بيعكس إن، لا مؤاخذة، فيه حركة،,اللي بشكل او باخر بيعكس ان، لا مواخذه، فيه حركه،
بمعنى إن لو النجوم بتقرّب، الأطوال الموجية بتبقى قصيرة،,بمعني ان لو النجوم بتقرّب، الاطوال الموجيه بتبقي قصيره،
وبتقرّب للون الأزرق،,وبتقرّب للون الازرق،
ولو بتبعد، تبدأ الخطوط دي تبقى مفرودة كدا،,ولو بتبعد، تبدا الخطوط دي تبقي مفروده كدا،
فتميل للون الأحمر، red shift.,فتميل للون الاحمر، .
"بكدا، بيكتشف ""هابل"" إن المجرات اللي شافها بضوئها الأحمر","بكدا، بيكتشف ""هابل"" ان المجرات اللي شافها بضويها الاحمر"
"بتتحرك وبتبعد عن ""الأرض""،","بتتحرك وبتبعد عن ""الارض""،"
"وبتبعد عن مجرة ""درب التبانة"" بالكامل.","وبتبعد عن مجره ""درب التبانه"" بالكامل."
كمان، لاحظ إن كل ما المجرات بتبقى أبعد عن مجرتنا،,كمان، لاحظ ان كل ما المجرات بتبقي ابعد عن مجرتنا،
كل ما بتكون سرعة حركتها أكبر وأكبر.,كل ما بتكون سرعه حركتها اكبر واكبر.
عشان تفهم أكتر، يا عزيزي، تخيل إن الكون بالونة،,عشان تفهم اكتر، يا عزيزي، تخيل ان الكون بالونه،
على سطح هذه البالونة فيه مجموعة نُقَط، كل نقطة بتمثل مجرة،,علي سطح هذه البالونه فيه مجموعه نُقَط، كل نقطه بتمثل مجره،
لمّا تيجي تنفخ في البالونة...,لمّا تيجي تنفخ في البالونه
هتلاقي النُقَط دي بتبعد عن بعضها،,هتلاقي النُقَط دي بتبعد عن بعضها،
ولكن مش بيبعدوا بسرعة واحدة،,ولكن مش بيبعدوا بسرعه واحده،
النُقَط اللي بتبقى في المحيط الخارجي من البالونة,النُقَط اللي بتبقي في المحيط الخارجي من البالونه
وأبعد ما يكون عن مركزها،,وابعد ما يكون عن مركزها،
بتبعد أسرع من النقط الأقرب للمركز.,بتبعد اسرع من النقط الاقرب للمركز.
"""(أبو حميد)، لا مؤاخذة، أنا مش فاهم!",""" ابو حميد ، لا مواخذه، انا مش فاهم!"
إيه علاقة دا ببداية الكون ونهايته وموضوع (أرسطو)؟!,ايه علاقه دا ببدايه الكون ونهايته وموضوع ارسطو
هل انت مظبّط حد في (اليونان) مثلًا,هل انت مظبّط حد في اليونان مثلًا
"فعايز تقول أسامي، بتحاول تـDrop their names!""","فعايز تقول اسامي، بتحاول ت !"""
يا عزيزي، اصبر عليا، هتفهم كل حاجة.,يا عزيزي، اصبر عليا، هتفهم كل حاجه.
"اكتشافات ""هابل"" هيعتمد عليها الفيزيائي البلجيكي ""جورجز ليميت""،","اكتشافات ""هابل"" هيعتمد عليها الفيزيايي البلجيكي ""جورجز ليميت""،"
وهيقدمها لأول مرة في فكرة Universe Expansion،,وهيقدمها لاول مره في فكره ،
"""جورجز"" هيقول إن لو الكون بيتوسّع بانتظام مع الزمن،","""جورجز"" هيقول ان لو الكون بيتوسّع بانتظام مع الزمن،"
زي مثال البالونة، اللي قُلتهولك كدا مثلًا،,زي مثال البالونه، اللي قُلتهولك كدا مثلًا،
فلو لو لو لو لو رجعنا بالزمن للحظة البداية،,فلو لو لو لو لو رجعنا بالزمن للحظه البدايه،
هنقدر نشوف اللحظة اللي الكون فيها كان أد كداهو،,هنقدر نشوف اللحظه اللي الكون فيها كان اد كداهو،
اللحظة اللي بيتولد فيها الكون.,اللحظه اللي بيتولد فيها الكون.
"آه، شُفت، يا عزيزي، كلمة ""بيتولد"" دي؟","اه، شُفت، يا عزيزي، كلمه ""بيتولد"" دي؟"
يعني هنا، الكون له بداية،,يعني هنا، الكون له بدايه،
"على عكس كلام ""أرسطو""،","علي عكس كلام ""ارسطو""،"
بدايته لحظة نفخ البالونة،,بدايته لحظه نفخ البالونه،
اللحظة اللي بيكون فيها الكون في أصغر شكل ممكن،,اللحظه اللي بيكون فيها الكون في اصغر شكل ممكن،
"واللي هتتسمى بعد كدا بفكرة ""الانفجار العظيم""،","واللي هتتسمي بعد كدا بفكره ""الانفجار العظيم""،"
للمفارقة، اللحظة اللي بيتوصّل فيها العِلم لفكرة عن بداية الكون،,للمفارقه، اللحظه اللي بيتوصّل فيها العِلم لفكره عن بدايه الكون،
هيتم استرجاع معاها فكرة أهم، وهي نهاية الكون،,هيتم استرجاع معاها فكره اهم، وهي نهايه الكون،
"للمفارقة، يا عزيزي، ""جورجز لاميت"" دا كان رجُل دين،","للمفارقه، يا عزيزي، ""جورجز لاميت"" دا كان رجُل دين،"
مع كونه فيزيائي يعني.,مع كونه فيزيايي يعني.
اتساع الكون خلال الزمن,اتساع الكون خلال الزمن
زي ما جاب فرضية ميلاده من الانفجار العظيم،,زي ما جاب فرضيه ميلاده من الانفجار العظيم،
استدعى فرضية قديمة كدا في القرن الـ19،,استدعي فرضيه قديمه كدا في القرن ال19،
"اسم هذه الفرضية ""الموت الحراري""، Heat Death.","اسم هذه الفرضيه ""الموت الحراري""، ."
الفرضية دي هي نتيجة منطقية لواحد من أهم قوانين الفيزيا،,الفرضيه دي هي نتيجه منطقيه لواحد من اهم قوانين الفيزيا،
The Second Law of Thermodynamics.,.
لو افترضنا، يا عزيزي، إن احنا عندنا مُكّعبين زجاجيين،,لو افترضنا، يا عزيزي، ان احنا عندنا مُكّعبين زجاجيين،
الأول فيه غاز درجة حرارته مرتفعة وجزيئاته حركتها نشيطة،,الاول فيه غاز درجه حرارته مرتفعه وجزيياته حركتها نشيطه،
والتاني درجة حرارته منخفضة وجزيئاته غير نشطة.,والتاني درجه حرارته منخفضه وجزيياته غير نشطه.
لو جينا، يا عزيزي، وصّلنا بين المُكّعبين دُول،,لو جينا، يا عزيزي، وصّلنا بين المُكّعبين دُول،
هنلاحظ إن درجة الحرارة في المكعب اللي فيه الغاز اللي درجة حرارته سُخنة ونشط,هنلاحظ ان درجه الحراره في المكعب اللي فيه الغاز اللي درجه حرارته سُخنه ونشط
بتبدأ تقِلّ، تنخفض،,بتبدا تقِلّ، تنخفض،
بينما درجة الحرارة للي فيه الغاز البارد، اللي مش نشط أوي، بتبدأ ترتفع،,بينما درجه الحراره للي فيه الغاز البارد، اللي مش نشط اوي، بتبدا ترتفع،
ودا، يا عزيزي، بيفضل يستمر كدا لحد ما درجات الحرارة تتساوى بين المكعبين،,ودا، يا عزيزي، بيفضل يستمر كدا لحد ما درجات الحراره تتساوي بين المكعبين،
القانون التاني للديناميكا الحرارية بيشرح العملية الفيزيائية دي بالكامل،,القانون التاني للديناميكا الحراريه بيشرح العمليه الفيزياييه دي بالكامل،
وبيقول، في حالة وجود أنظمة منعزلة،,وبيقول، في حاله وجود انظمه منعزله،
يعني ما فيش أي عامل خارجي ممكن يأثّر عليها،,يعني ما فيش اي عامل خارجي ممكن ياثّر عليها،
فالطاقة هتنتقل من النظام الأعلى في درجة الحرارة,فالطاقه هتنتقل من النظام الاعلي في درجه الحراره
للنظام الأقل في درجة الحرارة.,للنظام الاقل في درجه الحراره.
وهنا، يا عزيزي، يجب إن أنا أعرّفك بمصطلح الـEntropy،,وهنا، يا عزيزي، يجب ان انا اعرّفك بمصطلح ال ،
دا ببساطة هو درجة الفوضى والتحول، اللي بتحصل في أي نظام فيزيائي،,دا ببساطه هو درجه الفوضي والتحول، اللي بتحصل في اي نظام فيزيايي،
دا الـEntropy، خلّيني أشرحلك.,دا ال ، خلّيني اشرحلك.
انتقال الطاقة في التجربة، اللي حكيتلك عنها دي،,انتقال الطاقه في التجربه، اللي حكيتلك عنها دي،
بيستمر لحد ما الـEntropy توصل لأعلى نقطة،,بيستمر لحد ما ال توصل لاعلي نقطه،
الفوضى توصل لأعلى نقطة، Maximum Entropy،,الفوضي توصل لاعلي نقطه، ،
ساعتها، في هذه اللحظة،,ساعتها، في هذه اللحظه،
بتحصل حالة من التعادل بين النظامين في درجات الحرارة،,بتحصل حاله من التعادل بين النظامين في درجات الحراره،
ويستحيل، يستحيل إن انت تعكس هذه الـprocess،,ويستحيل، يستحيل ان انت تعكس هذه ال ،
إلا لو حطّيت energy، عملت تغيير خارجي.,الا لو حطّيت ، عملت تغيير خارجي.
لو لاحظت، هتلاقي إن القانون التاني للديناميكا الحرارية,لو لاحظت، هتلاقي ان القانون التاني للديناميكا الحراريه
من القوانين القليلة جدًا في عالم الفيزيا,من القوانين القليله جدًا في عالم الفيزيا
اللي بنلاقي فيها ظهور مشرّف ومهم للزمن.,اللي بنلاقي فيها ظهور مشرّف ومهم للزمن.
بمعنى، عشان انت مش فاهم أكيد، لأن أنا مش فاهم!,بمعني، عشان انت مش فاهم اكيد، لان انا مش فاهم!
في القانون دا، يا عزيزي، المادة بتتحوّل من حالة إلى حالة،,في القانون دا، يا عزيزي، الماده بتتحوّل من حاله الي حاله،
بس من غير ما الزمن يرجع أو يحصل أي reverse،,بس من غير ما الزمن يرجع او يحصل اي ،
اللي عايز أقوله، يا عزيزي، إن عادةً في الفيزيا,اللي عايز اقوله، يا عزيزي، ان عادهً في الفيزيا
العمليات الفيزيائية عمليات agnostic،,العمليات الفيزياييه عمليات ،
لا تؤمن بفكرة الوقت،,لا تومن بفكره الوقت،
عنصر الوقت دا مش مهم،,عنصر الوقت دا مش مهم،
مش لازم تتحرك في ناحية واحدة في الزمن.,مش لازم تتحرك في ناحيه واحده في الزمن.
دا قانون بيوصف انتقال جزيئات كل شيء في الكون,دا قانون بيوصف انتقال جزييات كل شيء في الكون
من وضع مرتّب ومنظّم في حالته الأولى،,من وضع مرتّب ومنظّم في حالته الاولي،
واللي هو بيبقى دايمًا Low Entropy،,واللي هو بيبقي دايمًا ،
لوضع أكثر فوضى وعشوائية في حالته التانية، وهو الـHigh Entropy،,لوضع اكثر فوضي وعشواييه في حالته التانيه، وهو ال ،
والأهم، يا عزيزي، إن هو ما بيسمحش بانعكاس هذه العملية في نفس الظروف.,والاهم، يا عزيزي، ان هو ما بيسمحش بانعكاس هذه العمليه في نفس الظروف.
في الفيزيا، عادي، تعمل كدا، تعمل عكسها، ما يفرقش،,في الفيزيا، عادي، تعمل كدا، تعمل عكسها، ما يفرقش،
في الـEntrop، لا يا حبيبي، لأ،,في ال ، لا يا حبيبي، لا،
You can only do it from one side.,.
عاملة زي ما توقّع كوباية شاي، وتتكسر 100 حتة،,عامله زي ما توقّع كوبايه شاي، وتتكسر 100 حته،
القانون الوحيد اللي هيمنعها ترجع تلتئم تاني،,القانون الوحيد اللي هيمنعها ترجع تلتيم تاني،
"زي أغنية ""مُنايا"" لـ""مصطفى قمر"" كدا،","زي اغنيه ""مُنايا"" ل""مصطفي قمر"" كدا،"
هو القانون الثاني للديناميكا الحرارية،,هو القانون الثاني للديناميكا الحراريه،
نتحرك بقى من كوباية الشاي دي للكون كله، هتلاقي القانون واحد.,نتحرك بقي من كوبايه الشاي دي للكون كله، هتلاقي القانون واحد.
"الفيزيائي البريطاني لورد ""كالفن"" في سنة 1852","الفيزيايي البريطاني لورد ""كالفن"" في سنه 1852"
بينشر ورقة بحثية بعنوان...,بينشر ورقه بحثيه بعنوان
بمعنى، بيعتمد، يا عزيزي، في هذا البحث على القانونين،,بمعني، بيعتمد، يا عزيزي، في هذا البحث علي القانونين،
القانون الأول والقانون التاني للديناميكا الحرارية،,القانون الاول والقانون التاني للديناميكا الحراريه،
عشان يقدر على امتداد الزمن يتنبأ بمصير الكون،,عشان يقدر علي امتداد الزمن يتنبا بمصير الكون،
لو افترضنا إن الكون بتاعنا دا نظام مغلق ومعزول،,لو افترضنا ان الكون بتاعنا دا نظام مغلق ومعزول،
فالطاقة اللي بتنتقل فيه من صورته الأولى,فالطاقه اللي بتنتقل فيه من صورته الاولي
اللي هي أكثر كثافة وأكثر تعقيد,اللي هي اكثر كثافه واكثر تعقيد
في اللحظة المتفردة، اللي بنسميها Singularity،,في اللحظه المتفرده، اللي بنسميها ،
واللي منها المفروض، بالمعرفة بتاعتنا دلوقتي،,واللي منها المفروض، بالمعرفه بتاعتنا دلوقتي،
حصل منها الانفجار العظيم،,حصل منها الانفجار العظيم،
مرورًا بقى بالمرحلة اللي بعد كدا بقى،,مرورًا بقي بالمرحله اللي بعد كدا بقي،
حالة الاتساع والتمدد التدريجي لهذا الكون,حاله الاتساع والتمدد التدريجي لهذا الكون
ونشأة بقى النجوم والمجرات والحياة نفسها،,ونشاه بقي النجوم والمجرات والحياه نفسها،
وبعد كدا، تبدأ المجرات دي هي كمان تتباعد أكتر وأكتر عن بعض.,وبعد كدا، تبدا المجرات دي هي كمان تتباعد اكتر واكتر عن بعض.
"ومع زيادة هذا الاتساع، زي ما ""هابل"" شاف كدا في التليسكوب،","ومع زياده هذا الاتساع، زي ما ""هابل"" شاف كدا في التليسكوب،"
المفروض إن احنا نوصل لمرحلة درجة حرارة الكون تبدأ تنخفض،,المفروض ان احنا نوصل لمرحله درجه حراره الكون تبدا تنخفض،
تتبدد الطاقة،,تتبدد الطاقه،
لمّا، يا عزيزي، الطاقة تتبدد بشكل غير قابل للانعكاس،,لمّا، يا عزيزي، الطاقه تتبدد بشكل غير قابل للانعكاس،
Irreversible، اوعى!,، اوعي!
الكون كله وقتها هيدخل في حالة تساوي في الحرارة،,الكون كله وقتها هيدخل في حاله تساوي في الحراره،
"أو زي ما بيسمّيه اللورد ""كالفن""...","او زي ما بيسمّيه اللورد ""كالفن"""
الله يرحمه، فقد حرارته!,الله يرحمه، فقد حرارته!
"بيقول اللورد ""كالفن"" في دراسته:","بيقول اللورد ""كالفن"" في دراسته:"
"""لو تُرك هذا الكون المحدود ليطيع القوانين القائمة،","""لو تُرك هذا الكون المحدود ليطيع القوانين القايمه،"
"ستكون النتيجة الحتمية حالة من السكون والموت الشامل البارد.""","ستكون النتيجه الحتميه حاله من السكون والموت الشامل البارد."""
سوف يتحول الكون بتاعنا إلى جثة!,سوف يتحول الكون بتاعنا الي جثه!
ما فيش حرارة!,ما فيش حراره!
"""ياه يا (أبو حميد)! مسألة صعبة أوي!","""ياه يا ابو حميد ! مساله صعبه اوي!"
"حد يلحق، يا جماعة، الكون بقوانين الفيزيا!""","حد يلحق، يا جماعه، الكون بقوانين الفيزيا!"""
"المشكلة، يا عزيزي، إن ""كالفن"" اعتبر إن الموت الحراري","المشكله، يا عزيزي، ان ""كالفن"" اعتبر ان الموت الحراري"
حاجة أقرب لمعضلة، paradox،,حاجه اقرب لمعضله، ،
حاجة ممكن يتحدى بيها فكرة الكون الأزلي،,حاجه ممكن يتحدي بيها فكره الكون الازلي،
حاجة تقدر ترُد بيها على الناس اللي بتقول إن الكون ليس له بداية وليس له نهاية،,حاجه تقدر ترُد بيها علي الناس اللي بتقول ان الكون ليس له بدايه وليس له نهايه،
ودي، خُد بالك، الفكرة اللي كانت متسيّدة في القرن الـ19،,ودي، خُد بالك، الفكره اللي كانت متسيّده في القرن ال19،
إن الكون بتاعنا دا موجود للأبد!,ان الكون بتاعنا دا موجود للابد!
لأن لو الكون أزلي،,لان لو الكون ازلي،
فالمفروض ما يبقاش فيه أي نوع من أنواع الحركة،,فالمفروض ما يبقاش فيه اي نوع من انواع الحركه،
ليه؟ لأن كل حركة بتستهلك طاقة ميكانيكية للدفع،,ليه؟ لان كل حركه بتستهلك طاقه ميكانيكيه للدفع،
بينما بقى الكون بتاعنا كون بيتحرك،,بينما بقي الكون بتاعنا كون بيتحرك،
زي النجوم والكواكب والشمس، الله ينوّر، اللي شغالة دي.,زي النجوم والكواكب والشمس، الله ينوّر، اللي شغاله دي.
ومع الاكتشافات العلمية، في النُص الأول في القرن الـ20،,ومع الاكتشافات العلميه، في النُص الاول في القرن ال20،
"وإسهامات ""هابل"" ونسبية ""آينشتاين"" وغيره وغيره،","واسهامات ""هابل"" ونسبيه ""اينشتاين"" وغيره وغيره،"
كان سهل جدًا إن ترجع بقى المرادي فرضية الموت الحراري،,كان سهل جدًا ان ترجع بقي المرادي فرضيه الموت الحراري،
احنا أثبتنا إن الكون بتاعنا غالبًا كان له بداية،,احنا اثبتنا ان الكون بتاعنا غالبًا كان له بدايه،
كدا، قوانيننا العلمية متسقة.,كدا، قوانيننا العلميه متسقه.
ولكن، يا عزيزي، في النُص التاني من القرن الـ20،,ولكن، يا عزيزي، في النُص التاني من القرن ال20،
هتبدأ هذه الفرضية تقابل مشاكل،,هتبدا هذه الفرضيه تقابل مشاكل،
"لو المجرات بتتحرك بسرعة في الكون، زي ما ""هابل"" أثبت،","لو المجرات بتتحرك بسرعه في الكون، زي ما ""هابل"" اثبت،"
فدا معناه إن سرعتها احتمال تنخفض مع الزمن.,فدا معناه ان سرعتها احتمال تنخفض مع الزمن.
وهنا، يا عزيزي، ظهرت فرضية جديدة اسمها الـBig Crunch،,وهنا، يا عزيزي، ظهرت فرضيه جديده اسمها ال ،
ودي، يا عزيزي، فرضية بيفترض أصحابها,ودي، يا عزيزي، فرضيه بيفترض اصحابها
إن اتساع الكون هيبدأ مع الوقت يقلّ تدريجيًا،,ان اتساع الكون هيبدا مع الوقت يقلّ تدريجيًا،
احنا فيه قوة كدا، بنسمع عنها، اسمها الجاذبية،,احنا فيه قوه كدا، بنسمع عنها، اسمها الجاذبيه،
بعد شوية وقت، عملية اتساع الكون بتبدأ تنعكس،,بعد شويه وقت، عمليه اتساع الكون بتبدا تنعكس،
ويبدأ الكون ينهار على نفسه،,ويبدا الكون ينهار علي نفسه،
هيبدأ ينكمش، والمجرات تبدأ تتصادم وتخُش في بعضها،,هيبدا ينكمش، والمجرات تبدا تتصادم وتخُش في بعضها،
وتحت تأثير الجاذبية، هتبدأ المجرات تتضغّط تحت هذا التصادم،,وتحت تاثير الجاذبيه، هتبدا المجرات تتضغّط تحت هذا التصادم،
فتبدأ تحصل انفجارات بقى تعملّنا طاقة مهولة،,فتبدا تحصل انفجارات بقي تعملّنا طاقه مهوله،
تعملّنا ثقب أسود عملاق،,تعملّنا ثقب اسود عملاق،
ودا، يا عزيزي، في نهايته هيَنتُج إيه؟,ودا، يا عزيزي، في نهايته هيَنتُج ايه؟
لحظة Singularity جديدة،,لحظه جديده،
وإذًا، Big Bang جديدة،,واذًا، جديده،
وإذًا، كون جديد.,واذًا، كون جديد.
"""يا لهوي يا (أبو حميد)! هنرجع نبتدي الكلام دا كله من الأول تاني؟!","""يا لهوي يا ابو حميد ! هنرجع نبتدي الكلام دا كله من الاول تاني"
"هَرجَع أروح المدرسة وأشتغل وأتجوز؟!""","هَرجَع اروح المدرسه واشتغل واتجوز """
يا عزيزي، أنا بحكيلك على فرضيات،,يا عزيزي، انا بحكيلك علي فرضيات،
ما تخافش، ما حدش هيعيد التاريخ الأسود دا!,ما تخافش، ما حدش هيعيد التاريخ الاسود دا!
As far as we know يعني.,يعني.
خلّيني أقولّك، يا عزيزي، إن المجتمع العلمي لسنين,خلّيني اقولّك، يا عزيزي، ان المجتمع العلمي لسنين
كان بيعامل حركة المجرات وكأنها حركة مقذوف، projectile،,كان بيعامل حركه المجرات وكانها حركه مقذوف، ،
كورة بنشوطها بقوّة دفع،,كوره بنشوطها بقوّه دفع،
هذه الكورة مع الوقت بتقلّ سرعتها وبتُقَف،,هذه الكوره مع الوقت بتقلّ سرعتها وبتُقَف،
وهوب، تبدأ تنعكس حركتها، نتيجة الجاذبية،,وهوب، تبدا تنعكس حركتها، نتيجه الجاذبيه،
فالكون بتاعنا عمل كداهو... وبعدين، ابتدا ينزل، ينزل، ينزل، ينزل... كدا.,فالكون بتاعنا عمل كداهو وبعدين، ابتدا ينزل، ينزل، ينزل، ينزل كدا.
"تعملّنا الـ""كرانشاية"".","تعملّنا ال""كرانشايه""."
ولكن في سنة 1998،,ولكن في سنه 1998،
هيتفاجئ، يا عزيزي، فريقين من الفلكيين,هيتفاجي، يا عزيزي، فريقين من الفلكيين
خير اللهم اجعله خير، وهما بيدرسوا انفجار Supernova،,خير اللهم اجعله خير، وهما بيدرسوا انفجار ،
"بيكتشفوا إن الـSupernova مش بس كانت بتتحرك للخارج، بعيدًا عن ""الأرض""،","بيكتشفوا ان ال مش بس كانت بتتحرك للخارج، بعيدًا عن ""الارض""،"
لا، دي كمان كانت بتتسارع في حركتها،,لا، دي كمان كانت بتتسارع في حركتها،
ودا معناها إن حركة المجرة اللي بتنتمي ليها هذه الـSupernova,ودا معناها ان حركه المجره اللي بتنتمي ليها هذه ال
هي كمان بتتسارع، بتـaccelerate.,هي كمان بتتسارع، بت .
يعني، السرعة مش بس ثابتة، أو بتقلّ،,يعني، السرعه مش بس ثابته، او بتقلّ،
لأ، دي بتزيد، دي بتتزايد،,لا، دي بتزيد، دي بتتزايد،
ودا عكس تمامًا اللي توقّعه أصحاب فرضية الـBig Crunch،,ودا عكس تمامًا اللي توقّعه اصحاب فرضيه ال ،
الكون دا بقاله كتير بيتوسّع،,الكون دا بقاله كتير بيتوسّع،
المفروض سرعته تبطأ،,المفروض سرعته تبطا،
لكن انت بتقولّي إن الكون عمّالة كمان سرعته تزيد في التوسُّع؟,لكن انت بتقولّي ان الكون عمّاله كمان سرعته تزيد في التوسُّع؟
طبعًا، يا عزيزي، اتكلمت عن الموضوع دا قبل كدا،,طبعًا، يا عزيزي، اتكلمت عن الموضوع دا قبل كدا،
واكتشفنا في هذا الوقت إن هُناك قوة مجهولة في الكون,واكتشفنا في هذا الوقت ان هُناك قوه مجهوله في الكون
"اسمها ""الطاقة المظلمة""،","اسمها ""الطاقه المظلمه""،"
دي قوة بتفضل تزُق المجرات، تزُقها،,دي قوه بتفضل تزُق المجرات، تزُقها،
وبتتسبب في تمدد الكون،,وبتتسبب في تمدد الكون،
دي، يا عزيزي، حاجة غريبة جدًا،,دي، يا عزيزي، حاجه غريبه جدًا،
طاقة احنا قادرين نُقِرّ بوجودها، ونثبت وجودها في الكون،,طاقه احنا قادرين نُقِرّ بوجودها، ونثبت وجودها في الكون،
ولكن مش قادرين لا نقيسها ولا نعرف قيمتها،,ولكن مش قادرين لا نقيسها ولا نعرف قيمتها،
هل هي إيجابية؟ ولّا سلبية؟,هل هي ايجابيه؟ ولّا سلبيه؟
هل قيمتها هتفضل في نِطاق المقبول؟ ولّا ممكن تتزايد بعدين؟,هل قيمتها هتفضل في نِطاق المقبول؟ ولّا ممكن تتزايد بعدين؟
لأنها لو تزايدت، هتتزايد معاها سرعة اتساع الكون جدًا،,لانها لو تزايدت، هتتزايد معاها سرعه اتساع الكون جدًا،
ممكن، لا قدّر الله، يحصل انقطاع في نسيج الكون،,ممكن، لا قدّر الله، يحصل انقطاع في نسيج الكون،
أروح فيكم في داهية!,اروح فيكم في داهيه!
تخيل، يا عزيزي، الكون يبقى حِجرُه زي البنطلون!,تخيل، يا عزيزي، الكون يبقي حِجرُه زي البنطلون!
ربنا يحفظ الكون بتاعنا.,ربنا يحفظ الكون بتاعنا.
فضيحة وسط الأكوان المتعددة!,فضيحه وسط الاكوان المتعدده!
العلماء، يا عزيزي، بيسمّوها الـBig Rapture،,العلماء، يا عزيزي، بيسمّوها ال ،
الكون يبقى فيه صُباع رجله الكبير طالع كداهو!,الكون يبقي فيه صُباع رجله الكبير طالع كداهو!
وبرغم من وجود أوراق علمية حديثة,وبرغم من وجود اوراق علميه حديثه
بتقول إن الطاقة المظلمة دي بتغيّر قُدرتها مع الوقت بين الزيادة والنقصان،,بتقول ان الطاقه المظلمه دي بتغيّر قُدرتها مع الوقت بين الزياده والنقصان،
إلا إن فرضية الموت الحراري بتفضل أقوى فرضية علمية حتى الآن،,الا ان فرضيه الموت الحراري بتفضل اقوي فرضيه علميه حتي الان،
ويمكن كمان الأكثر واقعية.,ويمكن كمان الاكثر واقعيه.
خلّينا، يا عزيزي، نجرب نتخيل هذه الفرضية,خلّينا، يا عزيزي، نجرب نتخيل هذه الفرضيه
"على أهم مصدر طاقة لينا ككائنات حية على كوكب ""الأرض""،","علي اهم مصدر طاقه لينا ككاينات حيه علي كوكب ""الارض""،"
وهو مين؟ الشمس.,وهو مين؟ الشمس.
الشمس، يا عزيزي، نجم من النجوم متوسطة الحجم،,الشمس، يا عزيزي، نجم من النجوم متوسطه الحجم،
نجم mediocre، عمره تقريبًا أد عمر كوكبنا،,نجم ، عمره تقريبًا اد عمر كوكبنا،
حوالي 4 لـ5 مليار سنة،,حوالي 4 ل5 مليار سنه،
"وهو مَصدَر الطاقة الأساسي لكوكب ""الأرض"" والكواكب اللي بتدور حواليه،","وهو مَصدَر الطاقه الاساسي لكوكب ""الارض"" والكواكب اللي بتدور حواليه،"
عشان يبقى هذا المَصدَر مَصدَر مستقرّ من الطاقة،,عشان يبقي هذا المَصدَر مَصدَر مستقرّ من الطاقه،
بيحتاج يحرق عنصر الهيدروجين في النواة،,بيحتاج يحرق عنصر الهيدروجين في النواه،
فبيحصل حاجتين، بيصدّر الطاقة اللي احنا محتاجينها,فبيحصل حاجتين، بيصدّر الطاقه اللي احنا محتاجينها
ويوصّلّنا جزء منها،,ويوصّلّنا جزء منها،
وبينتِج عنصر الهيليوم، اللي بيبدأ واحدة واحدة يتراكم، يتراكم، يتراكم,وبينتِج عنصر الهيليوم، اللي بيبدا واحده واحده يتراكم، يتراكم، يتراكم
في نواة الشمس.,في نواه الشمس.
بس مؤخرًا، اكتشفنا شيء عجيب بيحصل في عملية الاحتراق دي.,بس موخرًا، اكتشفنا شيء عجيب بيحصل في عمليه الاحتراق دي.
"""والله يا (أبو حميد) دايمًا أكلّم الشمس،","""والله يا ابو حميد دايمًا اكلّم الشمس،"
طول ما هي عمّالة تحرق في نفسها كداهو، تحرق في نفسها، وتعبّي،,طول ما هي عمّاله تحرق في نفسها كداهو، تحرق في نفسها، وتعبّي،
الهيليوم هيزيد، وهتموتي يا حبيبتي!,الهيليوم هيزيد، وهتموتي يا حبيبتي!
ليه ما تبقاش زي القمر كدا؟ حرامي، جسم بارد متلّج،,ليه ما تبقاش زي القمر كدا؟ حرامي، جسم بارد متلّج،
منوّر نور الشمس.,منوّر نور الشمس.
قاعد بس مفهّم الحضارات اللي هو: الله! القمر! نور القمر!,قاعد بس مفهّم الحضارات اللي هو: الله! القمر! نور القمر!
"والحبّيبة بيسهروا عليه! يلّا يا...!""","والحبّيبه بيسهروا عليه! يلّا يا """
خلّيني أقولّك، يا عزيزي، إن كل مليار سنة بتزداد شدة احتراق قالب الشمس،,خلّيني اقولّك، يا عزيزي، ان كل مليار سنه بتزداد شده احتراق قالب الشمس،
ونتيجة لدا، بتزداد شدة السطوع بتاعتها،,ونتيجه لدا، بتزداد شده السطوع بتاعتها،
والطاقة اللي بتطلع منها بتزيد بمقدار 10%،,والطاقه اللي بتطلع منها بتزيد بمقدار 10 ،
ودا، يا عزيزي، قد يبان نسبة بسيطة، إلا إنه خطير جدًا،,ودا، يا عزيزي، قد يبان نسبه بسيطه، الا انه خطير جدًا،
لأن كدا مقدار الحرارة اللي هتوصل لكوكبنا هيزيد بشكل مهول،,لان كدا مقدار الحراره اللي هتوصل لكوكبنا هيزيد بشكل مهول،
نتيجةً لدا، هيبدأ الغلاف الجوي اللي بيحمي الكوكب بتاعنا يتآكل،,نتيجهً لدا، هيبدا الغلاف الجوي اللي بيحمي الكوكب بتاعنا يتاكل،
وبعدين، تبدأ درجات الحرارة ترتفع،,وبعدين، تبدا درجات الحراره ترتفع،
فتتبخّر المحيطات والمسطحات المائية,فتتبخّر المحيطات والمسطحات الماييه
ويبدأ البخار بتاعها يتحبس تدريجيًا في طبقات الهوا المرتفعة،,ويبدا البخار بتاعها يتحبس تدريجيًا في طبقات الهوا المرتفعه،
لمّا دا يحصل، هنشوف تأثير الـGreenhouse Gases،,لمّا دا يحصل، هنشوف تاثير ال ،
واللي هيقوم معلّي كمان درجة حرارة الكوكب،,واللي هيقوم معلّي كمان درجه حراره الكوكب،
لحاجة احنا عُمرنا ما شُفناها قبل كدا،,لحاجه احنا عُمرنا ما شُفناها قبل كدا،
فكل المسطحات المائية تتبخّر بمعدلات سريعة،,فكل المسطحات الماييه تتبخّر بمعدلات سريعه،
مش هيبقى فيه ميّه نستحمى!,مش هيبقي فيه ميّه نستحمي!
ولمّا الميّه تبقى محبوسة في الطبقات العليا من الغلاف الجوي،,ولمّا الميّه تبقي محبوسه في الطبقات العليا من الغلاف الجوي،
درجة حرارة الشمس المرتفعة دي,درجه حراره الشمس المرتفعه دي
هتبدأ تفكك جزئيات الميّه لذرّات هيدروجين وأكسجين،,هتبدا تفكك جزييات الميّه لذرّات هيدروجين واكسجين،
بحيث بقى إن يبتدوا يخرجوا برة غلاف الكوكب تمامًا،,بحيث بقي ان يبتدوا يخرجوا بره غلاف الكوكب تمامًا،
وخلال وقت قليل من هذه العملية هيبقى كوكبنا صحراء جرداء،,وخلال وقت قليل من هذه العمليه هيبقي كوكبنا صحراء جرداء،
وهيخرج تمامًا من المنطقة القابلة للسكن في المجموعة الشمسية،,وهيخرج تمامًا من المنطقه القابله للسكن في المجموعه الشمسيه،
"الـHabitable Zone دي انساها يا كوكب ""الأرض""!","ال دي انساها يا كوكب ""الارض""!"
ترخيص الحياة هيتسحب منك!,ترخيص الحياه هيتسحب منك!
"وساعتها، يا عزيزي، كوكب ""المريخ"" هتبقى حدوده هي المنطقة القابلة للسكن.","وساعتها، يا عزيزي، كوكب ""المريخ"" هتبقي حدوده هي المنطقه القابله للسكن."
"""طب الحمد لله، يا (أبو حميد)، ريّحت قلبي!""","""طب الحمد لله، يا ابو حميد ، ريّحت قلبي!"""
استنى، يا عزيزي، الكارثة لسة مش هتقف هنا.,استني، يا عزيزي، الكارثه لسه مش هتقف هنا.
"""يا نهار أسود يا (أبو حميد)!","""يا نهار اسود يا ابو حميد !"
"هو لسة فيه محطات تانية؟! أنا افتكرت إن احنا وصلنا لآخر الخط!""","هو لسه فيه محطات تانيه انا افتكرت ان احنا وصلنا لاخر الخط!"""
خلّيني أقولّك، يا عزيزي، إن للأسف، أنا عارف، دا خبر حزين يعني،,خلّيني اقولّك، يا عزيزي، ان للاسف، انا عارف، دا خبر حزين يعني،
بس بعد 4 مليار سنة من احتراق الكوكب بتاعنا،,بس بعد 4 مليار سنه من احتراق الكوكب بتاعنا،
الشمس، للأسف، وأنا حزين وأنا بقول كدا، هتعيش آخر أيام عُمرها،,الشمس، للاسف، وانا حزين وانا بقول كدا، هتعيش اخر ايام عُمرها،
هتبدأ تتحول من نجم متوسط الحجم,هتبدا تتحول من نجم متوسط الحجم
لعملاق أحمر كبير، Red Giant.,لعملاق احمر كبير، .
مع هذا التضخم،,مع هذا التضخم،
درجة حرارة السطح الخارجي هتبدأ تبقى منخفضة شوية.,درجه حراره السطح الخارجي هتبدا تبقي منخفضه شويه.
فاكر، يا عزيزي، لمّا قُلتلك إن احتراق الهيدروجين بينتُج عنه طاقة وهيليوم؟,فاكر، يا عزيزي، لمّا قُلتلك ان احتراق الهيدروجين بينتُج عنه طاقه وهيليوم؟
أهو تقريبًا بعد 5 مليار سنة من دلوقتي,اهو تقريبًا بعد 5 مليار سنه من دلوقتي
عشان لو حَد حَب يراجع كلامي بعد كدا،,عشان لو حَد حَب يراجع كلامي بعد كدا،
الشمس هتكون استنفدت كل الهيدروجين اللي في قلبها وحوّلته لهيليوم،,الشمس هتكون استنفدت كل الهيدروجين اللي في قلبها وحوّلته لهيليوم،
ولأن الشمس بتتأثر بالجاذبية زي كل الأجسام في الكون،,ولان الشمس بتتاثر بالجاذبيه زي كل الاجسام في الكون،
ضغط الجاذبية على قشرتها الخارجية,ضغط الجاذبيه علي قشرتها الخارجيه
هيبدأ ينتقل لقلبها في الداخل ويضغطه.,هيبدا ينتقل لقلبها في الداخل ويضغطه.
وعشان تواجه الانهيار اللي حاصل في قلبها،,وعشان تواجه الانهيار اللي حاصل في قلبها،
هتبدأ تحرق في الهيدروجين اللي على السطح،,هتبدا تحرق في الهيدروجين اللي علي السطح،
وخلال 10 مليار سنة، اللي هو هيبقى تقريبًا عُمر الشمس،,وخلال 10 مليار سنه، اللي هو هيبقي تقريبًا عُمر الشمس،
لمّا تبدأ تحرق الهيدروجين بمعدلات سريعة جدًا عشان تمنع من انهيار القلب،,لمّا تبدا تحرق الهيدروجين بمعدلات سريعه جدًا عشان تمنع من انهيار القلب،
هتتضخم، يا عزيزي، 20 ضِعف حجمها الحقيقي،,هتتضخم، يا عزيزي، 20 ضِعف حجمها الحقيقي،
التضخم دا، يا عزيزي، هيخلّيها تبتلع كل الكواكب اللي في طريقها،,التضخم دا، يا عزيزي، هيخلّيها تبتلع كل الكواكب اللي في طريقها،
"كوكب ""الأرض""، كوكب ""المريخ""... وهكذا وهكذا.","كوكب ""الارض""، كوكب ""المريخ"" وهكذا وهكذا."
"وبعد ما تبلع كل الكواكب في طريقها لغاية ""المريخ""،","وبعد ما تبلع كل الكواكب في طريقها لغايه ""المريخ""،"
بيخلص كل الهيدروجين اللي كانت بتحرقه من قلبها تمامًا،,بيخلص كل الهيدروجين اللي كانت بتحرقه من قلبها تمامًا،
فيبدأ حجمها ينخفض من الحجم العملاق دا,فيبدا حجمها ينخفض من الحجم العملاق دا
ولكنها مش بترجع للحجم الطبيعي أبدًا،,ولكنها مش بترجع للحجم الطبيعي ابدًا،
الجاذبية آه بتفضل ضاغطة عليها بشدّة،,الجاذبيه اه بتفضل ضاغطه عليها بشدّه،
فتبدأ بقى مش لاقية هيدروجين تسحب هيليوم متراكم،,فتبدا بقي مش لاقيه هيدروجين تسحب هيليوم متراكم،
احتراق الهيليوم بينتُج عنه انفجارات وانبعاثات من أجزاء من جسم الشمس نفسه،,احتراق الهيليوم بينتُج عنه انفجارات وانبعاثات من اجزاء من جسم الشمس نفسه،
فتبدأ، يا حبيبتي، ترجع تورَم، وتكبر، تتضخم تاني،,فتبدا، يا حبيبتي، ترجع تورَم، وتكبر، تتضخم تاني،
ولكن المرادي، For the last and final time،,ولكن المرادي، ،
عشان في النهاية، يا عزيزي، الشمس بتاعتنا،,عشان في النهايه، يا عزيزي، الشمس بتاعتنا،
اللي حضنتنا وحضنت الحياة على هذا الكوكب تنفجر الانفجار الأكبر،,اللي حضنتنا وحضنت الحياه علي هذا الكوكب تنفجر الانفجار الاكبر،
بتوصل، يا عزيزي، درجة حرارة قلبها 100 ألف كلفن،,بتوصل، يا عزيزي، درجه حراره قلبها 100 الف كلفن،
وبيكون استنفد كل الهيدروجين وكل الهيليوم،,وبيكون استنفد كل الهيدروجين وكل الهيليوم،
وبتتبقى العناصر التقيلة زي الكربون والأكسجين،,وبتتبقي العناصر التقيله زي الكربون والاكسجين،
اللي احتراقهم في قلب الشمس هيحوّل الشمس بتاعتنا إلى قزم أبيض،,اللي احتراقهم في قلب الشمس هيحوّل الشمس بتاعتنا الي قزم ابيض،
هيكون هو الشاهد على موت الشمس وكأنه شاهد قبر،,هيكون هو الشاهد علي موت الشمس وكانه شاهد قبر،
ودي، يا عزيزي، هتكون آخر أيام شمسنا.,ودي، يا عزيزي، هتكون اخر ايام شمسنا.
دي، يا عزيزي، كانت قصة نهاية الشمس،,دي، يا عزيزي، كانت قصه نهايه الشمس،
"خلّيني بقى أحكيلك على قصة نهاية المجرة، ""درب التبانة"".","خلّيني بقي احكيلك علي قصه نهايه المجره، ""درب التبانه""."
"فاكر، يا عزيزي، التجمُّع السحابي الحلزوني، اللي عمّك ""هابل"" اكتشفه،","فاكر، يا عزيزي، التجمُّع السحابي الحلزوني، اللي عمّك ""هابل"" اكتشفه،"
"وقُلتلك إنه في مجرة مختلفة تمامًا اسمها مجرة ""أندروميدا""؟","وقُلتلك انه في مجره مختلفه تمامًا اسمها مجره ""اندروميدا""؟"
أهو المجرة دي بتتحرك,اهو المجره دي بتتحرك
في الاتجاه الجنوبي الشرقي من مكاننا الحالي في الفضاء،,في الاتجاه الجنوبي الشرقي من مكاننا الحالي في الفضاء،
ولمّا جينا نحسب سرعتها،,ولمّا جينا نحسب سرعتها،
اكتشفنا، يا عزيزي، إنها بتتحرك بسرعة 110 كيلومتر في الثانية،,اكتشفنا، يا عزيزي، انها بتتحرك بسرعه 110 كيلومتر في الثانيه،
في أنهي اتجاه بقى؟ في أنهي اتجاه؟,في انهي اتجاه بقي؟ في انهي اتجاه؟
"""في أنهي اتجاه يا (أبو حميد)؟ اوعى، يا (أبو حميد)، تكون بتتحرك ناحيتنا!""","""في انهي اتجاه يا ابو حميد ؟ اوعي، يا ابو حميد ، تكون بتتحرك ناحيتنا!"""
"أيوة، يا عزيزي، في اتجاه مجرتنا، في اتجاه ""درب التبانة"".","ايوه، يا عزيزي، في اتجاه مجرتنا، في اتجاه ""درب التبانه""."
"""انت مبتسم ليه يا (أبو حميد)؟! دي كارثة!""","""انت مبتسم ليه يا ابو حميد دي كارثه!"""
خلّيني أقولّك، يا عزيزي، من سنة 2000 لـ2010،,خلّيني اقولّك، يا عزيزي، من سنه 20 ل2010،
"الفلكيين ركّزوا على حركات النجوم في مجرة ""أندروميدا""،","الفلكيين ركّزوا علي حركات النجوم في مجره ""اندروميدا""،"
"وباستخدام تليسكوب ""هابل""","وباستخدام تليسكوب ""هابل"""
قارنوها بحركة النجوم في مجرات أبعد،,قارنوها بحركه النجوم في مجرات ابعد،
"وقدروا يحسبوا نتيجة المسافة بيننا وبين ""أندروميدا""،","وقدروا يحسبوا نتيجه المسافه بيننا وبين ""اندروميدا""،"
ومع قياس زوايا حركتها وسرعتها بأقرب دِقة ممكنة،,ومع قياس زوايا حركتها وسرعتها باقرب دِقه ممكنه،
"لقوا إن فيه احتمال إن مجرة ""درب التبانة"" تصطدم بـ""أندروميدا"".","لقوا ان فيه احتمال ان مجره ""درب التبانه"" تصطدم ب""اندروميدا""."
"""يا نهار أسود يا (أبو حميد)! دي كارثة!","""يا نهار اسود يا ابو حميد ! دي كارثه!"
لأحسن تحُكّلنا المجرة! نجيبلها توكيل منين دي؟!,لاحسن تحُكّلنا المجره! نجيبلها توكيل منين دي
(أبو حميد)، اسأل الجماعة بتوع (أليانز) هل هناك تأمين على المجرات،,ابو حميد ، اسال الجماعه بتوع اليانز هل هناك تامين علي المجرات،
"نلحق نأمّن على المجرة بتاعتنا، اللي هتتخبط دلوقتي!""","نلحق نامّن علي المجره بتاعتنا، اللي هتتخبط دلوقتي!"""
استنى، استنى يا أهوج!,استني، استني يا اهوج!
الكلام، يا عزيزي، اللي بحكيلك عنه دا لسة قُدّامه وقت،,الكلام، يا عزيزي، اللي بحكيلك عنه دا لسه قُدّامه وقت،
قُدّامه 10 مليار سنة.,قُدّامه 10 مليار سنه.
"""يا (أبو حميد)، هو العمر فيه كام 10 مليار سنة بس؟!""","""يا ابو حميد ، هو العمر فيه كام 10 مليار سنه بس """
"خلّيني، يا عزيزي، أقولّك إن احنا بنشوف مجرة ""أندروميدا"" في السما دلوقتي،","خلّيني، يا عزيزي، اقولّك ان احنا بنشوف مجره ""اندروميدا"" في السما دلوقتي،"
ولكن خلال ملايين السنين، هنبدأ نشوفها أوضح أكتر وأكتر،,ولكن خلال ملايين السنين، هنبدا نشوفها اوضح اكتر واكتر،
كأنها عربية بتجري بسرعة، عشان تخبط فينا،,كانها عربيه بتجري بسرعه، عشان تخبط فينا،
خلال من 7 لـ8 مليار سنة هيحصل الصدام الأول،,خلال من 7 ل8 مليار سنه هيحصل الصدام الاول،
وبعديها، هتمُرّ كل مجرة جنب التانية من غير أي تأثير يُذكر،,وبعديها، هتمُرّ كل مجره جنب التانيه من غير اي تاثير يُذكر،
ولكن مع الوقت، هيبدأوا يقربوا تاني،,ولكن مع الوقت، هيبداوا يقربوا تاني،
"كأن، يا عزيزي، المجرتين بيرقصوا رقصة ""فلامنجو"" في الفضاء.","كان، يا عزيزي، المجرتين بيرقصوا رقصه ""فلامنجو"" في الفضاء."
ادّيهم، يا عزيزي، 2 مليار سنة، هيرجعوا يصطدموا مرة تانية،,ادّيهم، يا عزيزي، 2 مليار سنه، هيرجعوا يصطدموا مره تانيه،
عشان يبدأوا في عملية اندماج كامل،,عشان يبداوا في عمليه اندماج كامل،
هتندمج الثقوب السوداء من مركز كل مجرة منهم،,هتندمج الثقوب السوداء من مركز كل مجره منهم،
وفي الآخر، يا عزيزي، يقوموا عاملينلنا ثقب أسود عملاق،,وفي الاخر، يا عزيزي، يقوموا عاملينلنا ثقب اسود عملاق،
يبقى مركز واحد ضخم لمجرة جديدة تمامًا.,يبقي مركز واحد ضخم لمجره جديده تمامًا.
"""طب يا (أبو حميد)، لو ربنا ادّانا طولة العمر كمان كام مليار سنة كدا،","""طب يا ابو حميد ، لو ربنا ادّانا طوله العمر كمان كام مليار سنه كدا،"
وشُفنا اصطدام المجرتين،,وشُفنا اصطدام المجرتين،
"مصيرنا احنا بقى، كوكب (الأرض)، هيبقى عامل ازاي؟""","مصيرنا احنا بقي، كوكب الارض ، هيبقي عامل ازاي؟"""
يا عزيزي، انت في إيه ولّا في إيه؟!,يا عزيزي، انت في ايه ولّا في ايه
الشمس already حرارتها سُخنة ومبهدلاك،,الشمس حرارتها سُخنه ومبهدلاك،
ودا كله هيحصلّك بعد مليار سنة بس،,ودا كله هيحصلّك بعد مليار سنه بس،
بس لو فرضًا عرفنا ننجو منه،,بس لو فرضًا عرفنا ننجو منه،
"وعرفنا نسيب كوكب ""الأرض""","وعرفنا نسيب كوكب ""الارض"""
قبل ما الشمس تبلعه بعد ما تحولت إلى عملاق أحمر،,قبل ما الشمس تبلعه بعد ما تحولت الي عملاق احمر،
ورُحنالنا كوكب تاني مثلًا في مجموعتنا الشمسية،,ورُحنالنا كوكب تاني مثلًا في مجموعتنا الشمسيه،
"لو عملنا كل دا، ولا أجدع فيلم لـ""نولان""،","لو عملنا كل دا، ولا اجدع فيلم ل""نولان""،"
فاحتمال إن الكوكب الجديد دا لا يتأثر بعملية الاندماج،,فاحتمال ان الكوكب الجديد دا لا يتاثر بعمليه الاندماج،
ودا لأن المسافات في الفضاء كبيرة جدًا جدًا جدًا.,ودا لان المسافات في الفضاء كبيره جدًا جدًا جدًا.
"مثلًا، المسافة بين ""الأرض"" وأقرب نجم لينا،","مثلًا، المسافه بين ""الارض"" واقرب نجم لينا،"
نجم غير الشمس طبعًا،,نجم غير الشمس طبعًا،
المسافة حوالي 4 سنين ضوئية،,المسافه حوالي 4 سنين ضوييه،
خلّيني، يا عزيزي، أقربلك مواضع المسافات دي، عشان شكلك مش مستوعب،,خلّيني، يا عزيزي، اقربلك مواضع المسافات دي، عشان شكلك مش مستوعب،
تخيل الشمس دي كورة بينج بونج،,تخيل الشمس دي كوره بينج بونج،
"وتخيل النجم اللي قريب من ""الأرض"" دا حَبة بسِلّة،","وتخيل النجم اللي قريب من ""الارض"" دا حَبه بسِلّه،"
لو حطينا كورة البينج بونج دي في مكان، وحبة البسِلّة في مكان تاني،,لو حطينا كوره البينج بونج دي في مكان، وحبه البسِلّه في مكان تاني،
فالمسافة بينهم هتبقى 1100 كيلومتر،,فالمسافه بينهم هتبقي 1100 كيلومتر،
دي مسافة مهولة بين جسمين بالحجم دا،,دي مسافه مهوله بين جسمين بالحجم دا،
لدرجة إن أغلب الحسابات بتقول,لدرجه ان اغلب الحسابات بتقول
إن غالبًا مش هيحصل أي اصطدام نجمي يُذكر،,ان غالبًا مش هيحصل اي اصطدام نجمي يُذكر،
وفي الغالب، مجموعتنا الشمسية هتبقى قاعدة في الغلاف الخارجي من المجرة الجديدة،,وفي الغالب، مجموعتنا الشمسيه هتبقي قاعده في الغلاف الخارجي من المجره الجديده،
من غير ما يحصل فيها أي تغيير يُذكر،,من غير ما يحصل فيها اي تغيير يُذكر،
بمعنى، يا عزيزي، إنه، إن شاء الله، بشوية حظ،,بمعني، يا عزيزي، انه، ان شاء الله، بشويه حظ،
"نقدر نعيش آخر أيام ""الأرض""، آخر أيام الشمس، وآخر أيام المجرة!","نقدر نعيش اخر ايام ""الارض""، اخر ايام الشمس، واخر ايام المجره!"
هنا بقى، نيجي لآخر أيام الكون.,هنا بقي، نيجي لاخر ايام الكون.
للأسف، يا عزيزي، المصير هيكون واحد، الموت الحراري،,للاسف، يا عزيزي، المصير هيكون واحد، الموت الحراري،
دا مصير، على معرفتنا طبعًا دلوقتي،,دا مصير، علي معرفتنا طبعًا دلوقتي،
بالفيزيا بتاعتنا دلوقتي،,بالفيزيا بتاعتنا دلوقتي،
هو مصير كل عناصر الكون،,هو مصير كل عناصر الكون،
النجوم والمجرات وحتى الثقوب السوداء،,النجوم والمجرات وحتي الثقوب السوداء،
لأن كل عنصر من دُول بيعتمد في وجوده على الطاقة،,لان كل عنصر من دُول بيعتمد في وجوده علي الطاقه،
سواء الطاقة بتاع الحكة بتاعته الـKinetic Energy،,سواء الطاقه بتاع الحكه بتاعته ال ،
أو الطاقة اللي متخزنة جواها الـPotential Energy.,او الطاقه اللي متخزنه جواها ال .
لمّا، يا عزيزي، الكون بتاعنا يوصل لمحلة الـMaximum Entropy،,لمّا، يا عزيزي، الكون بتاعنا يوصل لمحله ال ،
هتتبدد الطاقة دي كلها في الفضاء،,هتتبدد الطاقه دي كلها في الفضاء،
وتبدأ تتوزع بشكل منتظم،,وتبدا تتوزع بشكل منتظم،
بعد ما يوصل الكون لأقصى مراحل توسُّعه،,بعد ما يوصل الكون لاقصي مراحل توسُّعه،
كلّه هيموت بالتتابع وبالتدريج،,كلّه هيموت بالتتابع وبالتدريج،
احتراق الشمس وموتها هيحصل خلال فترة موت النجوم،,احتراق الشمس وموتها هيحصل خلال فتره موت النجوم،
اللي هتبدأ، إن شاء الله، يعني كدا بعد 100 مليون سنة من دلوقتي،,اللي هتبدا، ان شاء الله، يعني كدا بعد 100 مليون سنه من دلوقتي،
وهتبدأ بموت الأقزام الحمراء،,وهتبدا بموت الاقزام الحمراء،
ودا، يا عزيزي، اللون الغالب على النجوم في الكون،,ودا، يا عزيزي، اللون الغالب علي النجوم في الكون،
أغلب نجومنا في الكون أقزام حمراء.,اغلب نجومنا في الكون اقزام حمراء.
في البداية، هيخلص وقودها، زي ما حكيتلك مع الشمس،,في البدايه، هيخلص وقودها، زي ما حكيتلك مع الشمس،
ونتيجة ضغط الجاذبية، هتتحول إلى أقزام سوداء شديدة الكثافة،,ونتيجه ضغط الجاذبيه، هتتحول الي اقزام سوداء شديده الكثافه،
ودي عملية هتستمر تقريبًا تريليون سنة.,ودي عمليه هتستمر تقريبًا تريليون سنه.
هنلاحظ، يا عزيزي، النجوم وهي بتختفي من سماء كوكبنا واحد ورا التاني،,هنلاحظ، يا عزيزي، النجوم وهي بتختفي من سماء كوكبنا واحد ورا التاني،
هتتحول السما لفضاء مظلم،,هتتحول السما لفضاء مظلم،
مهما حاولنا نبُص بالتليسكوبات من أي مكان على الكوكب،,مهما حاولنا نبُص بالتليسكوبات من اي مكان علي الكوكب،
مش هنقدر نشوف حاجة،,مش هنقدر نشوف حاجه،
حتى الأشعة اللي بتوصلّنا من أبعد أماكن في الكون،,حتي الاشعه اللي بتوصلّنا من ابعد اماكن في الكون،
زي أشعة الانفجار العظيم،,زي اشعه الانفجار العظيم،
مش هنقدر لا نشوفها ولا نرصدها،,مش هنقدر لا نشوفها ولا نرصدها،
ومع الوقت، مش هنعرف نحدد عمر الكون،,ومع الوقت، مش هنعرف نحدد عمر الكون،
ولا عمرنا هنعرف إيه اللي حصل من البداية.,ولا عمرنا هنعرف ايه اللي حصل من البدايه.
بتمُر، يا عزيزي، الأيام، وبعد 1000 تريليون سنة، أو كوادريليون سنة،,بتمُر، يا عزيزي، الايام، وبعد 10 تريليون سنه، او كوادريليون سنه،
هتبدأ المجرات تتفكك،,هتبدا المجرات تتفكك،
وهتبدأ الكواكب تفقد ارتباطها بمداراتها،,وهتبدا الكواكب تفقد ارتباطها بمداراتها،
وتبدأ تتحرك حركات عشوائية في الفضاء المظلم،,وتبدا تتحرك حركات عشواييه في الفضاء المظلم،
عشان يبدأ عصر موت المجرات.,عشان يبدا عصر موت المجرات.
"وعلى حسب كلام عالِم الفيزياء النظرية ""فريمان دايسون""،","وعلي حسب كلام عالِم الفيزياء النظريه ""فريمان دايسون""،"
فبعد كوانتليون سنة،,فبعد كوانتليون سنه،
هتتناثر من 90 لـ99% من كواكب المجرات في الفضاء،,هتتناثر من 90 ل99 من كواكب المجرات في الفضاء،
خلاص، ما عادش الكواكب عندها مدارات، أو مجموعة تنتمي ليها،,خلاص، ما عادش الكواكب عندها مدارات، او مجموعه تنتمي ليها،
كل واحد لوحده.,كل واحد لوحده.
الأجسام اللي كتلتها صغيرة هتبدأ تتناثر بشكل عشوائي في الفراغ،,الاجسام اللي كتلتها صغيره هتبدا تتناثر بشكل عشوايي في الفراغ،
أما الأجسام التقيلة واللي كتلتها كبيرة هتبدأ تنجذب لمراكز المجرات،,اما الاجسام التقيله واللي كتلتها كبيره هتبدا تنجذب لمراكز المجرات،
فاللي يحصل، إن الثقوب السوداء تبدأ تبلعها أكتر وأكتر،,فاللي يحصل، ان الثقوب السوداء تبدا تبلعها اكتر واكتر،
فالثقوب دي حجمها يكتر أكتر وأكتر.,فالثقوب دي حجمها يكتر اكتر واكتر.
بعد كدا، يا عزيزي، بتبدأ تحصل حاجات عجيبة جدًا،,بعد كدا، يا عزيزي، بتبدا تحصل حاجات عجيبه جدًا،
مع انتهاء فترة موت النجوم والمجرات،,مع انتهاء فتره موت النجوم والمجرات،
العناصر الأساسية اللي بتتبقى في الكون,العناصر الاساسيه اللي بتتبقي في الكون
هي البروتونات والثقوب السوداء,هي البروتونات والثقوب السوداء
وبقايا النجوم بعد ما تحولت إلى أقزام سوداء.,وبقايا النجوم بعد ما تحولت الي اقزام سوداء.
البروتون، يا عزيزي، هو العنصر المركزي في ذرّة أي جسم،,البروتون، يا عزيزي، هو العنصر المركزي في ذرّه اي جسم،
وهو اللي بيدّيله وزن،,وهو اللي بيدّيله وزن،
ولمّا بيتحول البروتون، بينتجلنا حاجتين،,ولمّا بيتحول البروتون، بينتجلنا حاجتين،
جُسيم البوزيترون، وفوتونات أشعة جاما.,جُسيم البوزيترون، وفوتونات اشعه جاما.
لوقت قريب، كان نموذج معروف في الفيزيا باسم الـStandard Model,لوقت قريب، كان نموذج معروف في الفيزيا باسم ال
أو النظرية اللي بتوصف طبيعة الجُسيمات اللي تحت ذرّية،,او النظريه اللي بتوصف طبيعه الجُسيمات اللي تحت ذرّيه،
particle physics،,،
النظرية كانت بتمنع تحلل البروتون في الظروف العادية،,النظريه كانت بتمنع تحلل البروتون في الظروف العاديه،
"""انت يا بروتون، قاعدين في ظروف عادية، اوعى تتحلل!""","""انت يا بروتون، قاعدين في ظروف عاديه، اوعي تتحلل!"""
ولكن، للأسف، بعد موت المجرات،,ولكن، للاسف، بعد موت المجرات،
بييجي الدور على البروتونات!,بييجي الدور علي البروتونات!
بس الافتراض دا برضه بيقولّنا,بس الافتراض دا برضه بيقولّنا
إن عشان كل البروتونات في الكون تتحلل،,ان عشان كل البروتونات في الكون تتحلل،
فاحنا محتاجين، وركّز معايا كدا،,فاحنا محتاجين، وركّز معايا كدا،
من 10 أُس 34 سنة لـ10 اُس 40 سنة،,من 10 اُس 34 سنه ل10 اُس 40 سنه،
يعني من 10 ديشيليون سنة إلى 10 دوتشيليون سنة،,يعني من 10 ديشيليون سنه الي 10 دوتشيليون سنه،
طبعًا، انت مش فاهم دُول كام،,طبعًا، انت مش فاهم دُول كام،
ولا أنا، ولا حَد!,ولا انا، ولا حَد!
خلال، يا عزيزي، هذا الوقت، هيتحلل كل شيء،,خلال، يا عزيزي، هذا الوقت، هيتحلل كل شيء،
كل حاجة هتتحلل،,كل حاجه هتتحلل،
احنا وصلنا للبروتونات،,احنا وصلنا للبروتونات،
الكواكب والنجوم اللي تحولت لأقزام سودا، كل حاجة،,الكواكب والنجوم اللي تحولت لاقزام سودا، كل حاجه،
حتى، يا عزيزي، الغبار الذرّي هيتحلل هو كمان.,حتي، يا عزيزي، الغبار الذرّي هيتحلل هو كمان.
لو فاكر، يا عزيزي، إن دي النهاية، أحب أقولّك لسة،,لو فاكر، يا عزيزي، ان دي النهايه، احب اقولّك لسه،
فمع تحلل البروتونات، هييجي الدور على مين؟,فمع تحلل البروتونات، هييجي الدور علي مين؟
اللي عمّال يبلع ويكبر، وأسمر اللون، كَحيل العين،,اللي عمّال يبلع ويكبر، واسمر اللون، كَحيل العين،
الثقوب السوداء.,الثقوب السوداء.
حتى الثقوب السوداء بتبدأ تفقد كتلتها وتتبخر مع الزمن،,حتي الثقوب السوداء بتبدا تفقد كتلتها وتتبخر مع الزمن،
ودي ظاهرة معروفة باسم الـHawking Radiation.,ودي ظاهره معروفه باسم ال .
الثقوب السوداء بتبدأ تفقد طاقة,الثقوب السوداء بتبدا تفقد طاقه
على هيئة إشعاعات خافتة جدًا من منطقة الحدث، الـEvent Horizon،,علي هييه اشعاعات خافته جدًا من منطقه الحدث، ال ،
مع الوقت، الثقوب دي بتبدأ تتقلص، تتقلص، تتقلص، تتقلص، تتقلص، تتقلص،,مع الوقت، الثقوب دي بتبدا تتقلص، تتقلص، تتقلص، تتقلص، تتقلص، تتقلص،
لحد ما تصغر، ثم تتبخر تمامًا.,لحد ما تصغر، ثم تتبخر تمامًا.
دا، يا عزيزي، هياخد وقت مثلًا بالنسبة للثقوب السودا صغيرة الحجم,دا، يا عزيزي، هياخد وقت مثلًا بالنسبه للثقوب السودا صغيره الحجم
"اللي مثلًا، بحجم كوكب ""الأرض"" مثلًا،","اللي مثلًا، بحجم كوكب ""الارض"" مثلًا،"
هياخد 10 أُس 67 سنة،,هياخد 10 اُس 67 سنه،
أما أكبر بقى الثقوب السوداء,اما اكبر بقي الثقوب السوداء
الثقوب اللي هي مرطرطة دي، اللي موجود في نُص المجرة، واللي عمّالة تبلع،,الثقوب اللي هي مرطرطه دي، اللي موجود في نُص المجره، واللي عمّاله تبلع،
هتحتاج، يا عزيزي، 10 أُس 106 سنة،,هتحتاج، يا عزيزي، 10 اُس 106 سنه،
وعشان أتأكد، 10 أُس 107،,وعشان اتاكد، 10 اُس 107،
بمعنى، يا عزيزي، مليون جوجل سنة.,بمعني، يا عزيزي، مليون جوجل سنه.
وبعد موت آخر ثقب أسود،,وبعد موت اخر ثقب اسود،
مش هيتبقى حاجات كتير في الكون،,مش هيتبقي حاجات كتير في الكون،
حتى، يا عزيزي، المادة المظلمة هتتحلل،,حتي، يا عزيزي، الماده المظلمه هتتحلل،
أو الثقوب السوداء هتكون بلعتها already،,او الثقوب السوداء هتكون بلعتها ،
كل اللي هيتبقى هو فضاء متسع،,كل اللي هيتبقي هو فضاء متسع،
متوزعة فيه الطاقة بالتساوي،,متوزعه فيه الطاقه بالتساوي،
The Second Law of Thermodynamics.,.
درجة حرارة منخفضة تتقارب مع الصفر المُطلَق،,درجه حراره منخفضه تتقارب مع الصفر المُطلَق،
الكون، يا عزيزي، خلاص بيموت،,الكون، يا عزيزي، خلاص بيموت،
ما عادش فيه مادة، بيودّع،,ما عادش فيه ماده، بيودّع،
كل حاجة فيه مظلمة وباردة،,كل حاجه فيه مظلمه وبارده،
ما فيش ذبذبات ولا فيه حركة، ولا فيه تحوُّل للطاقة،,ما فيش ذبذبات ولا فيه حركه، ولا فيه تحوُّل للطاقه،
كل شيء بيختفي.,كل شيء بيختفي.
اللي بيتبقى شوية فوتونات على إلكترونات عشوائية،,اللي بيتبقي شويه فوتونات علي الكترونات عشواييه،
بتسبح في فضاء لانهائي.,بتسبح في فضاء لانهايي.
في النهاية، يا عزيزي،,في النهايه، يا عزيزي،
اللي قُلناه في حلقتنا مبني على معرفتنا في الفيزياء حتى الآن،,اللي قُلناه في حلقتنا مبني علي معرفتنا في الفيزياء حتي الان،
"اللي نقدر نقوله إن الكون مش زي ما تخيله ""أرسطو""،","اللي نقدر نقوله ان الكون مش زي ما تخيله ""ارسطو""،"
بالعِلم اللي معانا دلوقتي، فهو ليس شيء أزلي قبلنا،,بالعِلم اللي معانا دلوقتي، فهو ليس شيء ازلي قبلنا،
ولا أبدي بعدنا،,ولا ابدي بعدنا،
وإنما الكون مخلوق شبهنا، كأنه كائن حي،,وانما الكون مخلوق شبهنا، كانه كاين حي،
طفل مجازيًا، بيتولد ويكبر ويمر بفترة مراهقة وحياة،,طفل مجازيًا، بيتولد ويكبر ويمر بفتره مراهقه وحياه،
وفي النهاية، مجازيًا، بيعجّز وبيموت، زيّنا بالظبط.,وفي النهايه، مجازيًا، بيعجّز وبيموت، زيّنا بالظبط.
احنا، يا عزيزي، البشر، كل خلية في جسمنا بتتكون من عناصر في الكون،,احنا، يا عزيزي، البشر، كل خليه في جسمنا بتتكون من عناصر في الكون،
عناصر نشأت في بدايته، زي الهيدروجين والهيليوم،,عناصر نشات في بدايته، زي الهيدروجين والهيليوم،
أو اتكونت في فترة بعد كدا، زي الكربون والأكسجين والحديد،,او اتكونت في فتره بعد كدا، زي الكربون والاكسجين والحديد،
احنا، يا عزيزي، شاهد حي على وجود الكون دا،,احنا، يا عزيزي، شاهد حي علي وجود الكون دا،
وعِلمنا قادر يتخيل بدايته وقادر يتخيل نهايته،,وعِلمنا قادر يتخيل بدايته وقادر يتخيل نهايته،
واللي بنختبر فيها موت كوني شَبَه قريب من موتنا الإنساني،,واللي بنختبر فيها موت كوني شَبَه قريب من موتنا الانساني،
بس كدا، يا عزيزي. زي ما الكون بينتهي، فالحلقات كمان بتنتهي،,بس كدا، يا عزيزي. زي ما الكون بينتهي، فالحلقات كمان بتنتهي،
أخيرًا، وليس آخرًا، بفكرك إن انت تشوف الحلقات اللي فاتت، تشوف الحلقات الجاية،,اخيرًا، وليس اخرًا، بفكرك ان انت تشوف الحلقات اللي فاتت، تشوف الحلقات الجايه،
"تنزل تبص على المصادر، لو احنا على الـ""يوتيوب""، نشترك على القناة.","تنزل تبص علي المصادر، لو احنا علي ال""يوتيوب""، نشترك علي القناه."
يا ريت أي إنسان بيشوف هذه الحلقة من سنة 10 أُس 67 أو 10 أُس 106,يا ريت اي انسان بيشوف هذه الحلقه من سنه 10 اُس 67 او 10 اُس 106
يقولّنا هل التنبؤات صح ولّا غلط.,يقولّنا هل التنبوات صح ولّا غلط.
"""(أبو حميد)، مش هنبقى موجودين!""",""" ابو حميد ، مش هنبقي موجودين!"""
اتكلم عن نفسك، أنا فكرة، والفكرة لا تموت.,اتكلم عن نفسك، انا فكره، والفكره لا تموت.
الدراسات الفيزيائية لسة ما بتدرسش أفكار،,الدراسات الفيزياييه لسه ما بتدرسش افكار،
فالحمد لله، أنا في أمان لحد دلوقتي.,فالحمد لله، انا في امان لحد دلوقتي.
"Hi جلالة المَلِك، أنا ""هَنا""، في خدمة سموّك.","جلاله المَلِك، انا ""هَنا""، في خدمه سموّك."
"حسنًا يا ""هَنا""، كنا نودُّ أن نستعين بخدماتك في Event.","حسنًا يا ""هَنا""، كنا نودُّ ان نستعين بخدماتك في ."
"حضرتك جيت لأحسن Event Planner في ""طهران"" و""زايد""،","حضرتك جيت لاحسن في ""طهران"" و""زايد""،"
قولّي بقى، حضرتك عايز إيه؟,قولّي بقي، حضرتك عايز ايه؟
حضرتك عايز فرح؟,حضرتك عايز فرح؟
نعم، ولا.,نعم، ولا.
مش فاهمة! Mix يعني؟!,مش فاهمه! يعني
سوف يكون فرحًا لنا، بإذن الله،,سوف يكون فرحًا لنا، باذن الله،
وهزيمة وانكسار لعدونا.,وهزيمه وانكسار لعدونا.
Ok.,.
فرح يعني، بس انت عايز تزعّل الـEx طبعًا، صح؟,فرح يعني، بس انت عايز تزعّل ال طبعًا، صح؟
كلا، أنا ليس لديّ Ex.,كلا، انا ليس لديّ .
أمّال إيه؟! عزا؟,امّال ايه عزا؟
عندنا، على فكرة، Funeral Package ممتازة.,عندنا، علي فكره، ممتازه.
سيدتي الفاضلة، نحن نريد أن نقوم بمذبحة.,سيدتي الفاضله، نحن نريد ان نقوم بمذبحه.
"Oh, Wow!",", !"
عادةً، المذابح بيبقى ليها مذابح Planners تانيين،,عادهً، المذابح بيبقي ليها مذابح تانيين،
بس ما فيش مشكلة، ممكن نفكر سوا يعني.,بس ما فيش مشكله، ممكن نفكر سوا يعني.
ما هي تكلفة المذبحة Planning؟,ما هي تكلفه المذبحه ؟
والله على حسب هنذبح كام فرد،,والله علي حسب هنذبح كام فرد،
وهل هتكون Surprise مذبحة، ولّا Planned.,وهل هتكون مذبحه، ولّا .
بالتأكيد، لا نود أن نفسد المفاجأة.,بالتاكيد، لا نود ان نفسد المفاجاه.
Ok، طب هل هنستعين بـAssassins أجانب ولّا محليين؟,، طب هل هنستعين ب اجانب ولّا محليين؟
أفضّل الأجانب.,افضّل الاجانب.
هل فيه حد هيغنّي مع المذبحة؟,هل فيه حد هيغنّي مع المذبحه؟
- أهذا معقول؟! - آه، طبعًا،,- اهذا معقول - اه، طبعًا،
دا هيخلّي هناك أجواء سايكوباتية مخيفة.,دا هيخلّي هناك اجواء سايكوباتيه مخيفه.
تبقى انت شخص سايكوباتي.,تبقي انت شخص سايكوباتي.
أحببت هذه الفكرة،,احببت هذه الفكره،
أريد بالفعل أن أكون سايكوباتي مخيف.,اريد بالفعل ان اكون سايكوباتي مخيف.
حلو أوي!,حلو اوي!
احنا لو عندنا 300 ضحية،,احنا لو عندنا 300 ضحيه،
هنحتاج تقريبًا 200 Assassins،,هنحتاج تقريبًا 200 ،
Welcome Drinks 300 مسمومة،,300 مسمومه،
وهنحتاج برضه عُمّال نظافة لتنظيف الدم.,وهنحتاج برضه عُمّال نظافه لتنظيف الدم.
صحيح، وسوف نحتاج أيضًا إلى Assassin متخصص,صحيح، وسوف نحتاج ايضًا الي متخصص
في قتل الـPlanners.,في قتل ال .
لمحو كل الأدلة عن المؤامرة.,لمحو كل الادله عن الموامره.
متخصص للـPlanners؟!,متخصص لل
دا لمين بالظبط؟!,دا لمين بالظبط
دا للـWedding Planner بتاع فرحك، صح؟,دا لل بتاع فرحك، صح؟
أعزائي المشاهدين،,اعزايي المشاهدين،
"أهلًا بكم في حلقة جديدة، من برنامج ""الدحّيح""!","اهلًا بكم في حلقه جديده، من برنامج ""الدحّيح""!"
عايزك، يا عزيزي، تربط الهودج بتاعك،,عايزك، يا عزيزي، تربط الهودج بتاعك،
وتجيب الجمل على الـR،,وتجيب الجمل علي ال ،
عشان عندنا مشوار طويل لورا.,عشان عندنا مشوار طويل لورا.
تعالى، يا عزيزي، نروح للجزيرة العربية في القرن السادس الميلادي،,تعالي، يا عزيزي، نروح للجزيره العربيه في القرن السادس الميلادي،
من تقريبًا 1500 سنة.,من تقريبًا 1500 سنه.
واحنا، يا عزيزي، هناك، هنراقب قافلة تجارية بتعدّي الصحرا،,واحنا، يا عزيزي، هناك، هنراقب قافله تجاريه بتعدّي الصحرا،
دي، يا عزيزي، مش أي قافلة،,دي، يا عزيزي، مش اي قافله،
"دي بلغة هذا العصر موكب الرئيس ""ترامب""،","دي بلغه هذا العصر موكب الرييس ""ترامب""،"
قافلة تخص رئيس أقوى دولة في العالم وقتها،,قافله تخص رييس اقوي دوله في العالم وقتها،
مَلِك الفُرس شخصيًا...,مَلِك الفُرس شخصيًا
"عشان لو هتسأل في سجل ""أصفهان"" يعني.","عشان لو هتسال في سجل ""اصفهان"" يعني."
"القافلة كانت محملة ببضايع وأسلحة، رايحة فين؟ رايحة ""اليمن""،","القافله كانت محمله ببضايع واسلحه، رايحه فين؟ رايحه ""اليمن""،"
"لأن وقتها، يا عزيزي، بلاد ""فارس"" كانت بتدعم ""اليمن""،","لان وقتها، يا عزيزي، بلاد ""فارس"" كانت بتدعم ""اليمن""،"
"""اليمن"" كانت بتحاول تحرر نفسها من قبضة ""الحبشة""،","""اليمن"" كانت بتحاول تحرر نفسها من قبضه ""الحبشه""،"
كان فيه استعمار أفريقي.,كان فيه استعمار افريقي.
"شوف، يا عزيزي، الزمن، ""إثيوبيا"" كانت بتحاول تبقى مستعمر!","شوف، يا عزيزي، الزمن، ""اثيوبيا"" كانت بتحاول تبقي مستعمر!"
القافلة دي، يا عزيزي، من أهميتها,القافله دي، يا عزيزي، من اهميتها
هيكون مرافق ليها مجموعة من ظباط الفُرس المخضرمين،,هيكون مرافق ليها مجموعه من ظباط الفُرس المخضرمين،
"معروفين، يا عزيزي، باسم ""الأساورة""،","معروفين، يا عزيزي، باسم ""الاساوره""،"
وكمان، في تنقل القافلة دي من مكان لمكان تاني،,وكمان، في تنقل القافله دي من مكان لمكان تاني،
كان بيتبدّل على حراستها أكتر من قبيلة عربية،,كان بيتبدّل علي حراستها اكتر من قبيله عربيه،
"يعني، وهي مثلًا في ""الحيرة""، اللي هي الإقليم الجنوبي من بلاد ""فارس""،","يعني، وهي مثلًا في ""الحيره""، اللي هي الاقليم الجنوبي من بلاد ""فارس""،"
"كان بيحرس هذه القافلة، يا عزيزي، ""النعمان""، مَلِك المناذرة،","كان بيحرس هذه القافله، يا عزيزي، ""النعمان""، مَلِك المناذره،"
دا، يا عزيزي، كان حتة كبيرة في العرب،,دا، يا عزيزي، كان حته كبيره في العرب،
"قبيلته قبيلة بني ""لخم"".","قبيلته قبيله بني ""لخم""."
"القافلة هتنزل جنوب شوية هتستلمها قبائل ""ربيعة""،","القافله هتنزل جنوب شويه هتستلمها قبايل ""ربيعه""،"
"هتفضل تعدّي على ""كارتات"" عربية كدا، لحد ما توصل لـ""اليمامة""،","هتفضل تعدّي علي ""كارتات"" عربيه كدا، لحد ما توصل ل""اليمامه""،"
"ومن هنا، هتستلمها قبائل بني ""حنيفة""،","ومن هنا، هتستلمها قبايل بني ""حنيفه""،"
ويكمّلوا ناحية الجنوب أكتر.,ويكمّلوا ناحيه الجنوب اكتر.
ولكن، يا عزيزي، بالرغم من كل هذه الاحتياطات والماراثون التتابعي،,ولكن، يا عزيزي، بالرغم من كل هذه الاحتياطات والماراثون التتابعي،
"القافلة بتوصل لنُص الطريق على جنوب ""اليمامة"" بالظبط،","القافله بتوصل لنُص الطريق علي جنوب ""اليمامه"" بالظبط،"
وهناك، بتتفاجئ بكمين معمول عليها،,وهناك، بتتفاجي بكمين معمول عليها،
عملية سطو بتشلّ كل الحراسات،,عمليه سطو بتشلّ كل الحراسات،
"اللي نصب الكمين دا كان قبيلة ""تميم""،","اللي نصب الكمين دا كان قبيله ""تميم""،"
القبيلة اللي عرفت تسيطر على القافلة بعد مقاومة ضعيفة جدًا،,القبيله اللي عرفت تسيطر علي القافله بعد مقاومه ضعيفه جدًا،
ونزلت على حراس القافلة العرب والأساورة الفُرس,ونزلت علي حراس القافله العرب والاساوره الفُرس
هاتك يا قتيل، هاتك يا أسير!,هاتك يا قتيل، هاتك يا اسير!
نُص الرجالة قتلى، ونُص الرجالة أسرى.,نُص الرجاله قتلي، ونُص الرجاله اسري.
"""(أبو حميد)، أنا حاسس إن أنا عندي سؤال المفروض أسأله دلوقتي، عشان أكملّك حبكتك،",""" ابو حميد ، انا حاسس ان انا عندي سوال المفروض اساله دلوقتي، عشان اكملّك حبكتك،"
هل قبيلة (تميم) كانوا بايعينها أوي كدا؟!,هل قبيله تميم كانوا بايعينها اوي كدا
يا راجل يا محترم، فيه حد يهجم على قافلة تابعة لواحد من أقوى رجال العالم؟!,يا راجل يا محترم، فيه حد يهجم علي قافله تابعه لواحد من اقوي رجال العالم
"معقولة يا (أبو حميد) مش خايفين من بطش كسرى؟!""","معقوله يا ابو حميد مش خايفين من بطش كسري """
يا عزيزي، كويس إن انت سألتني السؤال دا، كنت محتاجك فعلًا.,يا عزيزي، كويس ان انت سالتني السوال دا، كنت محتاجك فعلًا.
"شكلك، يا عزيزي، نسيت مَن هُم بني ""تميم""،","شكلك، يا عزيزي، نسيت مَن هُم بني ""تميم""،"
افتكر، يا عزيزي...,افتكر، يا عزيزي
الحقيقة، يا عزيزي، إن بعض المصادر بتقول,الحقيقه، يا عزيزي، ان بعض المصادر بتقول
"إن ""تميم"" كانوا في اللحظة دي، في اللحظة دي تحديدًا،","ان ""تميم"" كانوا في اللحظه دي، في اللحظه دي تحديدًا،"
مضطرين إن هما يسرقوا القافلة،,مضطرين ان هما يسرقوا القافله،
كانوا محتاجين الأسلحة اللي فيها,كانوا محتاجين الاسلحه اللي فيها
"في حروبهم اللي ما بتخلصش مع جيرانهم في شبه الجزيرة ""بَكر بن وائل""،","في حروبهم اللي ما بتخلصش مع جيرانهم في شبه الجزيره ""بَكر بن وايل""،"
ولو، يا عزيزي، ما كانوش هما اللي نهبوا القافلة،,ولو، يا عزيزي، ما كانوش هما اللي نهبوا القافله،
"كان ممكن ""بَكر"" هي اللي تاخدها،","كان ممكن ""بَكر"" هي اللي تاخدها،"
"وتروح هي تحارب بني ""تميم"" بيها.","وتروح هي تحارب بني ""تميم"" بيها."
بنلاقي، يا عزيزي، في المصادر مكتوب...,بنلاقي، يا عزيزي، في المصادر مكتوب
"بمعنى، يا عزيزي، لمّا كانت القافلة في أرض ""تميم""،","بمعني، يا عزيزي، لمّا كانت القافله في ارض ""تميم""،"
"فاكر، يا عزيزي، ""الفرزدق""، اللي كان بيتفاخر بجدّه؟","فاكر، يا عزيزي، ""الفرزدق""، اللي كان بيتفاخر بجدّه؟"
أهو جدّه طلع حرامي قوافل،,اهو جدّه طلع حرامي قوافل،
"وهو اللي حرّض ""تميم"" على سرقة القافلة.","وهو اللي حرّض ""تميم"" علي سرقه القافله."
"المهم، ""تميم"" بتاخد القافلة ليها،","المهم، ""تميم"" بتاخد القافله ليها،"
"وبتقتل زعيم حراسها من قبيلة بني ""حنيفة""...","وبتقتل زعيم حراسها من قبيله بني ""حنيفه"""
"إيه، يا عزيزي، أهمية ""هوذة"" دا؟","ايه، يا عزيزي، اهميه ""هوذه"" دا؟"
"""هوذة"" بيُقال إن هو اللي افتدى نفسه من الأسر","""هوذه"" بيُقال ان هو اللي افتدي نفسه من الاسر"
بـ300 جمل مقابل حياته واللي فضلوا عايشين معاه من الأساورة.,ب300 جمل مقابل حياته واللي فضلوا عايشين معاه من الاساوره.
"بني ""تميم""، يا عزيزي، هيعملوا مصلحة زي الفُل من هذه السرقة،","بني ""تميم""، يا عزيزي، هيعملوا مصلحه زي الفُل من هذه السرقه،"
"تخيل، يا عزيزي، معاك قافلة فيها ""آر بي جيهات"" وطيارات F35، كل دا...","تخيل، يا عزيزي، معاك قافله فيها ""ار بي جيهات"" وطيارات 35، كل دا"
قافلة، يا عزيزي، محملة بالسلاح، ومعاهم 300 جمل،,قافله، يا عزيزي، محمله بالسلاح، ومعاهم 300 جمل،
ماشيين بكرداسة صغيرة.,ماشيين بكرداسه صغيره.
بس، يا عزيزي، دا ما كانش مكسبهم الوحيد،,بس، يا عزيزي، دا ما كانش مكسبهم الوحيد،
هما كسبوا حاجة أكبر بكتير من هذه الغنائم،,هما كسبوا حاجه اكبر بكتير من هذه الغنايم،
"- ""إيه يا (أبو حميد)؟"" - غضب كسرى، كسرى قفش!","- ""ايه يا ابو حميد ؟"" - غضب كسري، كسري قفش!"
"""هوذة بن علي الحنفي""، بعد ما افتدى نفسه ورجع لقبيلته،","""هوذه بن علي الحنفي""، بعد ما افتدي نفسه ورجع لقبيلته،"
الراجل، يا عزيزي، راح ململم الأساورة من الهجوم اللي حصل عليهم،,الراجل، يا عزيزي، راح ململم الاساوره من الهجوم اللي حصل عليهم،
وحط نفسه تحت إيد كسرى وقام قايلّه:,وحط نفسه تحت ايد كسري وقام قايلّه:
"""مولاي، الوضع زي ما انت شايف كدا،","""مولاي، الوضع زي ما انت شايف كدا،"
أنا خذلتك، وما عرفتش أحمي القافلة،,انا خذلتك، وما عرفتش احمي القافله،
"أنا بأسلّملك نفسي وقابل أي عقوبة منك.""","انا باسلّملك نفسي وقابل اي عقوبه منك."""
وعلى عكس، يا عزيزي، المتوقع،,وعلي عكس، يا عزيزي، المتوقع،
كسرى أكرم الراجل واعتبره راجل شجاع،,كسري اكرم الراجل واعتبره راجل شجاع،
وشكره إنه أنقذ المتبقين من الأساورة.,وشكره انه انقذ المتبقين من الاساوره.
وهوبا، يا عزيزي، الابتسامة راحت من على وشك كسرى، وسأله سؤال واحد:,وهوبا، يا عزيزي، الابتسامه راحت من علي وشك كسري، وساله سوال واحد:
"""مين بقى القبيلة الحلوة اللطيفة اللي سرقتنا دي؟""","""مين بقي القبيله الحلوه اللطيفه اللي سرقتنا دي؟"""
"""هوذة""، يا عزيزي، ما اترددش، وقام قايلّه: ""(تميم).""","""هوذه""، يا عزيزي، ما اترددش، وقام قايلّه: "" تميم ."""
"""طب يا رجالة، علاقتكم عاملة ازاي مع (تميم) دُول؟""","""طب يا رجاله، علاقتكم عامله ازاي مع تميم دُول؟"""
"""هوذة"" قام قايلّه...","""هوذه"" قام قايلّه"
هنا، يا عزيزي، كسرى عينيه لمعت،,هنا، يا عزيزي، كسري عينيه لمعت،
"وقام قايل لـ""هوذة"": ""عدونا مشترك. جاية منك بحرب.""","وقام قايل ل""هوذه"": ""عدونا مشترك. جايه منك بحرب."""
"وهكذا، ""هوذة"" بيتفق هو وكسرى على إيقاع بني ""تميم"".","وهكذا، ""هوذه"" بيتفق هو وكسري علي ايقاع بني ""تميم""."
والحقيقة إن هما بالفعل حطوا خطة ذكية،,والحقيقه ان هما بالفعل حطوا خطه ذكيه،
"أراضي بني ""تميم""، اللي موجودة في شرق الجزيرة","اراضي بني ""تميم""، اللي موجوده في شرق الجزيره"
"قريبة جدًا من منطقة ""البحرين"" و""الأحساء""،","قريبه جدًا من منطقه ""البحرين"" و""الاحساء""،"
دي المنطقة اللي كان للفُرس نفوذ فيها قوي الفترة دي،,دي المنطقه اللي كان للفُرس نفوذ فيها قوي الفتره دي،
"و""تميم"" كانت بتعتمد على أسواق ""هَجَر"" و""البحرين"" و""الأحساء""،","و""تميم"" كانت بتعتمد علي اسواق ""هَجَر"" و""البحرين"" و""الاحساء""،"
بتقعد تبضّع من هناك، تعمل Shopping، وبعد كدا، ترجع لمكانها.,بتقعد تبضّع من هناك، تعمل ، وبعد كدا، ترجع لمكانها.
"كسرى و""هوذة"" اتفقوا مع بعض اتفاق،","كسري و""هوذه"" اتفقوا مع بعض اتفاق،"
"""احنا هنمنع ما يُعرف بالـ(ميرة)،","""احنا هنمنع ما يُعرف بال ميره ،"
الواردات الفارسية اللي جاية لـ(البحرين) و(الأحساء)،,الواردات الفارسيه اللي جايه ل البحرين و الاحساء ،
احنا هنقطع أمها!,احنا هنقطع امها!
احنا هنعطّش السوق، وبالتالي، نجوّع بني (تميم)،,احنا هنعطّش السوق، وبالتالي، نجوّع بني تميم ،
هنحرمهم من احتياجاتهم من القمح والحبوب.,هنحرمهم من احتياجاتهم من القمح والحبوب.
ما فيش كربوهيدرات، بنو (تميم) هيبقوا Keto!,ما فيش كربوهيدرات، بنو تميم هيبقوا !
"حرمان مؤقت لمدة سنة.""","حرمان موقت لمده سنه."""
المهم، يا عزيزي، دا اللي بيحصل،,المهم، يا عزيزي، دا اللي بيحصل،
"وبعد سنة، بيتفتح تاني باب ""الميرة"" اللي كان مقفول،","وبعد سنه، بيتفتح تاني باب ""الميره"" اللي كان مقفول،"
"ويروح المنادي ينادي في بني ""تميم"" ويبشرّهم:","ويروح المنادي ينادي في بني ""تميم"" ويبشرّهم:"
"""الملك كسرى الكريم أرسل لكم الـ(ميرة) الجديدة،","""الملك كسري الكريم ارسل لكم ال ميره الجديده،"
لأنه عارف إن رعاياه، عرب شرق الجزيرة، في أمسّ الحاجة لهذه البضائع.,لانه عارف ان رعاياه، عرب شرق الجزيره، في امسّ الحاجه لهذه البضايع.
مش بس كدا، الـ(ميرة) هتتوزع مجانًا على بني (تميم)،,مش بس كدا، ال ميره هتتوزع مجانًا علي بني تميم ،
"هنوزعها عليهم في حصن (المُشقّر).""","هنوزعها عليهم في حصن المُشقّر ."""
"ودا، يا عزيزي، حصن تاريخي موجود لحد دلوقتي في شرق ""السعودية"".","ودا، يا عزيزي، حصن تاريخي موجود لحد دلوقتي في شرق ""السعوديه""."
وتحت ضغط الاحتياج والحرمان،,وتحت ضغط الاحتياج والحرمان،
"اندفع بني ""تميم"" فرادى وجماعات إلى حصن ""المُشقّر""،","اندفع بني ""تميم"" فرادي وجماعات الي حصن ""المُشقّر""،"
طوابير من المنكوبين،,طوابير من المنكوبين،
اللي بييجي عليه الدور، بيسيب سلاحه على الباب،,اللي بييجي عليه الدور، بيسيب سلاحه علي الباب،
يدخل من باب الحصن، ويستلم نصيبه.,يدخل من باب الحصن، ويستلم نصيبه.
"وسط الطوابير، كان واقف واحد من بني ""تميم""،","وسط الطوابير، كان واقف واحد من بني ""تميم""،"
"واحد، يا عزيزي، اسمه ""عُبَيد بن وهب""،","واحد، يا عزيزي، اسمه ""عُبَيد بن وهب""،"
الراجل دا لاحظ حاجة غريبة جدًا،,الراجل دا لاحظ حاجه غريبه جدًا،
"""احنا ليه، يا جماعة، بنخش واحد واحد؟!","""احنا ليه، يا جماعه، بنخش واحد واحد"
باب الحصن دا، يا بيه، يساع اتنينات وتلاتات!,باب الحصن دا، يا بيه، يساع اتنينات وتلاتات!
كمان، أنا ملاحظ حاجة أغرب،,كمان، انا ملاحظ حاجه اغرب،
هو اللي بيدخل الحصن دا، ما بيطلعش،,هو اللي بيدخل الحصن دا، ما بيطلعش،
"فهل هناك باب خروج تاني، زي السينما كدا؟!""","فهل هناك باب خروج تاني، زي السينما كدا """
"وهنا، عمك ""عُبيد""، يا عزيزي، الفار بدأ يتلاعب في أعبائه،","وهنا، عمك ""عُبيد""، يا عزيزي، الفار بدا يتلاعب في اعبايه،"
"جمع ""عِب"" للناس اللي بتفهم عربي يعني!","جمع ""عِب"" للناس اللي بتفهم عربي يعني!"
"بنقرا في كتاب ""أيام العرب في الجاهلية""","بنقرا في كتاب ""ايام العرب في الجاهليه"""
"إن ""(عُبَيد) تناول سيفًا، وضرب سلسلة على باب (المُشقّر)،","ان "" عُبَيد تناول سيفًا، وضرب سلسله علي باب المُشقّر ،"
فقطعها وقطع يد رجُل كان واقفًا بجانبها،,فقطعها وقطع يد رجُل كان واقفًا بجانبها،
"فانفتح الباب، وإذا بالناس يُقتلون.""","فانفتح الباب، واذا بالناس يُقتلون."""
"بنو ""تميم""، يا عزيزي، كانوا بيُبادوا في مذبحة صامتة!","بنو ""تميم""، يا عزيزي، كانوا بيُبادوا في مذبحه صامته!"
"اليوم دا، يا عزيزي، اتعرف بيوم ""الصفقة""","اليوم دا، يا عزيزي، اتعرف بيوم ""الصفقه"""
اتقتل فيها الآلاف،,اتقتل فيها الالاف،
"لدرجة إن ""هوذة بن علي""، اللي دبّر المذبحة مع كسرى،","لدرجه ان ""هوذه بن علي""، اللي دبّر المذبحه مع كسري،"
"أشفق على بني ""تميم"" واتوسّط عند الفُرس","اشفق علي بني ""تميم"" واتوسّط عند الفُرس"
إن هما يأذنوله ينقّي 100 واحد بس يعفي عنهم،,ان هما ياذنوله ينقّي 100 واحد بس يعفي عنهم،
"""يا جماعة، انتم بتخلّصوا القبيلة كلها، ما فاضلش غير (تميم) وأخوه!""","""يا جماعه، انتم بتخلّصوا القبيله كلها، ما فاضلش غير تميم واخوه!"""
"وتقريبًا، يا عزيزي، الـ100 دُول هما اللي فضلوا بس من رجالة ""تميم"".","وتقريبًا، يا عزيزي، ال100 دُول هما اللي فضلوا بس من رجاله ""تميم""."
"""ياه يا (أبو حميد)! أنا رجالة (تميم) صعبوا عليا أوي!","""ياه يا ابو حميد ! انا رجاله تميم صعبوا عليا اوي!"
يعني، يا جماعة، عشان سرقوكم ونهبوكم وأسروا رجالتكم وقتلوا فيكم،,يعني، يا جماعه، عشان سرقوكم ونهبوكم واسروا رجالتكم وقتلوا فيكم،
خلاص تفتروا عليهم كدا؟!,خلاص تفتروا عليهم كدا
العيال ريقها جري على الـ300 جمل، خلاص، ندبحهم؟!,العيال ريقها جري علي ال300 جمل، خلاص، ندبحهم
احكيلي يا (أبو حميد) لماذا كل هذا الدم؟,احكيلي يا ابو حميد لماذا كل هذا الدم؟
مش كان الفُرس بس يقبضوا على اللي سرقوا القافلة وخلاص،,مش كان الفُرس بس يقبضوا علي اللي سرقوا القافله وخلاص،
"بدل كدا ما يروحوا يبيدوا القبيلة بالكامل؟!""","بدل كدا ما يروحوا يبيدوا القبيله بالكامل """
"والله، يا عزيزي، يوم ""الصفقة"" دا ممكن يكون واحد من الاحتكاكات القديمة","والله، يا عزيزي، يوم ""الصفقه"" دا ممكن يكون واحد من الاحتكاكات القديمه"
اللي بين العرب والفُرس،,اللي بين العرب والفُرس،
ولكنه بالتأكيد مش أول احتكاك بينهم،,ولكنه بالتاكيد مش اول احتكاك بينهم،
وحشية اليوم دا سببها إن هناك تراكم كبير من صراعات العرب والفُرس،,وحشيه اليوم دا سببها ان هناك تراكم كبير من صراعات العرب والفُرس،
تاريخ طويل وشديد الدموية،,تاريخ طويل وشديد الدمويه،
كل طرف شايل في قلبه وساكت للتاني،,كل طرف شايل في قلبه وساكت للتاني،
هناك الكثير من الـResentment بين الأطراف،,هناك الكثير من ال بين الاطراف،
وعشان كدا، كان لازم ييجي وقت وكل هذه التراكمات تنفجر.,وعشان كدا، كان لازم ييجي وقت وكل هذه التراكمات تنفجر.
علاقة الجيرة بين العرب والفُرس أقدم بكتير من القرن السادس الميلادي،,علاقه الجيره بين العرب والفُرس اقدم بكتير من القرن السادس الميلادي،
أقدم بقرون طويلة،,اقدم بقرون طويله،
الجيرة اللي بينهم كان بيغلب عليها صيغة واحدة بس،,الجيره اللي بينهم كان بيغلب عليها صيغه واحده بس،
ناحية فيها إمبراطوريات فارسية كبيرة،,ناحيه فيها امبراطوريات فارسيه كبيره،
إمبراطوريات متطورة ومتمدنة،,امبراطوريات متطوره ومتمدنه،
الإخمينيين والبارثيين والساسانيين،,الاخمينيين والبارثيين والساسانيين،
شعوب ليها حضارة عريقة ومستقرة،,شعوب ليها حضاره عريقه ومستقره،
شعوب، يا عزيزي، كان عندها جيوش قوية خاضعة لنظام حُكم إمبراطوري،,شعوب، يا عزيزي، كان عندها جيوش قويه خاضعه لنظام حُكم امبراطوري،
الفُرس كانت كتلة محكومة بإمبراطور بيورّثها للي بعده.,الفُرس كانت كتله محكومه بامبراطور بيورّثها للي بعده.
تروح بقى، يا عزيزي، تبص الناحية التانية، ناحية العرب،,تروح بقي، يا عزيزي، تبص الناحيه التانيه، ناحيه العرب،
تلاقي ما حدش طايق أخوه،,تلاقي ما حدش طايق اخوه،
قبائل عربية متناحرة ومتنتوَرة في وسط وشمال الجزيرة.,قبايل عربيه متناحره ومتنتوَره في وسط وشمال الجزيره.
الجيرة بين القبائل العربية والفُرس كانت عبارة عن غارات،,الجيره بين القبايل العربيه والفُرس كانت عباره عن غارات،
علاقة غارات، غارات من العرب على الفُرس،,علاقه غارات، غارات من العرب علي الفُرس،
مقابل محاولات من الفُرس إنها تصد الهجمات الحدودية الخاطفة دي.,مقابل محاولات من الفُرس انها تصد الهجمات الحدوديه الخاطفه دي.
"""طب يا (أبو حميد) ليه الفُرس ما كانوش يروحوا يحتلوهم؟""","""طب يا ابو حميد ليه الفُرس ما كانوش يروحوا يحتلوهم؟"""
الفكرة، يا عزيزي، الفُرس كان صعب إن هما يطاردوا,الفكره، يا عزيزي، الفُرس كان صعب ان هما يطاردوا
هذه القبائل المتشتتة وسط الصحرا،,هذه القبايل المتشتته وسط الصحرا،
اللي هيدخل الصحرا، هيموت عطشان!,اللي هيدخل الصحرا، هيموت عطشان!
ما حدش هيعرف يعيش ويحارب في الصحرا غير أهلها،,ما حدش هيعرف يعيش ويحارب في الصحرا غير اهلها،
وفي الحالة دي، كانوا العرب.,وفي الحاله دي، كانوا العرب.
عشان كدا، الفُرس بدل ما يلعبوها حرب،,عشان كدا، الفُرس بدل ما يلعبوها حرب،
راحوا لاعبينها سياسة،,راحوا لاعبينها سياسه،
الحرب بالوكالة، War by Proxy،,الحرب بالوكاله، ،
"""أنا ليه أحارب بدل ما حد تاني ممكن يحارب بدالي؟","""انا ليه احارب بدل ما حد تاني ممكن يحارب بدالي؟"
أنا ليه أدفع فلوس وأخسر أرواح؟,انا ليه ادفع فلوس واخسر ارواح؟
"ما فيه ناس تانية بأيديولوجيات مختلفة يعملولي هذه التضحيات.""","ما فيه ناس تانيه بايديولوجيات مختلفه يعملولي هذه التضحيات."""
وهنا، يا عزيزي، الفُرس بيقرروا إن هما يستخدموا العرب في محاربة العرب.,وهنا، يا عزيزي، الفُرس بيقرروا ان هما يستخدموا العرب في محاربه العرب.
"""ياه يا (أبو حميد)! فاضل بس كسرى يموتله 9 علماء نووين.""","""ياه يا ابو حميد ! فاضل بس كسري يموتله 9 علماء نووين."""
"الفُرس أسسوا دولة اسمها دولة ""المناذرة"" في ""الحيرة""،","الفُرس اسسوا دوله اسمها دوله ""المناذره"" في ""الحيره""،"
كـ، يا عزيزي، ما يسمى في عالم الحروب بالـBuffer State،,ك، يا عزيزي، ما يسمي في عالم الحروب بال ،
"زي كدا، يا عزيزي، ""أوكرانيا"" بالنسبة لـ""أوروبا""،","زي كدا، يا عزيزي، ""اوكرانيا"" بالنسبه ل""اوروبا""،"
"وزي دوَل ""البلطيق"" بالنسبة لـ""روسيا""،","وزي دوَل ""البلطيق"" بالنسبه ل""روسيا""،"
دي، يا عزيزي، عادةً بتبقى دوَل صغيرة,دي، يا عزيزي، عادهً بتبقي دوَل صغيره
بتفصل، يا حبيبة قلبي، بين قوّتين كبار بينهم مشاكل،,بتفصل، يا حبيبه قلبي، بين قوّتين كبار بينهم مشاكل،
أو احتمال يحصل بينهم مشاكل،,او احتمال يحصل بينهم مشاكل،
ما فيش دولة كبيرة عايزة دولة كبيرة تبقى على حدودها.,ما فيش دوله كبيره عايزه دوله كبيره تبقي علي حدودها.
"بلغة البلدي، يا عزيزي، والملاعب، دولة ""شنكار""، بتمنع إصابات الرُكبة!","بلغه البلدي، يا عزيزي، والملاعب، دوله ""شنكار""، بتمنع اصابات الرُكبه!"
"هناك برضه، يا عزيزي، مصطلح شائع، ""الدولة الوسادة""،","هناك برضه، يا عزيزي، مصطلح شايع، ""الدوله الوساده""،"
دي، يا عزيزي، دولة بتمتص الصدمات!,دي، يا عزيزي، دوله بتمتص الصدمات!
عشان لو فيه دولة على الحدود حكّت فيك،,عشان لو فيه دوله علي الحدود حكّت فيك،
تفضل الإمبراطورية فابريكا، ما تحكّش في صاج الدولة!,تفضل الامبراطوريه فابريكا، ما تحكّش في صاج الدوله!
إلا صاج الدولة!,الا صاج الدوله!
ودا، يا عزيزي، بالفعل اللي حصل في النُص التاني من القرن التالت،,ودا، يا عزيزي، بالفعل اللي حصل في النُص التاني من القرن التالت،
في عهد تالت إمبراطورية فارسية،,في عهد تالت امبراطوريه فارسيه،
اللي هي الإمبراطورية الساسانية،,اللي هي الامبراطوريه الساسانيه،
"اتأسست دولة المناذرة في ""الحيرة""،","اتاسست دوله المناذره في ""الحيره""،"
وزي ما قُلتلك، هي لعبت دور الإكصدام أو الدولة العازلة بشكل عبقري،,وزي ما قُلتلك، هي لعبت دور الاكصدام او الدوله العازله بشكل عبقري،
دي عزلت الإمبراطورية الفارسية عن قوتين مهمين جدًا في هذا الوقت،,دي عزلت الامبراطوريه الفارسيه عن قوتين مهمين جدًا في هذا الوقت،
"من ناحية، الدولة البيزنطية اللي موجودة في ""الشام"" و""الأناضول""،","من ناحيه، الدوله البيزنطيه اللي موجوده في ""الشام"" و""الاناضول""،"
والقبائل العربية اللي موجودة في شبه الجزيرة،,والقبايل العربيه اللي موجوده في شبه الجزيره،
الوضع دا، يا عزيزي، هيخلّي الفُرس في هذا الوقت حاطين إيديهم على العرب،,الوضع دا، يا عزيزي، هيخلّي الفُرس في هذا الوقت حاطين ايديهم علي العرب،
لأن القبائل العربية نفسها,لان القبايل العربيه نفسها
بقت بتبجّل مَلِك المناذرة العرب،,بقت بتبجّل مَلِك المناذره العرب،
"وبقت بتبص لـ""الحيرة"" كحضارة عربية كبرى،","وبقت بتبص ل""الحيره"" كحضاره عربيه كبري،"
والمحظوظ من العرب، يا عزيزي، هو اللي يعرف يخرج من الصحرا,والمحظوظ من العرب، يا عزيزي، هو اللي يعرف يخرج من الصحرا
"ويزور ""الحيرة"" ويشوف جمال ""الحيرة"".","ويزور ""الحيره"" ويشوف جمال ""الحيره""."
تاني، يا عزيزي، دي دولة وسادة للفُرس،,تاني، يا عزيزي، دي دوله وساده للفُرس،
فتخيل لمّا الدولة الوسادة تبقى مرتبة!,فتخيل لمّا الدوله الوساده تبقي مرتبه!
العربي، يا عزيزي، كان يبقى جاي من بيئته القاسية،,العربي، يا عزيزي، كان يبقي جاي من بييته القاسيه،
"يقوم داخل على المناذرة كأنه داخل ""الجونة""،","يقوم داخل علي المناذره كانه داخل ""الجونه""،"
هيشوف الأسواق والطرُق والمحلات،,هيشوف الاسواق والطرُق والمحلات،
"و""سميح ساويرس"" راكب توك توك كهربا، ما تفهمش ""تسلا"" دا ولّا معمول فين!","و""سميح ساويرس"" راكب توك توك كهربا، ما تفهمش ""تسلا"" دا ولّا معمول فين!"
"و""تامر حبيب"" داخل يضحك،","و""تامر حبيب"" داخل يضحك،"
عيشة بقى!,عيشه بقي!
كله كوم، يا عزيزي، والقصور كوم تاني خالص،,كله كوم، يا عزيزي، والقصور كوم تاني خالص،
"قصور زي ""الخورنق"" و""السدير""،","قصور زي ""الخورنق"" و""السدير""،"
العرب كانوا بيعتبروا القصور دي أعجوبة هذا العصر،,العرب كانوا بيعتبروا القصور دي اعجوبه هذا العصر،
لدرجة، يا عزيزي، إن مجرد الوصول ليهم كان حلم يشبه تهيؤات السكارى،,لدرجه، يا عزيزي، ان مجرد الوصول ليهم كان حلم يشبه تهيوات السكاري،
"الشاعر الجاهلي ""المُنَخّل اليَشكُري"" بيقول...","الشاعر الجاهلي ""المُنَخّل اليَشكُري"" بيقول"
"يعني، ""أنا لو شربت شوية، ودماغي سرحت منّي وراحت منّي،","يعني، ""انا لو شربت شويه، ودماغي سرحت منّي وراحت منّي،"
فأنا بأشوف نفسي صاحب القصرين دُول,فانا باشوف نفسي صاحب القصرين دُول
"لكن لو أنا صحيت، فُقت، الدماغ راحت خلاص، ما حيلتيش غير البعير!""","لكن لو انا صحيت، فُقت، الدماغ راحت خلاص، ما حيلتيش غير البعير!"""
"عارف بقى، يا عزيزي، إن هذا المَلِك العربي، اللي بيحكم ""الحيرة""،","عارف بقي، يا عزيزي، ان هذا المَلِك العربي، اللي بيحكم ""الحيره""،"
والعرب بيعتبروه عم الناس،,والعرب بيعتبروه عم الناس،
واللي جه عمل نقلة نوعية في المنطقة،,واللي جه عمل نقله نوعيه في المنطقه،
بيظهر، يا عزيزي، عند العرب كمَلِك عنده هيبة،,بيظهر، يا عزيزي، عند العرب كمَلِك عنده هيبه،
أول بقى ما يروح لكسرى،,اول بقي ما يروح لكسري،
موظف عايز أجازة، موظف ممكن يتخصمله،,موظف عايز اجازه، موظف ممكن يتخصمله،
"""راجل احنا جايبينه ومعيّنينه على (الحيرة)،","""راجل احنا جايبينه ومعيّنينه علي الحيره ،"
"عايزين نمشّيه بُكرة الصبح، هنمشّيه.""","عايزين نمشّيه بُكره الصبح، هنمشّيه."""
كسرى كان بيستخدمه في الأساس عشان يروض العرب.,كسري كان بيستخدمه في الاساس عشان يروض العرب.
"الفُرس من خلال ""الحيرة"" نجحوا في إنهم يفرضوا كلمتهم","الفُرس من خلال ""الحيره"" نجحوا في انهم يفرضوا كلمتهم"
على أغلب شرق وشمال الجزيرة العربية،,علي اغلب شرق وشمال الجزيره العربيه،
"ودا، يا عزيزي، بيفسرلك ليه كسرى ""أنو شروان""","ودا، يا عزيزي، بيفسرلك ليه كسري ""انو شروان"""
"حاول إن هو يفني ويقضي على بني ""تميم""،","حاول ان هو يفني ويقضي علي بني ""تميم""،"
دا ما كانش شايفهم أُمّة تانية،,دا ما كانش شايفهم اُمّه تانيه،
لأ، كان شايفهم مجرد رعايا،,لا، كان شايفهم مجرد رعايا،
شوية متمردين تخطوا حدودهم على أسيادهم من الفُرس.,شويه متمردين تخطوا حدودهم علي اسيادهم من الفُرس.
"وبعد حقبة آل ""شروان"" بـ70 سنة،","وبعد حقبه ال ""شروان"" ب70 سنه،"
"الإمبراطورية الساسانية جالها كسرى جديد اسمه ""سابور بن هُرمز""،","الامبراطوريه الساسانيه جالها كسري جديد اسمه ""سابور بن هُرمز""،"
"""هُرمز""، يا عزيزي، ما كانش عنده ولاد،","""هُرمز""، يا عزيزي، ما كانش عنده ولاد،"
بس مراته لمّا مات، كانت حامل،,بس مراته لمّا مات، كانت حامل،
فكان موصّي بالمُلك لابن مراته الحامل،,فكان موصّي بالمُلك لابن مراته الحامل،
"اللي هو مين ""مستر (سابور)"".","اللي هو مين ""مستر سابور ""."
فاللي حصل، يا عزيزي، الناس بتشوف ولي العهد فين،,فاللي حصل، يا عزيزي، الناس بتشوف ولي العهد فين،
ولي العهد في بطن أمه،,ولي العهد في بطن امه،
فبيعملوا إيه؟ بيحطوا التاج على بطنها.,فبيعملوا ايه؟ بيحطوا التاج علي بطنها.
بصراحة، التاج مش أريح حاجة!,بصراحه، التاج مش اريح حاجه!
ممكن رنجة؟ بأتوحّم!,ممكن رنجه؟ باتوحّم!
"عشان، يا عزيزي، ""سابور"" يتولد مَلِك.","عشان، يا عزيزي، ""سابور"" يتولد مَلِك."
"العرب هنا، يا عزيزي، بيفكروا: ""إيه دا؟! دي حاجة ممتازة،","العرب هنا، يا عزيزي، بيفكروا: ""ايه دا دي حاجه ممتازه،"
الملك جاي من السونار، لسة حتى ما سننش!,الملك جاي من السونار، لسه حتي ما سننش!
المَلِك لسة قُدّامه كام سنة ويسنن،,المَلِك لسه قُدّامه كام سنه ويسنن،
"هنا، الإمبراطورية الفارسية ليست في أحسن أوضاعها.""","هنا، الامبراطوريه الفارسيه ليست في احسن اوضاعها."""
"بدأ العرب يهاجروا لجنوب ""فارس"" ويزاحموا الفُرس.","بدا العرب يهاجروا لجنوب ""فارس"" ويزاحموا الفُرس."
"""الطبري"" بيقول على الحدث دا:","""الطبري"" بيقول علي الحدث دا:"
"""سار جمعٌ عظيم منهم في البحر","""سار جمعٌ عظيم منهم في البحر"
"من ناحية بلاد (عبد القيس) و(البحرين) و(كاظمة).""","من ناحيه بلاد عبد القيس و البحرين و كاظمه ."""
"بيقول، يا عزيزي، ""الطبري"" إن هما هاجروا بأعداد عظيمة،","بيقول، يا عزيزي، ""الطبري"" ان هما هاجروا باعداد عظيمه،"
وكمان، بيقول إن العرب لمّا راحوا للفُرس,وكمان، بيقول ان العرب لمّا راحوا للفُرس
غلبوا أهلها على مواشيهم وحروثهم ومعايشهم،,غلبوا اهلها علي مواشيهم وحروثهم ومعايشهم،
يعني، بالبلدي كدا، ما سابوش حاجة تتاكل عندهم، إلا وكلوها.,يعني، بالبلدي كدا، ما سابوش حاجه تتاكل عندهم، الا وكلوها.
فضل، يا عزيزي، الوضع دا مكمّل 16 سنة،,فضل، يا عزيزي، الوضع دا مكمّل 16 سنه،
العرب قعدوا يتغذوا كدا على ممتلكات الفُرس،,العرب قعدوا يتغذوا كدا علي ممتلكات الفُرس،
ومش واخدين بالهم إن هما طوّلوا شوية وفيه حاجة عمّالة تحصل هناك،,ومش واخدين بالهم ان هما طوّلوا شويه وفيه حاجه عمّاله تحصل هناك،
"""سابور"" كبر وبلغ، يا عزيزي،","""سابور"" كبر وبلغ، يا عزيزي،"
أمر بتجهيز الجيش،,امر بتجهيز الجيش،
وبدأ في إنه يطرد القبائل العربية، اللي كانوا موجودين في أراضي الفُرس.,وبدا في انه يطرد القبايل العربيه، اللي كانوا موجودين في اراضي الفُرس.
وما اكتفاش بس إن هو يهاجمهم في الساحل الشرقي للخليج،,وما اكتفاش بس ان هو يهاجمهم في الساحل الشرقي للخليج،
لأ، دا كمان عدّالهم الناحية التانية،,لا، دا كمان عدّالهم الناحيه التانيه،
"غزا بلاد العرب، لحد ما وصل لحدود ""المدينة""،","غزا بلاد العرب، لحد ما وصل لحدود ""المدينه""،"
أي عربي بيقابله، كان بيقتله،,اي عربي بيقابله، كان بيقتله،
ما كانش بيقبل لا فدية ولا شفاعة.,ما كانش بيقبل لا فديه ولا شفاعه.
وبسبب، يا عزيزي، هذه الحملة، وبسبب تنكيله بالعرب،,وبسبب، يا عزيزي، هذه الحمله، وبسبب تنكيله بالعرب،
"""سابور"" أُطلق عليه ""ذو الأكتاف""،","""سابور"" اُطلق عليه ""ذو الاكتاف""،"
"بيقول المستشرق ""آرثر كريستنسين""","بيقول المستشرق ""ارثر كريستنسين"""
"في كتابه ""(إيران) في عهد الساسانيين""","في كتابه "" ايران في عهد الساسانيين"""
"""أطلق الإيرانيون على (سابور) لقب (ذي الأكتاف).""","""اطلق الايرانيون علي سابور لقب ذي الاكتاف ."""
ليه؟ لأن الروايات بتقول,ليه؟ لان الروايات بتقول
إنه كان في حربه الشديدة مع العرب,انه كان في حربه الشديده مع العرب
كان، يا عزيزي، بينقب أكتاف أسراهم،,كان، يا عزيزي، بينقب اكتاف اسراهم،
يعني بيخلّع ويخرّم كتافهم!,يعني بيخلّع ويخرّم كتافهم!
"""إيه يا (أبو حميد) الإجرام دا؟! الناس تلمس أكتاف!","""ايه يا ابو حميد الاجرام دا الناس تلمس اكتاف!"
أنا أعرف ناس، يا (أبو حميد)، بتخرم في أماكن أخرى،,انا اعرف ناس، يا ابو حميد ، بتخرم في اماكن اخري،
"على سبيل الـPiercing. لكن أكتاف؟!""","علي سبيل ال . لكن اكتاف """
ما هو دي، يا عزيزي، موازين العلاقة ساعتها،,ما هو دي، يا عزيزي، موازين العلاقه ساعتها،
زي ما قُلتلك، الفُرس كانت إمبراطورية قوية متغطرسة،,زي ما قُلتلك، الفُرس كانت امبراطوريه قويه متغطرسه،
قصاد قبائل عربية متنتوَرة،,قصاد قبايل عربيه متنتوَره،
قبائل أقصى طموحاتها إنها تجيب لقمتها، عايشين اليوم بيومه.,قبايل اقصي طموحاتها انها تجيب لقمتها، عايشين اليوم بيومه.
تمُر، يا عزيزي، سنين وسنين،,تمُر، يا عزيزي، سنين وسنين،
ويفضل الحال على ما هو عليه،,ويفضل الحال علي ما هو عليه،
السيادة للفُرس، والخضوع للعرب،,السياده للفُرس، والخضوع للعرب،
بيوصف الشاعر...,بيوصف الشاعر
رهبة العرب من الفُرس، وبيقول، عشان يعني يدّيك Picture للموضوع عامل ازاي...,رهبه العرب من الفُرس، وبيقول، عشان يعني يدّيك للموضوع عامل ازاي
يعني، بتخُش تفتح القلعة كدا، من غير حرب.,يعني، بتخُش تفتح القلعه كدا، من غير حرب.
يعني قاعد مراقبك وحاطط عينه عليك، See First!,يعني قاعد مراقبك وحاطط عينه عليك، !
لو عربي فكر يشبّ بس،,لو عربي فكر يشبّ بس،
"الفُرس هيفكروه فورًا بمجزرة بني ""تميم""،","الفُرس هيفكروه فورًا بمجزره بني ""تميم""،"
أو هيفكروه بالعرب اللي أكتافهم اتخلّعت!,او هيفكروه بالعرب اللي اكتافهم اتخلّعت!
فضل، يا عزيزي، الوضع كدا لمئات السنين،,فضل، يا عزيزي، الوضع كدا لميات السنين،
سيادة فارسية، خضوع عربي،,سياده فارسيه، خضوع عربي،
"والمناذرة حُكّام ""الحيرة"" حلفاء للفُرس وتحت طاعتهم.","والمناذره حُكّام ""الحيره"" حلفاء للفُرس وتحت طاعتهم."
وهنا، بعض أكاسرة الفُرس، جمع كسرى،,وهنا، بعض اكاسره الفُرس، جمع كسري،
اللي هو طبعًا، يا عزيزي، زي ما انت لاحظت، كسرى مش اسم واحد، دا اسم الصنف،,اللي هو طبعًا، يا عزيزي، زي ما انت لاحظت، كسري مش اسم واحد، دا اسم الصنف،
مش اسم شخص بعينه، دي الوظيفة،,مش اسم شخص بعينه، دي الوظيفه،
زي قيصر، المَلِك، السلطان، كدا يعني.,زي قيصر، المَلِك، السلطان، كدا يعني.
"المهم، يا عزيزي، بعض الأمراء بدأوا يتربوا ويروحوا يتعلموا في ""الحيرة""،","المهم، يا عزيزي، بعض الامراء بداوا يتربوا ويروحوا يتعلموا في ""الحيره""،"
وفيه اللي كبر منهم وبقى كسرى أد الدنيا،,وفيه اللي كبر منهم وبقي كسري اد الدنيا،
"زي كسرى ""بهرام جور""،","زي كسري ""بهرام جور""،"
دا كسرى نشأ بين العرب،,دا كسري نشا بين العرب،
"بيقول ""ابن الجوزي"" عنه في كتابه ""المنتظم في تاريخ الملوك والأمم""...","بيقول ""ابن الجوزي"" عنه في كتابه ""المنتظم في تاريخ الملوك والامم"""
"""ابن الجوزي"" بيقول: ""لمّا (بهرام) اتولد،","""ابن الجوزي"" بيقول: ""لمّا بهرام اتولد،"
أبوه طلب من المنجمين: ما تشوفلنا مستقبل الواد دا عامل ازاي,ابوه طلب من المنجمين: ما تشوفلنا مستقبل الواد دا عامل ازاي
عندكم في المستقبل كدا.,عندكم في المستقبل كدا.
المنجّمين بعد ما فتحوا المندل،,المنجّمين بعد ما فتحوا المندل،
قالوله: سيادتك، الواد دا لازم يروح يتربى وسط العرب.,قالوله: سيادتك، الواد دا لازم يروح يتربي وسط العرب.
فقام كسرى سمع الكلام ومشي ورا كلامهم،,فقام كسري سمع الكلام ومشي ورا كلامهم،
وقام جايب (المنذر بن النعمان)، وقام مدّيله الولد،,وقام جايب المنذر بن النعمان ، وقام مدّيله الولد،
الولد دا يا (منذر) يتربى عندكم،,الولد دا يا منذر يتربي عندكم،
"وانت هتبقى رئيس على العرب.""","وانت هتبقي رييس علي العرب."""
"وفضلت، يا عزيزي، دولة المناذرة في ""الحيرة"" تابعة للفُرس.","وفضلت، يا عزيزي، دوله المناذره في ""الحيره"" تابعه للفُرس."
"بيفضل، يا عزيزي، الوضع كدا لحد ما بيوصل للحُكم ""المنذر بن المنذر""،","بيفضل، يا عزيزي، الوضع كدا لحد ما بيوصل للحُكم ""المنذر بن المنذر""،"
مبدئيًا، تحس اسمه عِند!,مبدييًا، تحس اسمه عِند!
"""المنذر""، يا عزيزي، هو رقم 18 في قائمة ملوك ""الحيرة""،","""المنذر""، يا عزيزي، هو رقم 18 في قايمه ملوك ""الحيره""،"
"وفقًا، يا عزيزي، لواحد اسمه ""ابن الكلبي"".","وفقًا، يا عزيزي، لواحد اسمه ""ابن الكلبي""."
"بموت ""المنذر"" بدأت جذور الأزمة،","بموت ""المنذر"" بدات جذور الازمه،"
"وكان لازم كسرى يختار واحد من عيال ""المنذر"" الـ10،","وكان لازم كسري يختار واحد من عيال ""المنذر"" ال10،"
"عشان يخلّيه خليفة الحُكم في ""الحيرة""،","عشان يخلّيه خليفه الحُكم في ""الحيره""،"
زي ما قُلتلك، يا عزيزي، دا مش حُكم،,زي ما قُلتلك، يا عزيزي، دا مش حُكم،
"دي وظيفة، Job Title، عند ""مستر"" كسرى،","دي وظيفه، ، عند ""مستر"" كسري،"
CEO And Founder of فُرس.,فُرس.
وقتها، يا عزيزي، المرشحين البارزين كانوا 2،,وقتها، يا عزيزي، المرشحين البارزين كانوا 2،
دُول، يا عزيزي، اللي دخلوا الإعادة قصاد بعض،,دُول، يا عزيزي، اللي دخلوا الاعاده قصاد بعض،
"الأول هو ""الأسوَد بن المنذر""،","الاول هو ""الاسوَد بن المنذر""،"
"دا، يا عزيزي، كان بيتلقى دعم من مجموعة اسمها بني ""مرينا""،","دا، يا عزيزي، كان بيتلقي دعم من مجموعه اسمها بني ""مرينا""،"
دي واحدة من القبائل القحطانية، هما اللي ربوه،,دي واحده من القبايل القحطانيه، هما اللي ربوه،
ودي، يا عزيزي، كانت عادة عند العرب،,ودي، يا عزيزي، كانت عاده عند العرب،
بتبعت ابنك حتة يتربى فيها.,بتبعت ابنك حته يتربي فيها.
"المنافس، يا عزيزي، الناحية التانية، هو الأخ ""النعمان بن المنذر""،","المنافس، يا عزيزي، الناحيه التانيه، هو الاخ ""النعمان بن المنذر""،"
"اللي رباه مين؟ بنو ""زيد"" العدنانيين.","اللي رباه مين؟ بنو ""زيد"" العدنانيين."
احنا، يا عزيزي، دلوقتي أمام وضع صعب،,احنا، يا عزيزي، دلوقتي امام وضع صعب،
أخين بيتنافسوا على الحُكم،,اخين بيتنافسوا علي الحُكم،
كل واحد متربي في قبيلة بتعادي التانية،,كل واحد متربي في قبيله بتعادي التانيه،
"فاحنا، يا عزيزي، تاني، قُدّام ""الأسوَد"" و""النعمان"".","فاحنا، يا عزيزي، تاني، قُدّام ""الاسوَد"" و""النعمان""."
"بنو ""زيد"" اللي بيدعموا ""النعمان""، زي ما قُلتلك،","بنو ""زيد"" اللي بيدعموا ""النعمان""، زي ما قُلتلك،"
"كان ليهم ميزة وأفضلية على بني ""مرينا""،","كان ليهم ميزه وافضليه علي بني ""مرينا""،"
"الميزة دي كانت إن عندهم راجل اسمه ""عُدَي بن زيد""،","الميزه دي كانت ان عندهم راجل اسمه ""عُدَي بن زيد""،"
الراجل دا، يا عزيزي، أهميته أنه كان محل ثقة كسرى،,الراجل دا، يا عزيزي، اهميته انه كان محل ثقه كسري،
متربي في قصره ومسئول البريد والترجمة،,متربي في قصره ومسيول البريد والترجمه،
سكرتير كسرى، مدير مكتبه!,سكرتير كسري، مدير مكتبه!
والأهم، إن كسرى كان بيهتم برأي الراجل دا وبيسمع منه.,والاهم، ان كسري كان بيهتم براي الراجل دا وبيسمع منه.
"""عُدي بن زيد"" دا، اللي بأحكيلك عنه،","""عُدي بن زيد"" دا، اللي باحكيلك عنه،"
"كان مصلحته إن تلميذه وحليفه ""النعمان بن المنذر""","كان مصلحته ان تلميذه وحليفه ""النعمان بن المنذر"""
"هو اللي يحكم ""الحيرة""،","هو اللي يحكم ""الحيره""،"
"عشان كدا، لمّا كسرى بعت ""عُدي"" يستدعي أولاد ""المنذر"" العشرة كلهم،","عشان كدا، لمّا كسري بعت ""عُدي"" يستدعي اولاد ""المنذر"" العشره كلهم،"
"""يلّا تعالوا، يلّا هنختار مين يمسك مكان بابا، ويقتل إخواته. هه!""","""يلّا تعالوا، يلّا هنختار مين يمسك مكان بابا، ويقتل اخواته. هه!"""
ومن هنا، يا عزيزي، زي ما قُلتلك،,ومن هنا، يا عزيزي، زي ما قُلتلك،
"""عُدي"" بدأ يخطط إن هو يخلّي ""النعمان"" على عرش ""الحيرة""،","""عُدي"" بدا يخطط ان هو يخلّي ""النعمان"" علي عرش ""الحيره""،"
فراح، يا عزيزي، للناس المنافسين التانيين،,فراح، يا عزيزي، للناس المنافسين التانيين،
"وقالّهم: ""كسرى هيعمل معاكم (إنترفيوهات) شخصية،","وقالّهم: ""كسري هيعمل معاكم انترفيوهات شخصيه،"
كل واحد لوحده،,كل واحد لوحده،
يا ريت كل واحد ييجي لابس أفخم حاجة عنده،,يا ريت كل واحد ييجي لابس افخم حاجه عنده،
وييجي مأدبة عشاء،,وييجي مادبه عشاء،
وبلاش بقى الشغل إياه، هنقعد كل واحد ياكل بالشوكة والسكينة.,وبلاش بقي الشغل اياه، هنقعد كل واحد ياكل بالشوكه والسكينه.
تمضغوا على مهلكم بمنتهى التأني والتحضر.,تمضغوا علي مهلكم بمنتهي التاني والتحضر.
ولو كسرى سألكم: هل تكفونني شر العرب؟,ولو كسري سالكم: هل تكفونني شر العرب؟
هتقولوا إيه؟ هتقولوا: آه، طبعًا، أيوة، فخامتك.,هتقولوا ايه؟ هتقولوا: اه، طبعًا، ايوه، فخامتك.
وهيسألكم برضه، هييجي في الامتحان، ذاكروا كويس، واحفظوا الرد،,وهيسالكم برضه، هييجي في الامتحان، ذاكروا كويس، واحفظوا الرد،
لو فيه حد منكم تمرد عليا، هتحاربوا بالنيابة عني؟,لو فيه حد منكم تمرد عليا، هتحاربوا بالنيابه عني؟
نقولّه: أيوة سيادتك؟ لأ،,نقولّه: ايوه سيادتك؟ لا،
في دي، تقولوله: لأ طبعًا،,في دي، تقولوله: لا طبعًا،
"عشان ما يشوفكومش ضُعفا ويستقوى عليكم.""","عشان ما يشوفكومش ضُعفا ويستقوي عليكم."""
"""طب يا (أبو حميد) أهو، ما الراجل طيب أهو وبينصح الإخوات،","""طب يا ابو حميد اهو، ما الراجل طيب اهو وبينصح الاخوات،"
"الله! شيء جميل! بيحاول يبقى Objective.""","الله! شيء جميل! بيحاول يبقي ."""
يا عبيط! الراجل بيغششهم غلط،,يا عبيط! الراجل بيغششهم غلط،
حركات دحّيحة الدُفعة دي، أنا عارفها كويس!,حركات دحّيحه الدُفعه دي، انا عارفها كويس!
"بيحاول يسقّط إخوات ""النعمان بن المنذر""،","بيحاول يسقّط اخوات ""النعمان بن المنذر""،"
عشان هو ينجح، وهما يسقطوا.,عشان هو ينجح، وهما يسقطوا.
"لأن ""عُدي بن زيد"" راح لـ""النعمان"" حليفه وصاحبه،","لان ""عُدي بن زيد"" راح ل""النعمان"" حليفه وصاحبه،"
"""سمعت اللي أنا قُلته لإخواتك؟","""سمعت اللي انا قُلته لاخواتك؟"
انت تعمل عكسه تمامًا،,انت تعمل عكسه تمامًا،
تلبس لبس عملي وبسيط، مع سلاح خفيف،,تلبس لبس عملي وبسيط، مع سلاح خفيف،
خنجر في الجنب كدا، عشان كسرى بيحب الرجالة العملية الخفيفة،,خنجر في الجنب كدا، عشان كسري بيحب الرجاله العمليه الخفيفه،
ولمّا تاكل، عايزك تهبش بإيدك,ولمّا تاكل، عايزك تهبش بايدك
وتمضغ وتبلع بسرعة، كأنك مستعجل،,وتمضغ وتبلع بسرعه، كانك مستعجل،
هي دي فكرة الفُرس عن العرب،,هي دي فكره الفُرس عن العرب،
إن العرب عندهم نهم وشراهة، ودايمًا وراهم حرب،,ان العرب عندهم نهم وشراهه، ودايمًا وراهم حرب،
أنا عايزك ترسّخ الصورة دي عند كسرى،,انا عايزك ترسّخ الصوره دي عند كسري،
ولو سألك: لو إخواتك اتمردوا عليا، هتعمل إيه؟,ولو سالك: لو اخواتك اتمردوا عليا، هتعمل ايه؟
تقوم قايلّه بفخر...,تقوم قايلّه بفخر
"يعني بالبلدي كدا، ""لو ما قدرتش على العيال إخواتي دي،","يعني بالبلدي كدا، ""لو ما قدرتش علي العيال اخواتي دي،"
أنا ما أقدرش على حد!,انا ما اقدرش علي حد!
"أبقى ضعيف، وأنا مش ضعيف.""","ابقي ضعيف، وانا مش ضعيف."""
"الخطة دي خلّت كسرى يُعجب جدًا بـ""النعمان"" عن بقية إخواته،","الخطه دي خلّت كسري يُعجب جدًا ب""النعمان"" عن بقيه اخواته،"
الراجل دخل اللجنة معاه نموذج الإجابة،,الراجل دخل اللجنه معاه نموذج الاجابه،
"كسرى حبه خصوصًا عن أخوه ""أسوَد""،","كسري حبه خصوصًا عن اخوه ""اسوَد""،"
"واختار ""النعمان"" يكون خليفة أبوه ""المنذر"" في حُكم ""الحيرة""،","واختار ""النعمان"" يكون خليفه ابوه ""المنذر"" في حُكم ""الحيره""،"
"و""عُدي بن زيد"" كان طاير من السعادة،","و""عُدي بن زيد"" كان طاير من السعاده،"
ليه؟ لأن خطته نجحت.,ليه؟ لان خطته نجحت.
"الناحية التانية بقى، بني ""مرينا"" حلفاء ""أسوَد بن المنذر""","الناحيه التانيه بقي، بني ""مرينا"" حلفاء ""اسوَد بن المنذر"""
دُول، يا عزيزي، اتقهروا قهرة ما يعلمش بيها إلا ربنا،,دُول، يا عزيزي، اتقهروا قهره ما يعلمش بيها الا ربنا،
"وخصوصًا، راجل هناك غني وذكي اسمه ""عُدي بن مرينا""،","وخصوصًا، راجل هناك غني وذكي اسمه ""عُدي بن مرينا""،"
"فكل أخ من دُول، يا عزيزي، بقى عنده ""منذر""، بابا،","فكل اخ من دُول، يا عزيزي، بقي عنده ""منذر""، بابا،"
"و""عُدي"" بيراعي ظروفه!","و""عُدي"" بيراعي ظروفه!"
"بني ""مرينا"" كانوا شايفين إن دا حرام،","بني ""مرينا"" كانوا شايفين ان دا حرام،"
"""احنا نقعد نصرف ونكبّر ونربي الواد دا وسطينا،","""احنا نقعد نصرف ونكبّر ونربي الواد دا وسطينا،"
وفي الآخر، يطير منه المُلك، ويروح لأخوه؟!,وفي الاخر، يطير منه المُلك، ويروح لاخوه
طب ما كنا ربينا أخوه!,طب ما كنا ربينا اخوه!
"كدا، استثمارنا الأهم هيصبح أمير هامشي وسط المناذرة!""","كدا، استثمارنا الاهم هيصبح امير هامشي وسط المناذره!"""
"""عدي بن مرينا"" قرر إن هو مش هيسكت،","""عدي بن مرينا"" قرر ان هو مش هيسكت،"
وهيبدأ، يا عزيزي، سلسلة من الأحداث هتولّع الدنيا،,وهيبدا، يا عزيزي، سلسله من الاحداث هتولّع الدنيا،
"هيعمل إيه؟ هينتقم من ""عُدي بن زيد""، اللي ساعد في اختيار ""النعمان"".","هيعمل ايه؟ هينتقم من ""عُدي بن زيد""، اللي ساعد في اختيار ""النعمان""."
"""يا ترى، يا (أبو حميد)، هينتقم منه ازاي؟ بالحرب؟""","""يا تري، يا ابو حميد ، هينتقم منه ازاي؟ بالحرب؟"""
لا، يا عزيزي، الحرب دا طريقة الغُشَما،,لا، يا عزيزي، الحرب دا طريقه الغُشَما،
"""ابن مرينا"" هيلعبها لعبة زنبقة وأسافين!","""ابن مرينا"" هيلعبها لعبه زنبقه واسافين!"
خلاص، الراجل رضي بالأمر الواقع،,خلاص، الراجل رضي بالامر الواقع،
"""النعمان بن المنذر"" كسرى هو اللي اختاره،","""النعمان بن المنذر"" كسري هو اللي اختاره،"
خلاص، يلّا، أمر واقع!,خلاص، يلّا، امر واقع!
"بس بشوية مكر بقى كدا، هنبدأ نلعب عند بلاط ""النعمان""،","بس بشويه مكر بقي كدا، هنبدا نلعب عند بلاط ""النعمان""،"
"""عُدي بن مرينا"" هيبقى وجه دائم موجود في قصر ""الحيرة""،","""عُدي بن مرينا"" هيبقي وجه دايم موجود في قصر ""الحيره""،"
وهيستغل ثراءه الفاحش وفلوسه الكتير،,وهيستغل ثراءه الفاحش وفلوسه الكتير،
"وهيقوم مدّي هدايا كتير على الملك ""النعمان"" وحاشيته،","وهيقوم مدّي هدايا كتير علي الملك ""النعمان"" وحاشيته،"
وكمان، شاركه في التجارة بتاعته، وساعده في أي حاجة هو محتاجها،,وكمان، شاركه في التجاره بتاعته، وساعده في اي حاجه هو محتاجها،
"""عايز تجهّز جيش يا عم (النعمان)؟ عينينا، خُد سلاح.","""عايز تجهّز جيش يا عم النعمان ؟ عينينا، خُد سلاح."
"عايز طرُق وجسور؟ أحلى طرُق وجسور.""","عايز طرُق وجسور؟ احلي طرُق وجسور."""
"وهكذا، يا عزيزي، ""ابن مرينا"" فضل يتسلل","وهكذا، يا عزيزي، ""ابن مرينا"" فضل يتسلل"
"لحد ما استقر في بلاط ""النعمان"".","لحد ما استقر في بلاط ""النعمان""."
هيبدأ بقى، يا عزيزي، يعمل Conspiracy، مؤامرة،,هيبدا بقي، يا عزيزي، يعمل ، موامره،
"هيوقّع بين المَلِك ""النعمان"" و""عُدي بن زيد"".","هيوقّع بين المَلِك ""النعمان"" و""عُدي بن زيد""."
"المصادر، يا عزيزي، بتوصفلنا ازاي بدأ ""ابن مرينا""","المصادر، يا عزيزي، بتوصفلنا ازاي بدا ""ابن مرينا"""
يعمل ما يُعرف بدس السم في العسل،,يعمل ما يُعرف بدس السم في العسل،
حفظكم الله وحفظنا.,حفظكم الله وحفظنا.
"مثلًا، لو جيت سيرة ""عُدي بن زيد"" عند ""النعمان""،","مثلًا، لو جيت سيره ""عُدي بن زيد"" عند ""النعمان""،"
"كان ""ابن مرينا"" يعمل إيه؟ يُثني عليه،","كان ""ابن مرينا"" يعمل ايه؟ يُثني عليه،"
"بس يقوم قافل جملته كدا، ويقول: ""بس الراجل كدا فيه شوية مكر وخديعة،","بس يقوم قافل جملته كدا، ويقول: ""بس الراجل كدا فيه شويه مكر وخديعه،"
وبعدين، سموك، لو تفتكر، الراجل دا عدناني،,وبعدين، سموك، لو تفتكر، الراجل دا عدناني،
هو راجل محترم جدًا، بس مشكلته إنه عدناني،,هو راجل محترم جدًا، بس مشكلته انه عدناني،
"مش سالك شوية. بس محترم.""","مش سالك شويه. بس محترم."""
"لأ، وكمان ""ابن مرينا"" ظبّط مع رجالته في بلاط ""النعمان""","لا، وكمان ""ابن مرينا"" ظبّط مع رجالته في بلاط ""النعمان"""
"إن لو جت سيرة ""عُدي بن زيد""، يقولوا:","ان لو جت سيره ""عُدي بن زيد""، يقولوا:"
"""دا راجل محترم وصح الصح،","""دا راجل محترم وصح الصح،"
إياكش بس بيزعم إن هو اللي مسّك الملك (النعمان) على (الحيرة).,اياكش بس بيزعم ان هو اللي مسّك الملك النعمان علي الحيره .
كل شوية يقعد يقولّك: أنا اللي جبت (النعمان)، أنا اللي عملته،,كل شويه يقعد يقولّك: انا اللي جبت النعمان ، انا اللي عملته،
دا فقاعة، أنا اللي نافخها،,دا فقاعه، انا اللي نافخها،
"بس هو راجل محترم.""","بس هو راجل محترم."""
"""ابن مرينا""، يا عزيزي، فضل شغال من ناحية على الملك،","""ابن مرينا""، يا عزيزي، فضل شغال من ناحيه علي الملك،"
عمّال يديله هدايا ويدلّع فيه وياخده معاه رحلات،,عمّال يديله هدايا ويدلّع فيه وياخده معاه رحلات،
ومن الناحية التانية، عمّال يبخ سِم.,ومن الناحيه التانيه، عمّال يبخ سِم.
"الحقيقة، يا عزيزي، إن الكلام دا ما بيدخلش أوي على ""النعمان""،","الحقيقه، يا عزيزي، ان الكلام دا ما بيدخلش اوي علي ""النعمان""،"
"بيفضل فاكر الجميل لـ""عُدي بن زيد""،","بيفضل فاكر الجميل ل""عُدي بن زيد""،"
ومش ناسي إن هو اللي غششه في الامتحان قُدّام كسرى،,ومش ناسي ان هو اللي غششه في الامتحان قُدّام كسري،
"عشان كدا، ""ابن مرينا"" لمّا لقى إن كل ألاعيبه دي مش شغالة،","عشان كدا، ""ابن مرينا"" لمّا لقي ان كل الاعيبه دي مش شغاله،"
لجأ لأرخص أشكال التوقيع بين اتنين، التدليس،,لجا لارخص اشكال التوقيع بين اتنين، التدليس،
"""هنبدأ عملية (فبركة).""","""هنبدا عمليه فبركه ."""
"بنقرا في كتاب ""أيام العرب في الجاهلية""","بنقرا في كتاب ""ايام العرب في الجاهليه"""
"""فبركوا"" رسالة، يا عزيزي، فيها توقيع ""عُدي بن زيد"" بيشتم المَلِك،","""فبركوا"" رساله، يا عزيزي، فيها توقيع ""عُدي بن زيد"" بيشتم المَلِك،"
وقال يعني بعديها قفشوا الرسالة دي،,وقال يعني بعديها قفشوا الرساله دي،
"وقاموا موديينها لـ""النعمان""، عشان يشوف شتيمته بعينيه.","وقاموا موديينها ل""النعمان""، عشان يشوف شتيمته بعينيه."
"هنا، يا عزيزي، ""ابن مرينا"" وأتباعه","هنا، يا عزيزي، ""ابن مرينا"" واتباعه"
"بينجحوا إن هما يزرعوا الكراهية والضغينة في قلب ""النعمان"" تجاه ""عُدي"".","بينجحوا ان هما يزرعوا الكراهيه والضغينه في قلب ""النعمان"" تجاه ""عُدي""."
"""النعمان""، يا عزيزي، من غضبه بعت يستدعي ""عُدي بن زيد""،","""النعمان""، يا عزيزي، من غضبه بعت يستدعي ""عُدي بن زيد""،"
جابه من العاصمة الفارسية برسالة تبدو بريئة،,جابه من العاصمه الفارسيه برساله تبدو برييه،
"""واحشني والله يا أخويا، ما تيجي نطلع رحلة صيد سوا زي زمان.""","""واحشني والله يا اخويا، ما تيجي نطلع رحله صيد سوا زي زمان."""
"""عُدي""، يا عزيزي، بياخد إذن من كسرى،","""عُدي""، يا عزيزي، بياخد اذن من كسري،"
"وبيطلع على ""النعمان""، ما كانش عارف إن هو راح للمصيدة!","وبيطلع علي ""النعمان""، ما كانش عارف ان هو راح للمصيده!"
"وبمجرد ما بيدخل ""الحيرة""،","وبمجرد ما بيدخل ""الحيره""،"
"بيتقبض عليه، وبيترمي في السجن بأوامر من ""النعمان""،","بيتقبض عليه، وبيترمي في السجن باوامر من ""النعمان""،"
ودي هتكون بداية النهاية بين الحليفين.,ودي هتكون بدايه النهايه بين الحليفين.
وبداية حرب مريرة هتغيّر شكل المستقبل.,وبدايه حرب مريره هتغيّر شكل المستقبل.
"من قلب زنزانته، يا عزيزي، بدأ ""عُدي"" يبعت رسايل","من قلب زنزانته، يا عزيزي، بدا ""عُدي"" يبعت رسايل"
"يتوسل فيها لـ""النعمان""،","يتوسل فيها ل""النعمان""،"
"لكن خلاص، ""ابن مرينا"" كان اتمكن من ""النعمان""،","لكن خلاص، ""ابن مرينا"" كان اتمكن من ""النعمان""،"
وزي ما بيقولوا، أوغر صدره على صديقه للأبد.,وزي ما بيقولوا، اوغر صدره علي صديقه للابد.
"ولمّا طالت أيام ""عُدي"" في الحبس،","ولمّا طالت ايام ""عُدي"" في الحبس،"
اتصرّف، يا عزيزي، ولقى طريقة يبعت بيها رسالة استغاثة،,اتصرّف، يا عزيزي، ولقي طريقه يبعت بيها رساله استغاثه،
بعت لأخوه اللي شغال في بلاط كسرى،,بعت لاخوه اللي شغال في بلاط كسري،
"""SOS، الحقني!""",""" ، الحقني!"""
"وبمجرد وصول الرسالة لأخو ""عُدي""،","وبمجرد وصول الرساله لاخو ""عُدي""،"
قام رايح، يا عزيزي، الأخ على كسرى يستنجد بيه،,قام رايح، يا عزيزي، الاخ علي كسري يستنجد بيه،
"""الحقنا يا عم كسرى، أخويا، خدّامك المطيع،","""الحقنا يا عم كسري، اخويا، خدّامك المطيع،"
"محبوس عند ملك (الحيرة)!""","محبوس عند ملك الحيره !"""
كسرى، يا عزيزي، هنا انزعج،,كسري، يا عزيزي، هنا انزعج،
"وكتب أمر رسمي بالإفراج عن ""عُدي""،","وكتب امر رسمي بالافراج عن ""عُدي""،"
"وراح باعت الأمر دا لـ""النعمان"" مع أخو ""عُدي"".","وراح باعت الامر دا ل""النعمان"" مع اخو ""عُدي""."
"الأخ خد المرسوم من هنا، وطلع جري على ""الحيرة""،","الاخ خد المرسوم من هنا، وطلع جري علي ""الحيره""،"
"وأول ما بيوصل، يا عزيزي، ما بيقومش رايح لـ""النعمان"" على طول،","واول ما بيوصل، يا عزيزي، ما بيقومش رايح ل""النعمان"" علي طول،"
بيروح يشوف أخوه في السجن الأول،,بيروح يشوف اخوه في السجن الاول،
وقام مطلّع الجواب للحراس، اللي أول ما شافوا الختم الإمبراطوري،,وقام مطلّع الجواب للحراس، اللي اول ما شافوا الختم الامبراطوري،
فزّوا واترعبوا، وراحوا أوام مدخّلينه زيارة لأخوه،,فزّوا واترعبوا، وراحوا اوام مدخّلينه زياره لاخوه،
"""خُش، اتفضل!""","""خُش، اتفضل!"""
لمّا الأخ دخل السجن، قام مبشّر أخوه وقام قايلّه:,لمّا الاخ دخل السجن، قام مبشّر اخوه وقام قايلّه:
"""ابسط يا عم، أنا طالع حالًا لـ(النعمان)،","""ابسط يا عم، انا طالع حالًا ل النعمان ،"
"هأوريه أمر كسرى، وهنمشي في الإجراءات.""","هاوريه امر كسري، وهنمشي في الاجراءات."""
"الحقيقة، يا عزيزي، إن ""عُدي"" قضّى وقت كبير جدًا مع ""النعمان""،","الحقيقه، يا عزيزي، ان ""عُدي"" قضّي وقت كبير جدًا مع ""النعمان""،"
زي ما قُلتلك، هما كانوا حلفاء،,زي ما قُلتلك، هما كانوا حلفاء،
كان عارف عناده،,كان عارف عناده،
ففضل يترجى أخوه إنه يفضل قاعد معاه في الزنزانة،,ففضل يترجي اخوه انه يفضل قاعد معاه في الزنزانه،
"ومن الزنزانة، يبعتوا الرسالة لـ""النعمان""،","ومن الزنزانه، يبعتوا الرساله ل""النعمان""،"
"""عُدي"" قالّه: ""لو طلعت من الزنزانة، لو سيبتني لوحدي،","""عُدي"" قالّه: ""لو طلعت من الزنزانه، لو سيبتني لوحدي،"
"(النعمان) هيعدمني!""","النعمان هيعدمني!"""
لأن أكيد قرار الإفراج اللي جاي من كسرى,لان اكيد قرار الافراج اللي جاي من كسري
"أكيد وصل لـ""النعمان"".","اكيد وصل ل""النعمان""."
"و""النعمان"" ما يقدرش يخالف أوامر كسرى،","و""النعمان"" ما يقدرش يخالف اوامر كسري،"
"فرصته الوحيدة إنه يقتل ""عُدي"" قبل ما يوصلّه المرسوم.","فرصته الوحيده انه يقتل ""عُدي"" قبل ما يوصلّه المرسوم."
شايف الراجل بيفكر ازاي؟,شايف الراجل بيفكر ازاي؟
"بحيث، يا عزيزي، إن كسرى لو قالّه: ""إيه دا؟! إيه دا؟! انت قتلت الراجل؟!""","بحيث، يا عزيزي، ان كسري لو قالّه: ""ايه دا ايه دا انت قتلت الراجل """
"هيقولّه: ""هو انت ما كنتش عايزني أقتله؟!","هيقولّه: ""هو انت ما كنتش عايزني اقتله"
أنا آسف جدًا والله!,انا اسف جدًا والله!
أنا بس انت على ما بال بعتت، كنت أنا قتلته وخلصت للأسف!,انا بس انت علي ما بال بعتت، كنت انا قتلته وخلصت للاسف!
"يلّا، يلّا، مش مشكلة، نعوّض في اللي بعده.""","يلّا، يلّا، مش مشكله، نعوّض في اللي بعده."""
"اللي بيحصل، يا عزيزي، إن الأخ  طمّن ""عُدي""، قام قايلّه: ""ما تخافش،","اللي بيحصل، يا عزيزي، ان الاخ طمّن ""عُدي""، قام قايلّه: ""ما تخافش،"
"أنا هأطلع على القصر."" وبالفعل، بيروح القصر،","انا هاطلع علي القصر."" وبالفعل، بيروح القصر،"
"بس، للأسف، يا عزيزي، ""عُدي"" كان معاه حق،","بس، للاسف، يا عزيزي، ""عُدي"" كان معاه حق،"
"وما لحقش إنه يقول لأخوه: ""شُفت أنا كان عندي حق ازاي؟""","وما لحقش انه يقول لاخوه: ""شُفت انا كان عندي حق ازاي؟"""
"بمجرد خروج أخو ""عُدي"" من السجن،","بمجرد خروج اخو ""عُدي"" من السجن،"
"""عُدي"" بيتسحب وبيروح للسيّاف ويتعدم!","""عُدي"" بيتسحب وبيروح للسيّاف ويتعدم!"
"ولمّا أخوه ""عُدي"" بيدخل على ""النعمان"" في قصره ويوريه الجواب،","ولمّا اخوه ""عُدي"" بيدخل علي ""النعمان"" في قصره ويوريه الجواب،"
"""النعمان""، يا عزيزي، بيقوم معتذرله ببرود،","""النعمان""، يا عزيزي، بيقوم معتذرله ببرود،"
"ويقولّه: ""أخوك، للأسف، اتعدم امبارح!""","ويقولّه: ""اخوك، للاسف، اتعدم امبارح!"""
"هنا، أخو ""عُدي"" بيعيط وبيقولّه: ""ازاي؟! أنا كنت لسة معاه الصبح!","هنا، اخو ""عُدي"" بيعيط وبيقولّه: ""ازاي انا كنت لسه معاه الصبح!"
"ازاي اتعدم امبارح؟! أنا مش فاهم!""","ازاي اتعدم امبارح انا مش فاهم!"""
"هنا، يا عزيزي، ""النعمان"" قام مسك عليه غلطة،","هنا، يا عزيزي، ""النعمان"" قام مسك عليه غلطه،"
حركة خطيبتك الشهيرة،,حركه خطيبتك الشهيره،
ساب الموضوع الرئيسي، وقام قايلّه:,ساب الموضوع الرييسي، وقام قايلّه:
"""انت ازاي جاي بجواب من كسرى، جواب رسمي،","""انت ازاي جاي بجواب من كسري، جواب رسمي،"
تقوم رايح بيه لأخوك قبل ما تجيلي؟!,تقوم رايح بيه لاخوك قبل ما تجيلي
انت لو كنت جيتلي على طول، كان ممكن تنقذ أخوك!,انت لو كنت جيتلي علي طول، كان ممكن تنقذ اخوك!
دي غلطة لا تُغتفَر،,دي غلطه لا تُغتفَر،
انت كسّرت أوامر كسرى، وضيّعت أخوك!,انت كسّرت اوامر كسري، وضيّعت اخوك!
(الحيرة) كلها تشهد إن انت رُحت لأخوك على السجن,الحيره كلها تشهد ان انت رُحت لاخوك علي السجن
"قبل ما تجيلي.""","قبل ما تجيلي."""
"بالتهديدات دي، ""النعمان"" قدر إن هو يلجّم أخو ""عُدي""،","بالتهديدات دي، ""النعمان"" قدر ان هو يلجّم اخو ""عُدي""،"
ويخلّيه يبلع مرارة موت أخوه،,ويخلّيه يبلع مراره موت اخوه،
وهو حاطط لسانه جوا بُقه،,وهو حاطط لسانه جوا بُقه،
"وهكذا، يا عزيزي، أخو ""عُدي"" بيرجع لـ""فارس""،","وهكذا، يا عزيزي، اخو ""عُدي"" بيرجع ل""فارس""،"
وهو مش عارف يقول الحقيقة،,وهو مش عارف يقول الحقيقه،
"و""النعمان"" كلان خلاص نفّذ انتقامه.","و""النعمان"" كلان خلاص نفّذ انتقامه."
اللي بيحصل، يا عزيزي، بعد فترة،,اللي بيحصل، يا عزيزي، بعد فتره،
"إن ""النعمان"" بيبدأ يدرك أد إيه ""عُدي"" يبدو إنه اتظلم،","ان ""النعمان"" بيبدا يدرك اد ايه ""عُدي"" يبدو انه اتظلم،"
"""يبدو كدا إن أنا اتلعب بيا من الراجل (ابن مرينا) دا!","""يبدو كدا ان انا اتلعب بيا من الراجل ابن مرينا دا!"
يبدو إنه كان حليف لأخويا،,يبدو انه كان حليف لاخويا،
"وكان نفسه أخويا هو اللي يمسك مكاني.""","وكان نفسه اخويا هو اللي يمسك مكاني."""
"هنا، ""النعمان"" بيندم على تسرعه، وإنه سلّم ودنه للناس،","هنا، ""النعمان"" بيندم علي تسرعه، وانه سلّم ودنه للناس،"
"""النعمان"" بيقرر إن هو يكفّر عن ذنبه،","""النعمان"" بيقرر ان هو يكفّر عن ذنبه،"
"ويدوّر على واحد من أولاد ""عُدي بن زيد""، اسمه ""زيد""،","ويدوّر علي واحد من اولاد ""عُدي بن زيد""، اسمه ""زيد""،"
"هيولي ""زيد"" دا الرعاية،","هيولي ""زيد"" دا الرعايه،"
هيربيه تربية ملوكي، ويضمه لأولاده،,هيربيه تربيه ملوكي، ويضمه لاولاده،
"""زيد عُدي بن زيد""، هذا الاسم السندويتشي،","""زيد عُدي بن زيد""، هذا الاسم السندويتشي،"
أظهر ذكاء وفطنة،,اظهر ذكاء وفطنه،
واتعلّم الفروسية والشِعر واستخدام القوس والرمح،,واتعلّم الفروسيه والشِعر واستخدام القوس والرمح،
وبسم الله، ما شاء الله، تعليم لغات،,وبسم الله، ما شاء الله، تعليم لغات،
بيتكلم فارسية، بيتكلم عربية.,بيتكلم فارسيه، بيتكلم عربيه.
"""النعمان""، مع الوقت، بدأ يحب الولد ويهتم بيه أكتر،","""النعمان""، مع الوقت، بدا يحب الولد ويهتم بيه اكتر،"
كأنه بيكفّر من خلاله عن ذنبه مع أبوه.,كانه بيكفّر من خلاله عن ذنبه مع ابوه.
"وأول ما ""زيد"" دخل سن المراهقة،","واول ما ""زيد"" دخل سن المراهقه،"
"""النعمان"" بيقرر يرقّيه،","""النعمان"" بيقرر يرقّيه،"
"وبعت يقول لكسرى رسالة يقولّه: ""الولد دا ممكن جدًا، سهل، يسدّ مكان أبوه،","وبعت يقول لكسري رساله يقولّه: ""الولد دا ممكن جدًا، سهل، يسدّ مكان ابوه،"
راجل محترم وكويس، ولغات وتعليم ومهارة،,راجل محترم وكويس، ولغات وتعليم ومهاره،
"لو عندي (نعمانة) أخت، كنت جوزتهاله!""","لو عندي نعمانه اخت، كنت جوزتهاله!"""
Recommendation Letter!,!
"عمل تقريبًا زي ما ""عُدي بن زيد"" عمل معاه زمان،","عمل تقريبًا زي ما ""عُدي بن زيد"" عمل معاه زمان،"
"وهكذا، دخل ""زيد بن عُدي بن زيد"" في خدمة كسرى،","وهكذا، دخل ""زيد بن عُدي بن زيد"" في خدمه كسري،"
وزيه زي بابا بالظبط،,وزيه زي بابا بالظبط،
أثبت إن هو في البلاط شديد وفي الترقي العسكري قوي، قوي قوي!,اثبت ان هو في البلاط شديد وفي الترقي العسكري قوي، قوي قوي!
واكتسب على طول ثقة كسرى.,واكتسب علي طول ثقه كسري.
قد، يا عزيزي، تظن إن هذا الشاب اليافع,قد، يا عزيزي، تظن ان هذا الشاب اليافع
"كان بيدين بالفضل اللي هو فيه لـ""النعمان""،","كان بيدين بالفضل اللي هو فيه ل""النعمان""،"
"""الراجل دا هو اللي كبّرني ووصّى عليا كسرى.""","""الراجل دا هو اللي كبّرني ووصّي عليا كسري."""
ولكن، يا عزيزي، لأجل الحبكة الدرامية،,ولكن، يا عزيزي، لاجل الحبكه الدراميه،
ولأجل الحلقة دي، عشان تحصل،,ولاجل الحلقه دي، عشان تحصل،
الراجل دا كان عكس كل دا.,الراجل دا كان عكس كل دا.
"""زيد"" برغم إن من وهو صغير كان تحت رعاية ""النعمان""،","""زيد"" برغم ان من وهو صغير كان تحت رعايه ""النعمان""،"
"إلا إنه كان عارف كويس إن ""(مستر نعمان) دا مش بيعمل فيا لله وللوطن،","الا انه كان عارف كويس ان "" مستر نعمان دا مش بيعمل فيا لله وللوطن،"
"(مستر نعمان) هو اللي قتل أبويا!""","مستر نعمان هو اللي قتل ابويا!"""
وفضِل، يا عزيزي، مرقّد ومستني لحظة مناسبة،,وفضِل، يا عزيزي، مرقّد ومستني لحظه مناسبه،
هياخد فيها تار أبوه،,هياخد فيها تار ابوه،
من مين؟ من الراجل اللي كبّره وعلّمه واتوسّط له عند كسرى.,من مين؟ من الراجل اللي كبّره وعلّمه واتوسّط له عند كسري.
عشان، يا عزيزي، لمّا الفرصة تجيله، ويدخل في يوم من الأيام على كسرى،,عشان، يا عزيزي، لمّا الفرصه تجيله، ويدخل في يوم من الايام علي كسري،
ويلاقيه فارد قُدّامه ورقة وسرحان فيها،,ويلاقيه فارد قُدّامه ورقه وسرحان فيها،
"فسأله: ""مولاي كسرى، سرحان في إيه؟""","فساله: ""مولاي كسري، سرحان في ايه؟"""
قد تظن، يا عزيزي، إن كسرى كان وقتها بيحط الموازنة العامة للإمبراطورية،,قد تظن، يا عزيزي، ان كسري كان وقتها بيحط الموازنه العامه للامبراطوريه،
والسنة المالية مش قافلة معاه،,والسنه الماليه مش قافله معاه،
إلا إنه كان سرحان في احتياجاته، كان عايز يتجوز.,الا انه كان سرحان في احتياجاته، كان عايز يتجوز.
كان عند جدوده الأكاسرة كُتيّب مَلَكي متوارث,كان عند جدوده الاكاسره كُتيّب مَلَكي متوارث
بيشرح شكل وصفات المرأة المَلَكية،,بيشرح شكل وصفات المراه المَلَكيه،
مقادير المرأة المَلَكية!,مقادير المراه المَلَكيه!
كسرى كان قاعد يتأمل القايمة الطويلة للصفات في الكُتَيّب،,كسري كان قاعد يتامل القايمه الطويله للصفات في الكُتَيّب،
"ومحتار، ""أجيب أم المواصفات دي منين؟!""","ومحتار، ""اجيب ام المواصفات دي منين """
"هنا، بيدخل عليه ""زيد بن عُدي بن زيد""،","هنا، بيدخل عليه ""زيد بن عُدي بن زيد""،"
"وهيقولّه: ""هتلاقيها...","وهيقولّه: ""هتلاقيها"
"""انت بس روح عند (النعمان)، وهتتبسط.""","""انت بس روح عند النعمان ، وهتتبسط."""
"هنا، يا عزيزي، كسرى بيؤمر بكتابة رسالة لـ""النعمان""،","هنا، يا عزيزي، كسري بيومر بكتابه رساله ل""النعمان""،"
"بيحاول يخطب فيها واحدة من بنات آل ""منذر""،","بيحاول يخطب فيها واحده من بنات ال ""منذر""،"
"وادّى الرسالة لـ""زيد""، وبعت معاه واحد من مساعديه،","وادّي الرساله ل""زيد""، وبعت معاه واحد من مساعديه،"
راجل كان بيعرف فارسي وشوية عربي.,راجل كان بيعرف فارسي وشويه عربي.
"""طب ما حلو يا (أبو حميد)، واضح إن هما هيتجوزوا، ويوحدوا القُطرين.""","""طب ما حلو يا ابو حميد ، واضح ان هما هيتجوزوا، ويوحدوا القُطرين."""
"خلّيني أقولّك، يا عزيزي، إن هذه الرسالة هتبقى بمثابة قتل دوق ""النمسا""،","خلّيني اقولّك، يا عزيزي، ان هذه الرساله هتبقي بمثابه قتل دوق ""النمسا""،"
"سوف تشعل فتيل الحرب العظمى بين إمبراطورية ""فارس"" والعرب،","سوف تشعل فتيل الحرب العظمي بين امبراطوريه ""فارس"" والعرب،"
"استعد، يا عزيزي، عشان الحرب هتبدأ، حرب ""ذي قار"".","استعد، يا عزيزي، عشان الحرب هتبدا، حرب ""ذي قار""."
تعالى، يا عزيزي، نرجع مع بعض 15 قرن لورا،,تعالي، يا عزيزي، نرجع مع بعض 15 قرن لورا،
"ونروح قصر ""الخورنق"" في ""الحيرة""،","ونروح قصر ""الخورنق"" في ""الحيره""،"
"هناك، بنلاقي ""زيد بن عُدي بن زيد""","هناك، بنلاقي ""زيد بن عُدي بن زيد"""
"واقف مع المساعد الفارسي بتاعه في حضرة ""النعمان""،","واقف مع المساعد الفارسي بتاعه في حضره ""النعمان""،"
"وبيشرح لـ""النعمان"" إن كسرى عايز زوجة من عندكم، من أهلكم،","وبيشرح ل""النعمان"" ان كسري عايز زوجه من عندكم، من اهلكم،"
"""عايزين عروسة بينطبق عليها المواصفات التالية في هذه الورقة.""","""عايزين عروسه بينطبق عليها المواصفات التاليه في هذه الورقه."""
خلّيني أقولّك، يا عزيزي، إن هذه الورقة,خلّيني اقولّك، يا عزيزي، ان هذه الورقه
كان مكتوب فيها أكتر من 70 صفة،,كان مكتوب فيها اكتر من 70 صفه،
"لدرجة إنها واخدة صفحتين كاملتين في كتاب ""أيام العرب في الجاهلية""،","لدرجه انها واخده صفحتين كاملتين في كتاب ""ايام العرب في الجاهليه""،"
"""زيد"" بقى واقف بيقرا القايمة، وبيسرد علينا كل أحلام كسرى،","""زيد"" بقي واقف بيقرا القايمه، وبيسرد علينا كل احلام كسري،"
أسمّعك، يا عزيزي، بعض المواصفات،,اسمّعك، يا عزيزي، بعض المواصفات،
وَصْفاء، دعجاء، شمّاء، بَرجاء.,وَصْفاء، دعجاء، شمّاء، بَرجاء.
وضخمة المُشاش.,وضخمه المُشاش.
"وما تسألنيش، يا عزيزي، إيه ""المُشاش"" دا، لأني أقسم بالله ما أعرف!","وما تسالنيش، يا عزيزي، ايه ""المُشاش"" دا، لاني اقسم بالله ما اعرف!"
"تقريبًا، ""النعمان"" نفسه ما يعرفش!","تقريبًا، ""النعمان"" نفسه ما يعرفش!"
هي لو ضخمة المُشاش، مش هتعرف إنها ضخمة المُشاش!,هي لو ضخمه المُشاش، مش هتعرف انها ضخمه المُشاش!
هتحتاج تكشف!,هتحتاج تكشف!
"""فين يا أستاذة المُشاش بتاعك؟!""","""فين يا استاذه المُشاش بتاعك """
"""زيد""، يا عزيزي، فضل واقف يقرا القايمة المنيلة بـ60 نيلة دي،","""زيد""، يا عزيزي، فضل واقف يقرا القايمه المنيله ب60 نيله دي،"
هنا، يا عزيزي، مش بيحصل Objectification للمرأة،,هنا، يا عزيزي، مش بيحصل للمراه،
بيحصل Objects للمرأة!,بيحصل للمراه!
"هنا، يا عزيزي، ""النعمان"" بيرُد بعصبية وبيقول...","هنا، يا عزيزي، ""النعمان"" بيرُد بعصبيه وبيقول"
"يعني ""كسرى ساب (فارس) وجميلات السينما الإيرانية،","يعني ""كسري ساب فارس وجميلات السينما الايرانيه،"
وعدّى على (العراق) ما شافش بنت بالمواصفات دي؟!,وعدّي علي العراق ما شافش بنت بالمواصفات دي
"وعايز يلقاها عند أخوك (النعمان)؟!""","وعايز يلقاها عند اخوك النعمان """
"دي، يا عزيزي، كانت اللحظة المناسبة لـ""زيد"" إن هو يضرب ضربته،","دي، يا عزيزي، كانت اللحظه المناسبه ل""زيد"" ان هو يضرب ضربته،"
استغل إن المرافق الفارسي اللي معاه بيتكلم عربي نُص نُص،,استغل ان المرافق الفارسي اللي معاه بيتكلم عربي نُص نُص،
المرافق دا، زي حالاتنا كدا، مش فاهم,المرافق دا، زي حالاتنا كدا، مش فاهم
"ما ""المها"" وما ""العين""،","ما ""المها"" وما ""العين""،"
"فهنا، ""زيد"" قام مترجمهاله ""كاوان""، يعني ""البقر"".","فهنا، ""زيد"" قام مترجمهاله ""كاوان""، يعني ""البقر""."
وهو دا، يا عزيزي، دس السم في العسل!,وهو دا، يا عزيزي، دس السم في العسل!
"هنا، يا عزيزي، المرافق فهم الموقف زي ما ""زيد"" كان عايزه يفهمه بالظبط،","هنا، يا عزيزي، المرافق فهم الموقف زي ما ""زيد"" كان عايزه يفهمه بالظبط،"
"أول حاجة، ""النعمان"" رفض إن كسرى يتجوز من عنده.","اول حاجه، ""النعمان"" رفض ان كسري يتجوز من عنده."
تاني حاجة، مش لاقي بقرة في الزريبة اللي عنده،,تاني حاجه، مش لاقي بقره في الزريبه اللي عنده،
"يتجوزها من عنده، وجاي يتجوز عند ""النعمان""؟!","يتجوزها من عنده، وجاي يتجوز عند ""النعمان"""
"""لأ، الواد دا بيلبّخ! الواد دا بيلبّخ، أنا عارف!","""لا، الواد دا بيلبّخ! الواد دا بيلبّخ، انا عارف!"
"احنا نروح لكسرى، ونشوف هيعمل إيه معاه!""","احنا نروح لكسري، ونشوف هيعمل ايه معاه!"""
"هنا، يا عزيزي، ""النعمان"" حس إنه في ورطة،","هنا، يا عزيزي، ""النعمان"" حس انه في ورطه،"
قام رايح استشار عيلته،,قام رايح استشار عيلته،
وفي الآخر، قرر إن هو يعتذر لكسرى،,وفي الاخر، قرر ان هو يعتذر لكسري،
كتب لكسرى إن اللي المَلِك بيطلبه، مش عنده.,كتب لكسري ان اللي المَلِك بيطلبه، مش عنده.
"وبعد كدا، طلب من ""زيد"" اللي اتربى في قصره،","وبعد كدا، طلب من ""زيد"" اللي اتربي في قصره،"
وبيعتبره في منزلة ابنه،,وبيعتبره في منزله ابنه،
إنه يروح يتشفعله عند كسرى،,انه يروح يتشفعله عند كسري،
"هنا، ""زيد"" قام قايلّه: ""بس كدا؟! عينيا!","هنا، ""زيد"" قام قايلّه: ""بس كدا عينيا!"
"دا انت اللي مربّيني! دا انت جيتلي! دا انت سلّمتني نفسك!""","دا انت اللي مربّيني! دا انت جيتلي! دا انت سلّمتني نفسك!"""
"هنا، يا عزيزي، ""زيد"" رجع ومعاه المرافق الفارسي لكسرى،","هنا، يا عزيزي، ""زيد"" رجع ومعاه المرافق الفارسي لكسري،"
"وقام مبلّغينه برفض ""النعمان""،","وقام مبلّغينه برفض ""النعمان""،"
"""زيد""، يا عزيزي، ما حطش بنزين كتير،","""زيد""، يا عزيزي، ما حطش بنزين كتير،"
"""أنا ما شُفتش حاجة غير إن (النعمان) اعتذر،","""انا ما شُفتش حاجه غير ان النعمان اعتذر،"
"لو الراجل الفارسي المرافق بتاعي يحب يحكي الأحداث، لأني مش فاكر أوي، اتفضل.""","لو الراجل الفارسي المرافق بتاعي يحب يحكي الاحداث، لاني مش فاكر اوي، اتفضل."""
وساب المرافق الفارسي يقول كل اللي في نفسه،,وساب المرافق الفارسي يقول كل اللي في نفسه،
راح جاي طارش جرعة السم في حِجر كسرى!,راح جاي طارش جرعه السم في حِجر كسري!
"""لا، يا طويل العمر، (زيد) بيوجّب مع صاحبه،","""لا، يا طويل العمر، زيد بيوجّب مع صاحبه،"
الراجل ما رفضش بس،,الراجل ما رفضش بس،
"يعني معقول ما فيش بقر في قلب (فارس)، وجاي يبص على اللي عندنا؟!""","يعني معقول ما فيش بقر في قلب فارس ، وجاي يبص علي اللي عندنا """
هنا، يا عزيزي، كسرى اتجنن!,هنا، يا عزيزي، كسري اتجنن!
"""متأكد من الكلام اللي بتقوله دا؟!","""متاكد من الكلام اللي بتقوله دا"
بقى (النعمان) وجدوده،,بقي النعمان وجدوده،
اللي خدموا عندنا، موظفين، مستكبر يناسبني؟!,اللي خدموا عندنا، موظفين، مستكبر يناسبني
أنا اتكرّمت عليه وعيّنته،,انا اتكرّمت عليه وعيّنته،
"يقوم يتطاول على أسياده الفُرس؟!""","يقوم يتطاول علي اسياده الفُرس """
بجد، يا عزيزي، دا اللي بيثير خوفي من التاريخ،,بجد، يا عزيزي، دا اللي بيثير خوفي من التاريخ،
مجموعة متتالية من سوء التفاهم،,مجموعه متتاليه من سوء التفاهم،
وزوّد عليه بقى شوية Ego واعتزاز بالذات وغرور،,وزوّد عليه بقي شويه واعتزاز بالذات وغرور،
يلّا، أشوفها بتولَع!,يلّا، اشوفها بتولَع!
أعظم حضارة تقع في أسبوع!,اعظم حضاره تقع في اسبوع!
ادّيني سوء تفاهم!,ادّيني سوء تفاهم!
بجد، يا عزيزي، لو عندنا شوية Empathy، شوية Empathy أد كداهو،,بجد، يا عزيزي، لو عندنا شويه ، شويه اد كداهو،
هتبقى الحروب ما كانتش تحصل!,هتبقي الحروب ما كانتش تحصل!
لو كنا بنعرف نفكر الناس اللي قُدّامنا بتفكر ازاي،,لو كنا بنعرف نفكر الناس اللي قُدّامنا بتفكر ازاي،
أو ممكن يكون كان قصده كذا،,او ممكن يكون كان قصده كذا،
أو ممكن ما كانش عارف يقول، بس قال كذا،,او ممكن ما كانش عارف يقول، بس قال كذا،
كان خلاص، الحرب انتهت! عِشنا في سلام!,كان خلاص، الحرب انتهت! عِشنا في سلام!
وبيبدأ هنا، يا عزيزي، كسرى في عمليته الانتقامية،,وبيبدا هنا، يا عزيزي، كسري في عمليته الانتقاميه،
"بدأها بإنه يفوّت كام شهر، عشان يحسس ""النعمان"" بالأمان،","بداها بانه يفوّت كام شهر، عشان يحسس ""النعمان"" بالامان،"
"""أنا ما زعلتش ولا حاجة، والجواز قسمة ونصيب، عادي يعني.""","""انا ما زعلتش ولا حاجه، والجواز قسمه ونصيب، عادي يعني."""
"وبعدها، بعتله يستدعيه في قصر ""المدائن"".","وبعدها، بعتله يستدعيه في قصر ""المداين""."
"وبرغم، يا عزيزي، من مرور وقت، إلا إن ""النعمان"" كان فهم اللي فيها،","وبرغم، يا عزيزي، من مرور وقت، الا ان ""النعمان"" كان فهم اللي فيها،"
"""كسرى بيستدعيني، وأنا لسة عامل معاه موقف،","""كسري بيستدعيني، وانا لسه عامل معاه موقف،"
مش لاقيله العروسة اللي هو عايزها،,مش لاقيله العروسه اللي هو عايزها،
مذبحة القلعة اللي في المستقبل دي ولّا إيه؟!,مذبحه القلعه اللي في المستقبل دي ولّا ايه
"أكيد مش هيدّيني (نجمة سينا)! أنا رايح شكلي كدا أنبطح!""","اكيد مش هيدّيني نجمه سينا ! انا رايح شكلي كدا انبطح!"""
"أول حاجة، يا عزيزي، بيعملها ""النعمان"" هي إنه بيخلي ""الحيرة"" على الفور،","اول حاجه، يا عزيزي، بيعملها ""النعمان"" هي انه بيخلي ""الحيره"" علي الفور،"
خد عيلته وسلاحه وفلوسه، وهرب ناحية الجنوب،,خد عيلته وسلاحه وفلوسه، وهرب ناحيه الجنوب،
"راح على ""نجد"" ينجدوه،","راح علي ""نجد"" ينجدوه،"
"راح لقبيلة ""طيء"" أهل مراته،","راح لقبيله ""طيء"" اهل مراته،"
"هيدخلّهم يقولّهم: ""يا جماعة، كسرى عايز يهـ...","هيدخلّهم يقولّهم: ""يا جماعه، كسري عايز يه"
"كسرى ناويلي، أنا دخيلكم!""","كسري ناويلي، انا دخيلكم!"""
"لو تفتكر حاجة، يا عزيزي، في حلقة ""امرؤ القيس""،","لو تفتكر حاجه، يا عزيزي، في حلقه ""امرو القيس""،"
"إن هو كان لجأ لبني ""تيم""، اللي هما، لو تفتكر، من قبيلة ""طيء""،","ان هو كان لجا لبني ""تيم""، اللي هما، لو تفتكر، من قبيله ""طيء""،"
"من كتر شهامتهم معاه، ""امرؤ القيس"" مدحهم وقال عنهم...","من كتر شهامتهم معاه، ""امرو القيس"" مدحهم وقال عنهم"
"ولكن بني ""طيء"" لمّا سمعوا من ""النعمان"" الحكاية،","ولكن بني ""طيء"" لمّا سمعوا من ""النعمان"" الحكايه،"
"وعرفوا إن هو مش مضايق حد من الفُرس، لأ، دا مضايق ""مستر فُرس"" نفسه، ""مستر كسرى""،","وعرفوا ان هو مش مضايق حد من الفُرس، لا، دا مضايق ""مستر فُرس"" نفسه، ""مستر كسري""،"
الـCEO والـFounder،,ال وال ،
"قالوله: ""يلّا يا لا من هنا! بلا (نعمان) بلا مش (نعمان)، دي ساعة ضيّقة!","قالوله: ""يلّا يا لا من هنا! بلا نعمان بلا مش نعمان ، دي ساعه ضيّقه!"
"بلا مصابيح ظلام، بلا مصابيح نهار! اتوكل!""","بلا مصابيح ظلام، بلا مصابيح نهار! اتوكل!"""
"""النعمان""، يا عزيزي، بيصحى تاني يوم، بيلاقيهم حاطين شنطة هدومه قُدّام الجبل،","""النعمان""، يا عزيزي، بيصحي تاني يوم، بيلاقيهم حاطين شنطه هدومه قُدّام الجبل،"
"""دا مش Laundry، دي حاجتك، اتكلّ!""","""دا مش ، دي حاجتك، اتكلّ!"""
"من اللحظة دي، هتبدأ رحلة ""النعمان"" في إنه يبحث عن ملجأ يحميه من كسرى،","من اللحظه دي، هتبدا رحله ""النعمان"" في انه يبحث عن ملجا يحميه من كسري،"
بنقرا في المصادر إنه...,بنقرا في المصادر انه
"الناس، يا عزيزي، مش ناسية حصن ""المشقّر""، لو تفتكر،","الناس، يا عزيزي، مش ناسيه حصن ""المشقّر""، لو تفتكر،"
"الإبادة اللي حصلت لبني ""تميم""، موقعة ""الصفقة""، يا عزيزي،","الاباده اللي حصلت لبني ""تميم""، موقعه ""الصفقه""، يا عزيزي،"
"ولا نسيوا ""سابور ذا الأكتاف""، واللي عمله في أكتاف أهاليهم!","ولا نسيوا ""سابور ذا الاكتاف""، واللي عمله في اكتاف اهاليهم!"
"أي قبيلة بيزورها ""النعمان""، وبيسمعوا فيها اسم ""كسرى""،","اي قبيله بيزورها ""النعمان""، وبيسمعوا فيها اسم ""كسري""،"
بيخلّوهم يلمّوا خيامهم، ويمشوا على طول!,بيخلّوهم يلمّوا خيامهم، ويمشوا علي طول!
"راح لقبائل ""الحجاز""، ورفضوه،","راح لقبايل ""الحجاز""، ورفضوه،"
"راح لقبائل ""نجد""، ورفضوه،","راح لقبايل ""نجد""، ورفضوه،"
"راح ناحية ""الشام،"" طردوه،","راح ناحيه ""الشام،"" طردوه،"
فضل، يا عزيزي، زي لاعيب الـFree Agent، مش لاقي نادي يمضّيه!,فضل، يا عزيزي، زي لاعيب ال ، مش لاقي نادي يمضّيه!
بيلفّ، لحد ما أخيرًا بيلاقي زعيم قبيلة يوافق إن هو ياخده...,بيلفّ، لحد ما اخيرًا بيلاقي زعيم قبيله يوافق ان هو ياخده
"من قبيلة ""بَكر بن وائل"".","من قبيله ""بَكر بن وايل""."
"""يعني هو، يا (أبو حميد)، لف على قبائل العرب كلها، ما حدش فيهم قبله،","""يعني هو، يا ابو حميد ، لف علي قبايل العرب كلها، ما حدش فيهم قبله،"
(كلب) و(أسد) و(محارب) و(تغلب)،,كلب و اسد و محارب و تغلب ،
"وفي الآخر، اللي قبله (هاني)؟! (هاني)؟!""","وفي الاخر، اللي قبله هاني هاني """
"آه، يا عزيزي، هو ""هاني"" آه، بس راجل مجدع يعني،","اه، يا عزيزي، هو ""هاني"" اه، بس راجل مجدع يعني،"
"خُد بالك، يا عزيزي، هو ""هانئ"" برضه، مش ""هاني""، فبتفرق شوية.","خُد بالك، يا عزيزي، هو ""هاني"" برضه، مش ""هاني""، فبتفرق شويه."
"""هانئ"" قال لـ""النعمان""...","""هاني"" قال ل""النعمان"""
"""بس قبل ما نطلّع السيوف، ونغرّقها دم، خلّيني أدّيك نصيحة كدا بخبرة السنين،","""بس قبل ما نطلّع السيوف، ونغرّقها دم، خلّيني ادّيك نصيحه كدا بخبره السنين،"
انت عشت عمرك كله مَلِك،,انت عشت عمرك كله مَلِك،
مش أحكم حاجة إن انت تعيش طريد وسط القبائل،,مش احكم حاجه ان انت تعيش طريد وسط القبايل،
عيب لمّا صعاليك العرب يقعدوا يحدفوا فيك وسط بعض!,عيب لمّا صعاليك العرب يقعدوا يحدفوا فيك وسط بعض!
نصيحتي ليك يا (نعمان) إن انت تسيب ولادك عندي هنا، أنا أحميهم،,نصيحتي ليك يا نعمان ان انت تسيب ولادك عندي هنا، انا احميهم،
وانت، بالصلاة على النبي كدا، تطلع على كسرى، تقولّه: (أنا آسف)، تحب على إيده،,وانت، بالصلاه علي النبي كدا، تطلع علي كسري، تقولّه: انا اسف ، تحب علي ايده،
تقولّه: (لو عايز تتجوزني أنا شخصيًا، أنا معاك!,تقولّه: لو عايز تتجوزني انا شخصيًا، انا معاك!
وأعملّك دعجاء وهيفاء، وأرقص للرجالة في البارات!),واعملّك دعجاء وهيفاء، وارقص للرجاله في البارات!
لو كسرى عفا عنك، فانت مَلِك، وهتعيش مَلِك، وهتموت مَلِك،,لو كسري عفا عنك، فانت مَلِك، وهتعيش مَلِك، وهتموت مَلِك،
أما بقى لو كسرى أصرّ إن هو يعاقبك،,اما بقي لو كسري اصرّ ان هو يعاقبك،
فنتخلّى عن موضوع إن انت تعيش مَلِك، موت مَلِك،,فنتخلّي عن موضوع ان انت تعيش مَلِك، موت مَلِك،
"أحسن ما تفضل طريد، وكل واحد فيهم يسلّمك للتاني.""","احسن ما تفضل طريد، وكل واحد فيهم يسلّمك للتاني."""
وكدا كدا، أهلك وعيالك في الحفظ والصون عندي،,وكدا كدا، اهلك وعيالك في الحفظ والصون عندي،
"أنا هأموت قبل ما يمسّهم شر.""","انا هاموت قبل ما يمسّهم شر."""
"هنا، يا عزيزي، ""النعمان"" بيقتنع بكلام عم ""هانئ""،","هنا، يا عزيزي، ""النعمان"" بيقتنع بكلام عم ""هاني""،"
وساب ماله ومحتاله، وقام رايح لكسرى.,وساب ماله ومحتاله، وقام رايح لكسري.
"ويُقال إن وهو داخل عليهم القصر، قابل ""زيد بن عُدي بن زيد""،","ويُقال ان وهو داخل عليهم القصر، قابل ""زيد بن عُدي بن زيد""،"
"وهنا، يا عزيزي، ""زيد"" بيقولّه بشماتة: ""انجُ (نُعَيم) إن استطعت.""","وهنا، يا عزيزي، ""زيد"" بيقولّه بشماته: ""انجُ نُعَيم ان استطعت."""
هنا، يا عزيزي، هناك إهانة،,هنا، يا عزيزي، هناك اهانه،
"الملك ""النعمان"" بقى ""نُعَيم""، مصغّر، بعد ما كان ""نعمان""،","الملك ""النعمان"" بقي ""نُعَيم""، مصغّر، بعد ما كان ""نعمان""،"
دلوقتي، يا عزيزي، خلاص، ما عادش هناك مؤامرات،,دلوقتي، يا عزيزي، خلاص، ما عادش هناك موامرات،
اللعب بقى على المكشوف!,اللعب بقي علي المكشوف!
"""النعمان"" هيرد ويقول لـ""زيد"": ""أفعلتها يا (زيد)؟!","""النعمان"" هيرد ويقول ل""زيد"": ""افعلتها يا زيد"
"أما والله لئن عشت، لأقتلنك قتلة لم يُقتلها عربيٌ قط، ولألحقنّك بأبيك!""","اما والله لين عشت، لاقتلنك قتله لم يُقتلها عربيٌ قط، ولالحقنّك بابيك!"""
مش عايز، يا عزيزي، أحرقلك الأحداث،,مش عايز، يا عزيزي، احرقلك الاحداث،
"ولكن ""النعمان"" مش هينفّذ التهديدات اللي عملها.","ولكن ""النعمان"" مش هينفّذ التهديدات اللي عملها."
"اختلفت الروايات عن اللي كسرى عمله في ""النعمان""،","اختلفت الروايات عن اللي كسري عمله في ""النعمان""،"
بس الأكيد أنه لم يسامحه،,بس الاكيد انه لم يسامحه،
"فيه روايتين لمقتل ""النعمان"" في سجون كسرى،","فيه روايتين لمقتل ""النعمان"" في سجون كسري،"
الأولى بتقول إن هو اتسجن في ظروف في غير آدمية،,الاولي بتقول ان هو اتسجن في ظروف في غير ادميه،
كسرى حطه في زنزانة رطبة وباردة،,كسري حطه في زنزانه رطبه وبارده،
زنزانة طافح فيها الصرف،,زنزانه طافح فيها الصرف،
"لحد ما ""النعمان"" بيُصاب بالطاعون، وبيموت!","لحد ما ""النعمان"" بيُصاب بالطاعون، وبيموت!"
والاحتمال التاني، إن كسرى بيطلقه في مهرجان فارسي للأفيال،,والاحتمال التاني، ان كسري بيطلقه في مهرجان فارسي للافيال،
والأفيال، يا عزيزي، وهي ماشية بتدوس عليه، لحد ما يموت، وكسرى واقف بيتفرج مبسوط!,والافيال، يا عزيزي، وهي ماشيه بتدوس عليه، لحد ما يموت، وكسري واقف بيتفرج مبسوط!
"كسرى كمان، ما اكتفاش بقتل ""النعمان""، انتقامه لم يقف هنا،","كسري كمان، ما اكتفاش بقتل ""النعمان""، انتقامه لم يقف هنا،"
بيعيّن مكانه واحد اسمه...,بيعيّن مكانه واحد اسمه
"وكلّف ""الطائي"" دا إن هو يجمّع كل ما تركه ""النعمان""،","وكلّف ""الطايي"" دا ان هو يجمّع كل ما تركه ""النعمان""،"
"عند ""هانئ بن مسعود""، اللي أواه هو وعياله، لو تفتكر.","عند ""هاني بن مسعود""، اللي اواه هو وعياله، لو تفتكر."
كسرى، يا عزيزي، قام باعت عشان يجيب السلاح والدروع والبنات،,كسري، يا عزيزي، قام باعت عشان يجيب السلاح والدروع والبنات،
"""أهم حاجة تجيب البنات!""","""اهم حاجه تجيب البنات!"""
"دا بالذات، يا عزيزي، الطلب، اللي ""النعمان""، لو تفتكر، رفضه،","دا بالذات، يا عزيزي، الطلب، اللي ""النعمان""، لو تفتكر، رفضه،"
دا الطلب اللي سبّب كل هذه المشاكل لحد دلوقتي.,دا الطلب اللي سبّب كل هذه المشاكل لحد دلوقتي.
الراجل، يا عزيزي، بتاع كسرى انطلق زي كلاب الصيد بالظبط،,الراجل، يا عزيزي، بتاع كسري انطلق زي كلاب الصيد بالظبط،
"راح لبني ""شيبان"" و""هانئ بن مسعود""،","راح لبني ""شيبان"" و""هاني بن مسعود""،"
"قالّه: ""كسرى بيقولّك: سلّمونا تركة (النعمان).","قالّه: ""كسري بيقولّك: سلّمونا تركه النعمان ."
"وبيقولّك كمان: لا تكلّفني أن أبعث إليك ولا إلى قومك الجنود.""","وبيقولّك كمان: لا تكلّفني ان ابعث اليك ولا الي قومك الجنود."""
"كسرى، يا عزيزي، قالّه في ما معناه ""ما تتعبنيش وتكلّفني مجهود ووقت","كسري، يا عزيزي، قالّه في ما معناه ""ما تتعبنيش وتكلّفني مجهود ووقت"
أبعتلك جنود يجولك لحد عندك،,ابعتلك جنود يجولك لحد عندك،
فحقنًا للدماء وتوفيرًا في النفقات,فحقنًا للدماء وتوفيرًا في النفقات
ابعتلي كل اللي عندك، بدل ما آجيبلك ناس يقتلوك انت واللي عندك!,ابعتلي كل اللي عندك، بدل ما اجيبلك ناس يقتلوك انت واللي عندك!
"ابعتلي البنات يا (هانئ)، ابعتلي البنات على (فارس) يا (هانئ)!""","ابعتلي البنات يا هاني ، ابعتلي البنات علي فارس يا هاني !"""
برغم، يا عزيزي، إن دا كان تهديد صريح،,برغم، يا عزيزي، ان دا كان تهديد صريح،
"إلا إن ""هانئ"" بيرفض إنه يسمع الكلام،","الا ان ""هاني"" بيرفض انه يسمع الكلام،"
"بيرفض إن يسلّم تركة ""النعمان""،","بيرفض ان يسلّم تركه ""النعمان""،"
"""هانئ"" بيقول: ""العمر واحد والرب واحد،","""هاني"" بيقول: ""العمر واحد والرب واحد،"
لو هتخلص بمعركة، فأنا ما عنديش مشكلة إني أموت،,لو هتخلص بمعركه، فانا ما عنديش مشكله اني اموت،
"أموت وأنا بأقاوم أحسن ما أموت وأنا خاين!""","اموت وانا باقاوم احسن ما اموت وانا خاين!"""
"بعدها، ""هانئ"" بدأ يستدعي بطون ""بكر"" للحرب،","بعدها، ""هاني"" بدا يستدعي بطون ""بكر"" للحرب،"
الخبر بيوصل لكسرى، فابتدا يشيط من الغضب،,الخبر بيوصل لكسري، فابتدا يشيط من الغضب،
وقرر إن هو دا وقت تأديب العرب،,وقرر ان هو دا وقت تاديب العرب،
وبدأ كسرى يجمّع جيش عشان يروح للعرب ويربّيهم،,وبدا كسري يجمّع جيش عشان يروح للعرب ويربّيهم،
جاب معاه 8000 مقاتل من الفُرس والعرب الموالين للفُرس،,جاب معاه 80 مقاتل من الفُرس والعرب الموالين للفُرس،
"بيجيب 3000 من  بني ""تغلب""، ودُول معروف إن هما، لو تفتكر، أعداء ""بكر"".","بيجيب 30 من بني ""تغلب""، ودُول معروف ان هما، لو تفتكر، اعداء ""بكر""."
كسرى، يا عزيزي، زيادة عن الـ8000 جندي فارس اللي معاه،,كسري، يا عزيزي، زياده عن ال80 جندي فارس اللي معاه،
"جاب 3000 عربي، من بني ""تغلب"" ومن بني ""إياد"" ومن بني ""النمر""،","جاب 30 عربي، من بني ""تغلب"" ومن بني ""اياد"" ومن بني ""النمر""،"
الجيش كمان ضم 2000 من الأساورة،,الجيش كمان ضم 20 من الاساوره،
على راس كل 1000 قائد مغوار،,علي راس كل 10 قايد مغوار،
"وهما القائدين الشهيرين ""جلابزين"" و""الهامرز""","وهما القايدين الشهيرين ""جلابزين"" و""الهامرز"""
"معركة ""ويستهام"" الشهيرة!","معركه ""ويستهام"" الشهيره!"
"""ياه يا (أبو حميد)! العرب نازلين (ويستهام)؟!","""ياه يا ابو حميد ! العرب نازلين ويستهام"
طب يا (أبو حميد) كانوا راحوا (لليجا)،,طب يا ابو حميد كانوا راحوا لليجا ،
"لمّوا (بلد الوليد) و(غرناطة) و(ألميريا). كان طلعوا حملة!""","لمّوا بلد الوليد و غرناطه و الميريا . كان طلعوا حمله!"""
"وكمان، كان معاهم كتيبتين تابعين لمملكة ""الحيرة""،","وكمان، كان معاهم كتيبتين تابعين لمملكه ""الحيره""،"
"""الشهباء"" و""الدَوْسر"".","""الشهباء"" و""الدَوْسر""."
"""(أبو حميد)، أنا تُهت من الأسامي!""",""" ابو حميد ، انا تُهت من الاسامي!"""
عزيزي، دي قوات معروفة بقوّتها وبطشها.,عزيزي، دي قوات معروفه بقوّتها وبطشها.
خُد بالك، يا عزيزي، احنا كل دا بنتكلم على منتخب الفُرس،,خُد بالك، يا عزيزي، احنا كل دا بنتكلم علي منتخب الفُرس،
"يعني، فيه فُرس وفيه العرب دُول داخلين يحاربوا ""هانئ"".","يعني، فيه فُرس وفيه العرب دُول داخلين يحاربوا ""هاني""."
"""الدوسر"" دُول، يا عزيزي، بيتضرب بيهم المثل في البطش،","""الدوسر"" دُول، يا عزيزي، بيتضرب بيهم المثل في البطش،"
"أبطش من ""دَوْسر""!","ابطش من ""دَوْسر""!"
كل الحفلة دي، يا عزيزي، تاني، زي ما قُلتلك، على مين؟,كل الحفله دي، يا عزيزي، تاني، زي ما قُلتلك، علي مين؟
من 2000 لـ3000 عربي،,من 20 ل30 عربي،
"أغلبيتهم الساحقة من ""بكر بن وائل""،","اغلبيتهم الساحقه من ""بكر بن وايل""،"
وقلة معدودة من بعض القبائل الأخرى،,وقله معدوده من بعض القبايل الاخري،
"بنشوف بعض الحلفاء من قبائل ""السكون""،","بنشوف بعض الحلفاء من قبايل ""السكون""،"
"و200 أسير من بني ""تميم"" كانوا في إيدين بني ""شيبان""،","و200 اسير من بني ""تميم"" كانوا في ايدين بني ""شيبان""،"
الأسرى دُول كانوا عايزين يحاربوا مع العرب.,الاسري دُول كانوا عايزين يحاربوا مع العرب.
هنا، يا عزيزي، يمكن لأول مرة، بدأت تظهر هوية جماعية عند العرب،,هنا، يا عزيزي، يمكن لاول مره، بدات تظهر هويه جماعيه عند العرب،
"""احنا كعرب محتاجين نتجمّع، كقبائل محتاجين نتجمّع،","""احنا كعرب محتاجين نتجمّع، كقبايل محتاجين نتجمّع،"
"عشان نواجه الفُرس وأعوانهم.""","عشان نواجه الفُرس واعوانهم."""
"متخيل، يا عزيزي، إن هناك أسرى عند بني ""شيبان""","متخيل، يا عزيزي، ان هناك اسري عند بني ""شيبان"""
بس قرروا إن هما يحاربوا مع اللي آسرينهم؟!,بس قرروا ان هما يحاربوا مع اللي اسرينهم
"دا، يا عزيزي، مش ""ستوكهولم""،","دا، يا عزيزي، مش ""ستوكهولم""،"
"لا، دا إدراك ووعي، إن ""لو العدو دا كسبنا،","لا، دا ادراك ووعي، ان ""لو العدو دا كسبنا،"
"مش هيبقى فيه لا آسر ولا أسير.""","مش هيبقي فيه لا اسر ولا اسير."""
يمكن، يا عزيزي، تكون اللحظة دي والموقف دا بالتحديد,يمكن، يا عزيزي، تكون اللحظه دي والموقف دا بالتحديد
هو بداية إعلاء العرب لوحدتهم،,هو بدايه اعلاء العرب لوحدتهم،
على حساب خلافاتهم،,علي حساب خلافاتهم،
لحظة تاريخية ما خدتش حقها من الفحص،,لحظه تاريخيه ما خدتش حقها من الفحص،
ودا، يا عزيزي، مش قرار اختياري,ودا، يا عزيزي، مش قرار اختياري
أد ما هو استجابة طبيعية للظرف التاريخي.,اد ما هو استجابه طبيعيه للظرف التاريخي.
ودا لأن الفُرس لو وصلوا لأرض العرب،,ودا لان الفُرس لو وصلوا لارض العرب،
مش هيميزوا بقى مين قبيلته عند مين،,مش هيميزوا بقي مين قبيلته عند مين،
مين أسير عند مين،,مين اسير عند مين،
كله هيتحرق!,كله هيتحرق!
ومش بعيد يرجعوا تاني لزمن تخريم الأكتاف!,ومش بعيد يرجعوا تاني لزمن تخريم الاكتاف!
كدا، يا عزيزي، انت شايف أمامك حشود الفُرس من ناحية،,كدا، يا عزيزي، انت شايف امامك حشود الفُرس من ناحيه،
والعرب من الناحية التانية، بيلمّوا بعض،,والعرب من الناحيه التانيه، بيلمّوا بعض،
"كدا، يا عزيزي، المسرح التاريخ ""اتسطّب"" وأصبح جاهز.","كدا، يا عزيزي، المسرح التاريخ ""اتسطّب"" واصبح جاهز."
"كان هناك، يا عزيزي، مساعد لكسرى اسمه ""النعمان بن زرعة التغلبي""،","كان هناك، يا عزيزي، مساعد لكسري اسمه ""النعمان بن زرعه التغلبي""،"
"وكما يبدو من اسمه عربي، ""ابن زرعة"" دي مستحيل يبقى فارسي.","وكما يبدو من اسمه عربي، ""ابن زرعه"" دي مستحيل يبقي فارسي."
الراجل دا، يا عزيزي، اقترح على كسرى إن هو يستنى لحد الصيف،,الراجل دا، يا عزيزي، اقترح علي كسري ان هو يستني لحد الصيف،
وما أدراك ما الصيف في شبه الجزيرة،,وما ادراك ما الصيف في شبه الجزيره،
لحد دلوقتي وحِش!,لحد دلوقتي وحِش!
"ودا لأن قبائل ""بكر"" بتتجمّع حوالين عيون ميّه","ودا لان قبايل ""بكر"" بتتجمّع حوالين عيون ميّه"
"في منطقة اسمها ""ذي قار""،","في منطقه اسمها ""ذي قار""،"
عشان ما يموتوش من الجوع والعطش في الوقت دا.,عشان ما يموتوش من الجوع والعطش في الوقت دا.
لمّا يتجمّعوا هناك، هيكون سهل بقى على كسرى،,لمّا يتجمّعوا هناك، هيكون سهل بقي علي كسري،
إن هو يباغتهم بالجيش الفارسي.,ان هو يباغتهم بالجيش الفارسي.
"قبائل ""بكر"" بتكون اتجمّعت وتم حشدها على نداء ""هانئ""","قبايل ""بكر"" بتكون اتجمّعت وتم حشدها علي نداء ""هاني"""
"وبالفعل، اتجمّعوا في منطقة ""بطحاء ذي قار""،","وبالفعل، اتجمّعوا في منطقه ""بطحاء ذي قار""،"
"شَمالهم نهر ""الفرات""،","شَمالهم نهر ""الفرات""،"
وجنوبهم الصحراء العربية،,وجنوبهم الصحراء العربيه،
وكمان، بعض آبار وعيون الميّه،,وكمان، بعض ابار وعيون الميّه،
بيخزنوا ميّه تكفّيهم نُص شهر كامل.,بيخزنوا ميّه تكفّيهم نُص شهر كامل.
تيجي، يا عزيزي، لحظة الحسم،,تيجي، يا عزيزي، لحظه الحسم،
"جيش كسرى بيوصل إلى ""ذي قار""،","جيش كسري بيوصل الي ""ذي قار""،"
بأعداد كبيرة وأفيال ضخمة،,باعداد كبيره وافيال ضخمه،
كتايب متقسّمة ومجانيق، فيه حشد مرعب،,كتايب متقسّمه ومجانيق، فيه حشد مرعب،
"لدرجة، يا عزيزي، إن ""هانئ بن مسعود"" نفسه خاف،","لدرجه، يا عزيزي، ان ""هاني بن مسعود"" نفسه خاف،"
الراجل اللي عامل الـGroup قرر إن هو ينسحب!,الراجل اللي عامل ال قرر ان هو ينسحب!
"اللي بيحصل، يا عزيزي، بالفعل، هو إن ""هانئ"" بالفعل بيخلع بقومه من بني ""شيبان""،","اللي بيحصل، يا عزيزي، بالفعل، هو ان ""هاني"" بالفعل بيخلع بقومه من بني ""شيبان""،"
وكان عايز يروح على الصحرا.,وكان عايز يروح علي الصحرا.
"هنا، يا عزيزي، بتظهر شخصية حاسمة في معركة ""ذي قار""...","هنا، يا عزيزي، بتظهر شخصيه حاسمه في معركه ""ذي قار"""
"""حنظلة"" لمّا شاف بعض القوات العربية بتنسحب،","""حنظله"" لمّا شاف بعض القوات العربيه بتنسحب،"
قام، يا عزيزي، وقطّع وضين الهودج،,قام، يا عزيزي، وقطّع وضين الهودج،
إيه دا؟ دا، يا عزيزي، الحبل اللي بيثبّت الهودج على الجمل، وقال...,ايه دا؟ دا، يا عزيزي، الحبل اللي بيثبّت الهودج علي الجمل، وقال
"""الحليلة"" هي الزوجة.","""الحليله"" هي الزوجه."
"""حنظلة""، يا عزيزي، بيوصّل رسالة للعرب اللي معاه،","""حنظله""، يا عزيزي، بيوصّل رساله للعرب اللي معاه،"
إن هو وحريمه قاعدين للحرب ومستعدين، ما حدش هيهرب.,ان هو وحريمه قاعدين للحرب ومستعدين، ما حدش هيهرب.
بعدها، بينصب خيمة حمرا، وبيقول:,بعدها، بينصب خيمه حمرا، وبيقول:
"""لا أفرّ حتى تفرّ هذه الخيمة.","""لا افرّ حتي تفرّ هذه الخيمه."
"أنا مش هأهرب غير مع الخيمة دي.""","انا مش هاهرب غير مع الخيمه دي."""
"فهنا، يا عزيزي، اتشجعت القوات اللي كانت ناوية تنسحب مع ""هانئ""،","فهنا، يا عزيزي، اتشجعت القوات اللي كانت ناويه تنسحب مع ""هاني""،"
"وبتقرر إنها تحارب الفُرس تحت قيادة ""حنظلة""، واللي يحصل يحصل.","وبتقرر انها تحارب الفُرس تحت قياده ""حنظله""، واللي يحصل يحصل."
وهكذا، في اليوم التالي، بتبدأ الحرب،,وهكذا، في اليوم التالي، بتبدا الحرب،
"الفُرس بيهجموا على القوات العربية في منطقة اسمها ""حنو ذي قار""،","الفُرس بيهجموا علي القوات العربيه في منطقه اسمها ""حنو ذي قار""،"
القوات العربية بتفضل صامدة لساعات،,القوات العربيه بتفضل صامده لساعات،
خلّو عيون الميّه وراهم، ليه؟,خلّو عيون الميّه وراهم، ليه؟
عشان يعطّشوا الفُرس،,عشان يعطّشوا الفُرس،
يحرموهم من مصدر الميّه،,يحرموهم من مصدر الميّه،
وبالتالي، الحر والعطش بدأ يأثر على الفُرس نفسهم،,وبالتالي، الحر والعطش بدا ياثر علي الفُرس نفسهم،
فراح الفُرس فاكين الاشتباك.,فراح الفُرس فاكين الاشتباك.
"الشاعر الجاهلي الشهير ""الأعشى""","الشاعر الجاهلي الشهير ""الاعشي"""
"اتفاخر بمعركة ""الحنو"" في أول أيام ""ذي قار""، وقال...","اتفاخر بمعركه ""الحنو"" في اول ايام ""ذي قار""، وقال"
"يعني، يا عزيزي، ""جنود كسرى لمّا واجهناهم في منطقة (الحنو)،","يعني، يا عزيزي، ""جنود كسري لمّا واجهناهم في منطقه الحنو ،"
"دخلنا عليهم بكتايب بتلعب مع الموت لعب.""","دخلنا عليهم بكتايب بتلعب مع الموت لعب."""
حتى، يا عزيزي، وهو بيتفاخر بالانتصار في أول أيام المعركة،,حتي، يا عزيزي، وهو بيتفاخر بالانتصار في اول ايام المعركه،
بيتكلم على الفُرس برهبة، وبيقول دُول ملوك.,بيتكلم علي الفُرس برهبه، وبيقول دُول ملوك.
يمكن، يا عزيزي، صمود العرب في أول أيام الحرب كان سر انتصارهم،,يمكن، يا عزيزي، صمود العرب في اول ايام الحرب كان سر انتصارهم،
لأن تطويل مدة القتال,لان تطويل مده القتال
"معناه إن الفُرس هيعيشوا معاناة مع سؤال مهم جدًا، ""نشرب منين؟""","معناه ان الفُرس هيعيشوا معاناه مع سوال مهم جدًا، ""نشرب منين؟"""
وعشان كدا، يا عزيزي، الفُرس تاني يوم بيهجموا هجمة انتحارية،,وعشان كدا، يا عزيزي، الفُرس تاني يوم بيهجموا هجمه انتحاريه،
عايزين في هذا الحر يوصلوا لعيون الميّه،,عايزين في هذا الحر يوصلوا لعيون الميّه،
اللي موجودة فين؟ ورا جيش العرب.,اللي موجوده فين؟ ورا جيش العرب.
"ولكن العرب قدروا بفضل قيادة ""حنظلة""","ولكن العرب قدروا بفضل قياده ""حنظله"""
إن هما يقفوا قُدّامهم زي السد، يمنعوهم،,ان هما يقفوا قُدّامهم زي السد، يمنعوهم،
"ويرجّعوهم لمنطقة ""جبابات ذي قار"".","ويرجّعوهم لمنطقه ""جبابات ذي قار""."
في الليلة دي، يا عزيزي، من المعركة، حصل حاجتين مهمين جدًا،,في الليله دي، يا عزيزي، من المعركه، حصل حاجتين مهمين جدًا،
"أولًا، ""حنظلة"" بيبعت كتيبة تعمل كمين في السر،","اولًا، ""حنظله"" بيبعت كتيبه تعمل كمين في السر،"
"في منطقة ""جُب ذي قار""،","في منطقه ""جُب ذي قار""،"
"""عايزين نوقّع الفُرس في الفخ.""","""عايزين نوقّع الفُرس في الفخ."""
"ثانيًا، قبيلة ""إياد"" العربية لجيش الفُرس","ثانيًا، قبيله ""اياد"" العربيه لجيش الفُرس"
"بعتوا رسول متخفي لـ""حنظلة بن سيّار""،","بعتوا رسول متخفي ل""حنظله بن سيّار""،"
الجماعة كان صعبان عليهم يحاربوا إخواتهم العرب،,الجماعه كان صعبان عليهم يحاربوا اخواتهم العرب،
وعشان كدا، بيقدّموله العرض التالي...,وعشان كدا، بيقدّموله العرض التالي
هنا، يا عزيزي، العرب اللي كانوا موالين للفُرس,هنا، يا عزيزي، العرب اللي كانوا موالين للفُرس
"عرضوا على ""حنظلة""، قالوله: ""بُص يا ريس، احنا كدا كدا هننسحب،","عرضوا علي ""حنظله""، قالوله: ""بُص يا ريس، احنا كدا كدا هننسحب،"
احنا ما بنحاربش عرب،,احنا ما بنحاربش عرب،
تحبوا ننسحب دلوقتي في الـBreak؟,تحبوا ننسحب دلوقتي في ال ؟
ولّا نستنى بُكرة لمّا الخناقة تقوم تاني،,ولّا نستني بُكره لمّا الخناقه تقوم تاني،
"وننسحب من قلب الخناقة؟""","وننسحب من قلب الخناقه؟"""
ملاحظ، يا عزيزي، ازاي وفي قلب المعركة,ملاحظ، يا عزيزي، ازاي وفي قلب المعركه
اتشكّل حس بين العرب بهوية جماعية؟,اتشكّل حس بين العرب بهويه جماعيه؟
"""حنظلة""، يا عزيزي، وثق في ""إياد"" وقالّهم:","""حنظله""، يا عزيزي، وثق في ""اياد"" وقالّهم:"
"""خلّيكم انتم، وبُكرة، انسحبوا منهم وسط الحرب.","""خلّيكم انتم، وبُكره، انسحبوا منهم وسط الحرب."
عشان لو انسحبتم بالليل،,عشان لو انسحبتم بالليل،
جايز ياخدوا بالهم ويرتّبوا صفوفهم،,جايز ياخدوا بالهم ويرتّبوا صفوفهم،
إنما الانسحاب فجأة وسط المعركة،,انما الانسحاب فجاه وسط المعركه،
"هيربك حسابات جيش الفُرس.""","هيربك حسابات جيش الفُرس."""
وبالفعل، يا عزيزي، هو دا اللي حصل بالظبط،,وبالفعل، يا عزيزي، هو دا اللي حصل بالظبط،
الفُرس، يا عزيزي، في وسط المعركة،,الفُرس، يا عزيزي، في وسط المعركه،
"بيبصوا حواليهم، ما بيلاقوش ""إياد"" ورجالته،","بيبصوا حواليهم، ما بيلاقوش ""اياد"" ورجالته،"
وبالتوازي مع دا، العرب بيعملوا هجمة شرسة جدًا، To Be or Not to Be،,وبالتوازي مع دا، العرب بيعملوا هجمه شرسه جدًا، ،
"""هنكسب دلوقتي!""","""هنكسب دلوقتي!"""
وتحت الضغط دا، بدأت عمليات انسحاب عشوائي في صف جيش الفُرس،,وتحت الضغط دا، بدات عمليات انسحاب عشوايي في صف جيش الفُرس،
في قلب المعركة، بيتقتل القائدين الفارسيين،,في قلب المعركه، بيتقتل القايدين الفارسيين،
"""الهامرز"" و""جلابزين""، قادة الأساورة، اللي حكيتلك عنهم.","""الهامرز"" و""جلابزين""، قاده الاساوره، اللي حكيتلك عنهم."
وبالفعل، يا عزيزي، بدأت بشاير النصر،,وبالفعل، يا عزيزي، بدات بشاير النصر،
كل جنود الفُرس، اللي بيهربوا من المعركة،,كل جنود الفُرس، اللي بيهربوا من المعركه،
"كانوا بياخدوا طريق الهروب من عند نهر ""الفرات""،","كانوا بياخدوا طريق الهروب من عند نهر ""الفرات""،"
هناك، عند هذا الجسر، بيتفاجئوا بكمين كان جاهزلهم امبارح بالليل،,هناك، عند هذا الجسر، بيتفاجيوا بكمين كان جاهزلهم امبارح بالليل،
عشان تبدأ عمليات أَسر واسعة لجنود الفُرس،,عشان تبدا عمليات اَسر واسعه لجنود الفُرس،
حفلة عربية على شرف الأساورة،,حفله عربيه علي شرف الاساوره،
"حتى ""النعمان بن زرعة التغلبي""،","حتي ""النعمان بن زرعه التغلبي""،"
الراجل المساعد اللي كان حاطط خطة الفُرس مع كسرى،,الراجل المساعد اللي كان حاطط خطه الفُرس مع كسري،
الراجل دا برضه اتأسر،,الراجل دا برضه اتاسر،
وأخيرًا، يا عزيزي، العرب بينتصروا بعد معركة إعجازية غير متكافئة إطلاقًا.,واخيرًا، يا عزيزي، العرب بينتصروا بعد معركه اعجازيه غير متكافيه اطلاقًا.
"في النهاية، يا عزيزي، صعب نفصل معركة ""ذي قار""،","في النهايه، يا عزيزي، صعب نفصل معركه ""ذي قار""،"
اللي حصلت بين العرب والفُرس،,اللي حصلت بين العرب والفُرس،
عن المعارك اللي هتحصل بعد كدا بين المسلمين والفُرس،,عن المعارك اللي هتحصل بعد كدا بين المسلمين والفُرس،
"وكأن ""ذي قار"" كانت نقطة تمهيدية ضرورية،","وكان ""ذي قار"" كانت نقطه تمهيديه ضروريه،"
بتهيئة العرب إن هما يفكوا عُقدتهم،,بتهييه العرب ان هما يفكوا عُقدتهم،
عُقدة التفوق الفارسي،,عُقده التفوق الفارسي،
"العُقدة اللي بدأت يوم ""الصفقة"" و""سابور ذي الأكتاف""،","العُقده اللي بدات يوم ""الصفقه"" و""سابور ذي الاكتاف""،"
وغيرها وغيرها من الحوادث،,وغيرها وغيرها من الحوادث،
بنقرا في المصادر العربية مكتوب...,بنقرا في المصادر العربيه مكتوب
اللحظة التاريخية دي، يا عزيزي، كانت رسالة الإسلام،,اللحظه التاريخيه دي، يا عزيزي، كانت رساله الاسلام،
"من هنا، يا عزيزي، بتيجي أهمية ""ذي قار""،","من هنا، يا عزيزي، بتيجي اهميه ""ذي قار""،"
في المقابل، بنشوف المصادر الفارسية بتتعامل مع الموضوع بصمت،,في المقابل، بنشوف المصادر الفارسيه بتتعامل مع الموضوع بصمت،
زي اللي مش واخد باله.,زي اللي مش واخد باله.
يمكن، يا عزيزي، أبلغ رد على الصمت الفارسي,يمكن، يا عزيزي، ابلغ رد علي الصمت الفارسي
"هيخلده الشعر، وتحديدًا بيتين لـ""العُدي بن فرخ""،","هيخلده الشعر، وتحديدًا بيتين ل""العُدي بن فرخ""،"
"وهما أجمل ما قيل عن ""ذي قار""...","وهما اجمل ما قيل عن ""ذي قار"""
"يعني، ""لو الناس هتتجمّع في الخير ويولعوا نار،","يعني، ""لو الناس هتتجمّع في الخير ويولعوا نار،"
"احنا اللي هنولّعها.""","احنا اللي هنولّعها."""
"""العُدي""، يا عزيزي، بيعتبر إن يوم ""ذي قار""","""العُدي""، يا عزيزي، بيعتبر ان يوم ""ذي قار"""
أفضل يوم في تاريخ البشرية. ليه؟,افضل يوم في تاريخ البشريه. ليه؟
"يعني، ""الآية انعكست، وسلبنا من كسرى هامته ومجده.""","يعني، ""الايه انعكست، وسلبنا من كسري هامته ومجده."""
ودي، يا عزيزي، حكاية يوم فاصل في تاريخ العرب،,ودي، يا عزيزي، حكايه يوم فاصل في تاريخ العرب،
جه بعد تاريخ طويل من الهزيمة،,جه بعد تاريخ طويل من الهزيمه،
ولكن صنع تاريخ مختلف تمامًا من بعده.,ولكن صنع تاريخ مختلف تمامًا من بعده.
بس كدا، يا عزيزي. أخيرًا، وليس آخرًا،,بس كدا، يا عزيزي. اخيرًا، وليس اخرًا،
ما تنساش تشوف الحلقات اللي فاتت، تشوف الحلقات الجاية،,ما تنساش تشوف الحلقات اللي فاتت، تشوف الحلقات الجايه،
"تنزل تبص على المصادر، ولو احنا على الـ""يوتيوب""، نشترك على القناة.","تنزل تبص علي المصادر، ولو احنا علي ال""يوتيوب""، نشترك علي القناه."
خلّيني، يا عزيزي، ألخصلك الحلقة كلها في كلمتين،,خلّيني، يا عزيزي، الخصلك الحلقه كلها في كلمتين،
"مدرسة كابتن ""كابوزيا""،","مدرسه كابتن ""كابوزيا""،"
العرب عرقبوا العدو، أرعبوه،,العرب عرقبوا العدو، ارعبوه،
وأعربوا عليهم، وأعربوا عن عروبتهم،,واعربوا عليهم، واعربوا عن عروبتهم،
كسروا كسرى كساير،,كسروا كسري كساير،
وفرسانهم فرسوا الفُرس.,وفرسانهم فرسوا الفُرس.
واللي هيعدّي الخط دا هالك!,واللي هيعدّي الخط دا هالك!
"سامع يا ""كياروستامي""؟!","سامع يا ""كياروستامي"""
دي كل الاحداثيات اللي معانا وملخص للبعثه,دي كل الاحداثيات اللي معانا وملخص للبعثه
اكتشفته قبل ما تيجي لا لا البعثه,اكتشفته قبل ما تيجي لا لا البعثه
[موسيقى] الاستكشافيه اللي قدامي دي بايظه,موسيقي الاستكشافيه اللي قدامي دي بايظه
خالص المؤن مضروبه والاتجاهات بايظه انا,خالص المون مضروبه والاتجاهات بايظه انا
عايز اعرف مين المستكشف الحمار اللي كان,عايز اعرف مين المستكشف الحمار اللي كان
شغال قبلي,شغال قبلي
>> الجنرال ارثر الله يرحمه قبل ما التمساح,الجنرال ارثر الله يرحمه قبل ما التمساح
يعمله بوفتيك,يعمله بوفتيك
>> مبدئيا البوصله دي كارفه شمال شرق ممكن,مبدييا البوصله دي كارفه شمال شرق ممكن
اجيب لكم حاجه من عندي باستعمال خفيف بس,اجيب لكم حاجه من عندي باستعمال خفيف بس
هتكلفكم,هتكلفكم
>> ماشي هات ونحاسبك,ماشي هات ونحاسبك
والخريطه دي هندي فرز تاني حتى طعمها,والخريطه دي هندي فرز تاني حتي طعمها
تشيكن تيك مسله انا ما بشتغلش غير بخرايط,تشيكن تيك مسله انا ما بشتغلش غير بخرايط
فرنساوي فرز اول مؤاخذه عندكم يا سيدي ما,فرنساوي فرز اول مواخذه عندكم يا سيدي ما
عندناش هات ونبقى نحاسبك عندكم سكان,عندناش هات ونبقي نحاسبك عندكم سكان
اصليين نستغلهم ونستعبدهم ولا بعد الصبي,اصليين نستغلهم ونستعبدهم ولا بعد الصبي
بتاعي يجيب,بتاعي يجيب
>> لا لا دول عندنا في الفريزر كتير بحيث كده,لا لا دول عندنا في الفريزر كتير بحيث كده
بقى انا عايز كوبايه انجلش تي ايرلي جراي,بقي انا عايز كوبايه انجلش تي ايرلي جراي
انج تقيل ونبدا على بركه الله وبقوللك,انج تقيل ونبدا علي بركه الله وبقوللك
طبقيص,طبقيص
لا هو الحقيقه حقيقه طباخ السفينه,لا هو الحقيقه حقيقه طباخ السفينه
[موسيقى] هو كمان مات بعد المستكشف,موسيقي هو كمان مات بعد المستكشف
الاولاني جالله من الاريحه,الاولاني جالله من الاريحه
>> طب مش مستاهله قول له اي حد يعمل شاي,طب مش مستاهله قول له اي حد يعمل شاي
القبطان مثلا,القبطان مثلا
>> اهو ده بقى جاله ضربه شمس ومات متسلخ,اهو ده بقي جاله ضربه شمس ومات متسلخ
>> مسؤول المؤن طيب غرق هو مين لسه عايش,مسوول المون طيب غرق هو مين لسه عايش
بالظبط,بالظبط
>> انا واثنين زمايلي ثاني,انا واثنين زمايلي ثاني
>> ايه الصوت ده ام الساعه جت 6:00,ايه الصوت ده ام الساعه جت
>> ده معاد قبائل اكيلي لحوم البشر دي,ده معاد قبايل اكيلي لحوم البشر دي
القبائل اللي بتبقى قاعده عند ده اول,القبايل اللي بتبقي قاعده عند ده اول
البحيره بيحبوا يهجموا علينا قبل العشاء,البحيره بيحبوا يهجموا علينا قبل العشاء
ححب بشر ايه احنا ماتفقناش على كده,ححب بشر ايه احنا ماتفقناش علي كده
>> طيب تعرف تستخدم السيف ولا بتحارب المنقله,طيب تعرف تستخدم السيف ولا بتحارب المنقله
بقى ولا ايه انا جون ويك,بقي ولا ايه انا جون ويك
[موسيقى],موسيقي
[موسيقى],موسيقي
مشاهد السرح وبركاته اهلا بكم في حلقه,مشاهد السرح وبركاته اهلا بكم في حلقه
جديده من برنامج التحيح ايه المشاهده,جديده من برنامج التحيح ايه المشاهده
الصرح وبركاته اهلا بكم في حلقه جديده من,الصرح وبركاته اهلا بكم في حلقه جديده من
برنامج التحيح عزيز المشاهد الجميل تعالوا,برنامج التحيح عزيز المشاهد الجميل تعالوا
نطلع على سنه 1853 بالتحديد الشيخ عبد,نطلع علي سنه 1853 بالتحديد الشيخ عبد
الله اخيرا دخل مكه عشان يؤدي فريضه الحج,الله اخيرا دخل مكه عشان يودي فريضه الحج
الشيخ عبد الله طبيب ان كان بيحلم انه,الشيخ عبد الله طبيب ان كان بيحلم انه
يزور البيت الحرام بعد رحله طويله خلاص,يزور البيت الحرام بعد رحله طويله خلاص
الراجل وصل خلص طواف وطلع عرفات لحد ما,الراجل وصل خلص طواف وطلع عرفات لحد ما
انهى شعائر الحج بخشوع تام طب ابو حماد حج,انهي شعاير الحج بخشوع تام طب ابو حماد حج
مبرور وذنب مغفور للشيخ عبد الله عقبالك,مبرور وذنب مغفور للشيخ عبد الله عقبالك
بصراحه يا عزيزي هناك معلومه صغيره نخبت,بصراحه يا عزيزي هناك معلومه صغيره نخبت
عنك في هذه القصه للاسف هذا الحج غير,عنك في هذه القصه للاسف هذا الحج غير
مبرور انت ابو حميد منين عشان تقايم الناس,مبرور انت ابو حميد منين عشان تقايم الناس
ليه بتخش في نوال اخرين يا راجل جنتمنت لا,ليه بتخش في نوال اخرين يا راجل جنتمنت لا
متعفن وبعدين اللي بيته من حجاره ما يرميش,متعفن وبعدين اللي بيته من حجاره ما يرميش
الناس بالازاز وبعدين اللي بيتكلم عن,الناس بالازاز وبعدين اللي بيتكلم عن
النواد احنا لو فتحناك هنلاقي رسمه اجدات,النواد احنا لو فتحناك هنلاقي رسمه اجدات
ما بقناش عارفين ايديولوجيتك فين ولا,ما بقناش عارفين ايديولوجيتك فين ولا
بتخدم مين من كتر ما انت بتاكل على كل,بتخدم مين من كتر ما انت بتاكل علي كل
المواد يا عزيزي انا لا اشاكك في نوايا,المواد يا عزيزي انا لا اشاكك في نوايا
الراجل الراجل بنفسه هو اللي اقر انه ليس,الراجل الراجل بنفسه هو اللي اقر انه ليس
مسلم الشيخ عبد الله ليس الشيخ عبد الله,مسلم الشيخ عبد الله ليس الشيخ عبد الله
وانما مستكشف بريطاني عنده 32 سنه واسمه,وانما مستكشف بريطاني عنده 32 سنه واسمه
ريتشارد فرانسيس بيرتون ايوه حج غير مبرور,ريتشارد فرانسيس بيرتون ايوه حج غير مبرور
ده يا عزيزي كان اول بريطاني يسجل,ده يا عزيزي كان اول بريطاني يسجل
بالتفصيل طقوس الحج في مكه المكان اللي,بالتفصيل طقوس الحج في مكه المكان اللي
كان دايما بيثير فضول الاوروبيين ليه؟,كان دايما بيثير فضول الاوروبيين ليه؟
لانه محرم لغير المسلمين بتون يا عزيزي,لانه محرم لغير المسلمين بتون يا عزيزي
فضل يجهز لرحلته بشكل عبقري الراجل بدا,فضل يجهز لرحلته بشكل عبقري الراجل بدا
يخفي ملامح الخوجه البريطاني من هيئته حلق,يخفي ملامح الخوجه البريطاني من هييته حلق
شعره ساب اللحيه تطلع دهن بشرته بعصير,شعره ساب اللحيه تطلع دهن بشرته بعصير
الجوز عشان يبان هندي تفاهنيه في العمل يا,الجوز عشان يبان هندي تفاهنيه في العمل يا
عزيزي خلته يعمل مخصوص مخصوص ختام الراجل,عزيزي خلته يعمل مخصوص مخصوص ختام الراجل
اتقن التنقر لدرجه ان هو اطاهر عشان لو,اتقن التنقر لدرجه ان هو اطاهر عشان لو
تعرض لاي فحص الناس تتاكد انه مسلم في,تعرض لاي فحص الناس تتاكد انه مسلم في
الوقت ده يا عزيزي لو كان تم اكتشاف وجود,الوقت ده يا عزيزي لو كان تم اكتشاف وجود
شخص افرنج في الحج خصوصا بهذا الشكل,شخص افرنج في الحج خصوصا بهذا الشكل
المريب اللي كان واضح ان في تلاعب فغالبا,المريب اللي كان واضح ان في تلاعب فغالبا
يعني مش هيبقى الوضع كويس برت كمان اجاد,يعني مش هيبقي الوضع كويس برت كمان اجاد
العربيه والهندوستانيه بطلاقه فراح درس,العربيه والهندوستانيه بطلاقه فراح درس
الاسلام بدقه لدرجه عزيزي انه قدر يحفظ,الاسلام بدقه لدرجه عزيزي انه قدر يحفظ
ربع من القران بقى بيقراه من ذاكرته,ربع من القران بقي بيقراه من ذاكرته
بمنتهى الاجازه ومن كتر ما الراجل ضبط,بمنتهي الاجازه ومن كتر ما الراجل ضبط
الدور واتقن التنكر كان في خادم شك فيه,الدور واتقن التنكر كان في خادم شك فيه
حاسس انه مش مسلم فالرفاق اللي كانوا مع,حاسس انه مش مسلم فالرفاق اللي كانوا مع
الشيخ عبد الله بدل ما يختبروه يعرفوا ان,الشيخ عبد الله بدل ما يختبروه يعرفوا ان
ريتشارد راحوا ماسكين الخادم ومزعقين له,ريتشارد راحوا ماسكين الخادم ومزعقين له
واحد منهم اقسم ان الشيخ عبد الله نور,واحد منهم اقسم ان الشيخ عبد الله نور
الاسلام بينط من وشه رحله بيرتون هتحقق له,الاسلام بينط من وشه رحله بيرتون هتحقق له
شهره كبيره في بريطانيا وهتنال اعجاب,شهره كبيره في بريطانيا وهتنال اعجاب
الجماعيه الجغرافيه الملكيه ولكن ريتشارد,الجماعيه الجغرافيه الملكيه ولكن ريتشارد
كان عارف ان بالرغم من انجازه ده الا ان,كان عارف ان بالرغم من انجازه ده الا ان
بلده عمرها ما تستقبله استقبال الابطال,بلده عمرها ما تستقبله استقبال الابطال
دايما هيكونوا شايفينه اوتسايدر بيرتون,دايما هيكونوا شايفينه اوتسايدر بيرتون
ابوه مقدم عسكري وبسبب شغله الابن عاش,ابوه مقدم عسكري وبسبب شغله الابن عاش
حياته بينتقل من بلد لبلد عاش في البلاد,حياته بينتقل من بلد لبلد عاش في البلاد
دي اضعاف ما عاش في بريطانيا لحد ما شاف,دي اضعاف ما عاش في بريطانيا لحد ما شاف
نفسه في النهايه سيتيزن اوف ذا ورلد مواطن,نفسه في النهايه سيتيزن اوف ذا ورلد مواطن
عالمي البريطانيين ما كانوش بيعتبرو واحد,عالمي البريطانيين ما كانوش بيعتبرو واحد
منهم لانه لا بيتصرف ولا بيتعامل زيهم ماش,منهم لانه لا بيتصرف ولا بيتعامل زيهم ماش
كتير وسطهم وكمان وصلوا له باصعب الطرق,كتير وسطهم وكمان وصلوا له باصعب الطرق
وكمان كانوا شايفين ان شكله اصلا مش بيرتش,وكمان كانوا شايفين ان شكله اصلا مش بيرتش
زي ما انت شايف قدامك كده بيرتو بالرغم من,زي ما انت شايف قدامك كده بيرتو بالرغم من
هذا النبز كان كاريزماتيك بطريقه مرعبه,هذا النبز كان كاريزماتيك بطريقه مرعبه
جدا ستوكر مؤلف روايه دراك هيقول نظرته,جدا ستوكر مولف روايه دراك هيقول نظرته
بتخترقك زي السيف مصادر كتير اعتبرت ملامح,بتخترقك زي السيف مصادر كتير اعتبرت ملامح
بيرتون وكاريزمته واسنانه اللي وصفها برام,بيرتون وكاريزمته واسنانه اللي وصفها برام
ستوكر ان ليها البريق بتاع الخنجر غالبا,ستوكر ان ليها البريق بتاع الخنجر غالبا
بترجح المصادر ان ده الباكدج قال الهم,بترجح المصادر ان ده الباكدج قال الهم
ستوكر انه يكتب اوصاف دراكولا بيرتون يا,ستوكر انه يكتب اوصاف دراكولا بيرتون يا
عزيزي كان قادر انه يكون مستكشف مش بس لان,عزيزي كان قادر انه يكون مستكشف مش بس لان
حياته كان كلها ترحال وتنقل لا ده كمان,حياته كان كلها ترحال وتنقل لا ده كمان
لعبقريته في اللغات هيوصفوا المدرسين,لعبقريته في اللغات هيوصفوا المدرسين
بتوعه بانه مان كود ليرن لانجويج رانين,بتوعه بانه مان كود ليرن لانجويج رانين
راجل يقدر يتعلم لغه وهو بيجري بيرتون,راجل يقدر يتعلم لغه وهو بيجري بيرتون
هيعرف يتكلم باكث من 25 لغه وده هيفتح,هيعرف يتكلم باكث من 25 لغه وده هيفتح
وعيه ان العالم مليان بثقافات كتير غير,وعيه ان العالم مليان بثقافات كتير غير
ثقافه بريطانيا هو كان شايف البعض اكشلي,ثقافه بريطانيا هو كان شايف البعض اكشلي
اهم من ثقافه بريطانيا بنشوف مثلا لما حط,اهم من ثقافه بريطانيا بنشوف مثلا لما حط
في كتابه الصيد بالصقور في وادي السند بعد,في كتابه الصيد بالصقور في وادي السند بعد
الالفاظ الهنديه اتهر لهجوم البريطانيين,الالفاظ الهنديه اتهر لهجوم البريطانيين
اللي طلبوا ان هو يلتزم بكتابتهم,اللي طلبوا ان هو يلتزم بكتابتهم
الانجليزيه وتها عزيز رد عليهم باستهطار,الانجليزيه وتها عزيز رد عليهم باستهطار
وقال لهم اللغه السنديه وادبها هي لغه,وقال لهم اللغه السنديه وادبها هي لغه
مكان بحجم ترع [ضحك] المشكله بقى ان,مكان بحجم ترع ضحك المشكله بقي ان
بريطانيا بالرغم من كل هذه العنصره اللي,بريطانيا بالرغم من كل هذه العنصره اللي
كانت بتمارسها هتكون محتاجه لمستكشف,كانت بتمارسها هتكون محتاجه لمستكشف
بقدرات ريتشارد بيرتون بس المره دي التحدي,بقدرات ريتشارد بيرتون بس المره دي التحدي
هيكون اصعب بكتير تحدي سماه المستكشفين,هيكون اصعب بكتير تحدي سماه المستكشفين
بهولي جريل اوف اكسلوريشن منابع النيل,بهولي جريل اوف اكسلوريشن منابع النيل
الابيض,الابيض
لالاف السنين علماء واباطره هيكونوا,لالاف السنين علماء واباطره هيكونوا
مشغولين بسؤال واحد يا ترى نهر النيل اطول,مشغولين بسوال واحد يا تري نهر النيل اطول
نهر في العالم بيبدا منين النيل شريان,نهر في العالم بيبدا منين النيل شريان
الحياه لواحده من اعظم حضارات العالم,الحياه لواحده من اعظم حضارات العالم
القديم الحضاره المصريه القديمه الحضاره,القديم الحضاره المصريه القديمه الحضاره
العظيمه اللي ضبطت التقويم بتاعها على,العظيمه اللي ضبطت التقويم بتاعها علي
حسابات فيضان النيل على حسب كلام العالمي,حسابات فيضان النيل علي حسب كلام العالمي
الاكبر لو وصل ارتفاع النيل ل 12 ذراع فده,الاكبر لو وصل ارتفاع النيل ل 12 ذراع فده
بينذر باقتراب مجاعه ولو علي 17 دراع او,بينذر باقتراب مجاعه ولو علي 17 دراع او
اكث فده بينظر بفيضان مدمر فانت اظبطها,اكث فده بينظر بفيضان مدمر فانت اظبطها
على 15 كده يضبطها معاك حسابات النيل يا,علي 15 كده يضبطها معاك حسابات النيل يا
عزيزي حددت بدقه الموت والحياه احنا امتى,عزيزي حددت بدقه الموت والحياه احنا امتي
هيبقى عندنا زرع ورخاء وامتى هنبقى,هيبقي عندنا زرع ورخاء وامتي هنبقي
محتاجين نخزن وعشان سؤال المنبع ده كان,محتاجين نخزن وعشان سوال المنبع ده كان
سؤال اساسي وملح لانك عزيزي الالاف السنين,سوال اساسي وملح لانك عزيزي الالاف السنين
لما تبص على مصر من السماء هتشوف يا عزيزي,لما تبص علي مصر من السماء هتشوف يا عزيزي
النيل وكانه وادي من الحياه لونه اخضر,النيل وكانه وادي من الحياه لونه اخضر
حياه بتقطع الصحراء من جنوبها لشمالها لكن,حياه بتقطع الصحراء من جنوبها لشمالها لكن
لو كملت نزول عشان تشوف المنبع ده فين,لو كملت نزول عشان تشوف المنبع ده فين
فالصوره مش هتبقى بهذا الوضوح اطلاقا,فالصوره مش هتبقي بهذا الوضوح اطلاقا
النيل باين بس مشبعه مش باين فتلاقي بقى,النيل باين بس مشبعه مش باين فتلاقي بقي
تظهر بعض الاجابات على سؤال المنبع ده,تظهر بعض الاجابات علي سوال المنبع ده
وطبعا بعضها كانت اجابات جدعه كده بلا,وطبعا بعضها كانت اجابات جدعه كده بلا
مصادر هيردوت مثلا اللي قال ان مصر النيل,مصادر هيردوت مثلا اللي قال ان مصر النيل
هيقول ان النيل بينبع من كهف بلا قرار,هيقول ان النيل بينبع من كهف بلا قرار
يعني كهف في جبل ما نعرفش نوصل له مالوش,يعني كهف في جبل ما نعرفش نوصل له مالوش
قرار الاسكندر بقى يقول لك النيل منعه من,قرار الاسكندر بقي يقول لك النيل منعه من
الهند [موسيقى] يرزع اما بقى اشهر تفسير,الهند موسيقي يرزع اما بقي اشهر تفسير
فهيكون للجغرافي اطليموس اللي هيجي سنه,فهيكون للجغرافي اطليموس اللي هيجي سنه
130 ميلاديا ويقول لك ان منبع نيل يا,130 ميلاديا ويقول لك ان منبع نيل يا
جماعه من بحرتين كبار في افريقيا بيتدفقوا,جماعه من بحرتين كبار في افريقيا بيتدفقوا
من سلسله [موسيقى] جبال ثلجيه بطليموز,من سلسله موسيقي جبال ثلجيه بطليموز
سماهم ماونتنز اوف زمون بس كده يا شباب,سماهم ماونتنز اوف زمون بس كده يا شباب
شكرا جدا يلا ادي النيل وادي منبعه ممكن,شكرا جدا يلا ادي النيل وادي منبعه ممكن
فلوسي بقى عشان احاسب الرجاله طبعا يا,فلوسي بقي عشان احاسب الرجاله طبعا يا
عزيزي الموضوع ليس بهذه السهوله ما كناش,عزيزي الموضوع ليس بهذه السهوله ما كناش
عملنا عنها حلقه خليني اقول لك يا عزيزي,عملنا عنها حلقه خليني اقول لك يا عزيزي
ان من 130 ميلاديا [موسيقى] قبل ما يبقى,ان من 130 ميلاديا موسيقي قبل ما يبقي
في 1000 جنبها حد القرن ال 19 هنفضل,في 10 جنبها حد القرن ال 19 هنفضل
واقفين عند هذه المعلومه ما نعرفش غيرها,واقفين عند هذه المعلومه ما نعرفش غيرها
منبع النيل فين بحارتين في افريقيا مين,منبع النيل فين بحارتين في افريقيا مين
اللي قال لك عمنا بطليموس,اللي قال لك عمنا بطليموس
لقرون يا عزيزي رسمين الخرايط في اوروبا,لقرون يا عزيزي رسمين الخرايط في اوروبا
هيكون عندهم مشكله بسيطه هيعانوا من حاجه,هيكون عندهم مشكله بسيطه هيعانوا من حاجه
اسمها الهوررور فاكيو هيبقى عندهم خوف ان,اسمها الهوررور فاكيو هيبقي عندهم خوف ان
هم يسيبوا مكان في الخريطه فاضي حتى لو ما,هم يسيبوا مكان في الخريطه فاضي حتي لو ما
كانوش عارفين ايه اللي موجود هنا حتى لو,كانوش عارفين ايه اللي موجود هنا حتي لو
ما كانش في مستكشف اوروبي [ضحك] استكشف,ما كانش في مستكشف اوروبي ضحك استكشف
هذا المكان مش عارفين نلونوا يابسه ولا,هذا المكان مش عارفين نلونوا يابسه ولا
نلون صح ولا نلونوا زرع فكانوا يجوا عم,نلون صح ولا نلونوا زرع فكانوا يجوا عم
ساعات الفاضيه دي يلونوها باي حاجه ما,ساعات الفاضيه دي يلونوها باي حاجه ما
كانش عزيزه قدامهم افضل من افريقيا يعني,كانش عزيزه قدامهم افضل من افريقيا يعني
عندك مثلا خريطه مشهوره في القرن ال 16,عندك مثلا خريطه مشهوره في القرن ال 16
رسم فيها رسام خرايط الماني وحش عملاق,رسم فيها رسام خرايط الماني وحش عملاق
بعين واحده في حته فاضيه في الخريطه عرفنا,بعين واحده في حته فاضيه في الخريطه عرفنا
بعد كده ان دي نيجيريا وكاميرون جه ناس,بعد كده ان دي نيجيريا وكاميرون جه ناس
اوروبيين ثانيين احيانا كانوا ببلوا,اوروبيين ثانيين احيانا كانوا ببلوا
الفراغ ده بحيوانات افريقيه بقى زي النعام,الفراغ ده بحيوانات افريقيه بقي زي النعام
والاسود بيبلوا الجو هور باكيو مش هنسيب,والاسود بيبلوا الجو هور باكيو مش هنسيب
في حته فاضيه امك لو مسكت خريطه من دول,في حته فاضيه امك لو مسكت خريطه من دول
ممكن تحشي استراليا رز وصلنا يا عزيزي ل,ممكن تحشي استراليا رز وصلنا يا عزيزي ل
1851 بتتعرض لنا خريطه في المعرض الكبير,1851 بتتعرض لنا خريطه في المعرض الكبير
في لندن فيها مساحات شاسعه من جنوب قاره,في لندن فيها مساحات شاسعه من جنوب قاره
افريقيا فاضيه تماما المحرر ار مونت جوملي,افريقيا فاضيه تماما المحرر ار مونت جوملي
مارتن هيعلق الخريطه ويقول خمس اسداس قاره,مارتن هيعلق الخريطه ويقول خمس اسداس قاره
افريقيا كانت مجهوله للاوروبيين ما فيش,افريقيا كانت مجهوله للاوروبيين ما فيش
غير جبال القمر المزعومه وكمان ما نعرفش,غير جبال القمر المزعومه وكمان ما نعرفش
عنها حاجه متخيل يا عزيزي خمس اسداث,عنها حاجه متخيل يا عزيزي خمس اسداث
افريقيا يعني نص مشاكل الاهلي بره ارضه,افريقيا يعني نص مشاكل الاهلي بره ارضه
هتتحل الكاف خلاص الكاف كان سدس بيتلعب,هتتحل الكاف خلاص الكاف كان سدس بيتلعب
الترجي وداد مع الوقت الرغبه في استكشاف,الترجي وداد مع الوقت الرغبه في استكشاف
في النيل هتزيد الحاحا لما بيوصل بعض,في النيل هتزيد الحاحا لما بيوصل بعض
المبشرين الالمان في اربعينات القرن 19,المبشرين الالمان في اربعينات القرن 19
بيوصلوا لجبل كليمنجارو في افريقيا,بيوصلوا لجبل كليمنجارو في افريقيا
وبيلاقوه متغطي بالثلج كانه جبال القمر,وبيلاقوه متغطي بالثلج كانه جبال القمر
اللي اتكلم عنها بطليموس وهم هناك يا,اللي اتكلم عنها بطليموس وهم هناك يا
عزيزي هيسمعوا من بعض التجار عن بحر داخلي,عزيزي هيسمعوا من بعض التجار عن بحر داخلي
عظيم موجود جوه القاره ممكن جدا يكون هو,عظيم موجود جوه القاره ممكن جدا يكون هو
ده منبع النيل الابيض ثانيه واحده يا ابو,ده منبع النيل الابيض ثانيه واحده يا ابو
عبت هو النيل بتاعنا الوان هو مش نيل واحد,عبت هو النيل بتاعنا الوان هو مش نيل واحد
ايه ابيض ده انت مين يا ابني اللي بعلمك,ايه ابيض ده انت مين يا ابني اللي بعلمك
خليني يا عزيزي اشرح لك واقول لك ان النيل,خليني يا عزيزي اشرح لك واقول لك ان النيل
لونين او بمعنى اصح فرعين رئيسيين,لونين او بمعني اصح فرعين رييسيين
النيل الابيض والنيل الازرق النيلين,النيل الابيض والنيل الازرق النيلين
بيتقابلوا في الخرطوم ويكملوا على مصر,بيتقابلوا في الخرطوم ويكملوا علي مصر
وقتها عزيزي كنا خلاص عارفين منبع النيل,وقتها عزيزي كنا خلاص عارفين منبع النيل
الازرق وهي بحيره تانه ده اخره خلاص عرفنا,الازرق وهي بحيره تانه ده اخره خلاص عرفنا
جاي منين ولكن يا عزيزي منبع النيل الابيض,جاي منين ولكن يا عزيزي منبع النيل الابيض
هيفضل مجنن امنا مجهول ابو حميد انا,هيفضل مجنن امنا مجهول ابو حميد انا
بصراحه حاسس بنوع من المبالغه والافوره في,بصراحه حاسس بنوع من المبالغه والافوره في
طريقه سردك فماعتدت يعني اني لو عايز اعرف,طريقه سردك فماعتدت يعني اني لو عايز اعرف
النيل بيودي فين انا هركب من رمسيست اطلع,النيل بيودي فين انا هركب من رمسيست اطلع
على اسوان اللي هي المفروض على حد سرديتك,علي اسوان اللي هي المفروض علي حد سرديتك
الهشه المترهله اخر مكان معروف نعرف النيل,الهشه المترهله اخر مكان معروف نعرف النيل
في فين فاحنا نركب من اسوان ونمشي مع,في فين فاحنا نركب من اسوان ونمشي مع
النيل لا ناخد شمال ولا ناخد يمين ولا,النيل لا ناخد شمال ولا ناخد يمين ولا
نطلع كباري ولا ننزل في النزلات ننزل مع,نطلع كباري ولا ننزل في النزلات ننزل مع
النيل درجن درجن في الخريطه لحد ما نوصل,النيل درجن درجن في الخريطه لحد ما نوصل
للمنبع والله يا عزيزي دي طريقه فعاله جدا,للمنبع والله يا عزيزي دي طريقه فعاله جدا
لو انت عايز تروح بيتكم تطلع شارع الرئيسي,لو انت عايز تروح بيتكم تطلع شارع الرييسي
وتحنكش هل انت تظن ان النيل مكامل زي ما,وتحنكش هل انت تظن ان النيل مكامل زي ما
انت بتشوفه كده لا خليني اقول لك عزيزي ان,انت بتشوفه كده لا خليني اقول لك عزيزي ان
الامبراطور اوجستس والامبراطور نيرون,الامبراطور اوجستس والامبراطور نيرون
شخصيا هيبعتوا بعثات في هذا الاتجاه,شخصيا هيبعتوا بعثات في هذا الاتجاه
هيفكروا نفس فكرتك من الاف السنين,هيفكروا نفس فكرتك من الاف السنين
وهيفشلوا وفشل يليق بسؤالك وده ببساط لان,وهيفشلوا وفشل يليق بسوالك وده ببساط لان
اي محاوله لاستكشاف منبع النيل من مصر,اي محاوله لاستكشاف منبع النيل من مصر
هتواجه وهتلاحق بمستنقعات عملاقه مساحه,هتواجه وهتلاحق بمستنقعات عملاقه مساحه
عملاقه من المستنقعات في جنوب السودان,عملاقه من المستنقعات في جنوب السودان
اسمها السد دي مساحه مستحيل تتحرك فيها,اسمها السد دي مساحه مستحيل تتحرك فيها
بالقوارب ولا تنزل يا اخويا تدنجلي على,بالقوارب ولا تنزل يا اخويا تدنجلي علي
النيل عشان كده يا عزيزي هيظهر المثل,النيل عشان كده يا عزيزي هيظهر المثل
الروماني القديم في سورس نسيل تبرن مني,الروماني القديم في سورس نسيل تبرن مني
بمعنى انا عاز عشان انت ما تفهمش روماني,بمعني انا عاز عشان انت ما تفهمش روماني
ان ده من رابع المستحلات يعني لما تيجي,ان ده من رابع المستحلات يعني لما تيجي
توصف ان حاجه صعبه ده كانك بتبحث عن منبع,توصف ان حاجه صعبه ده كانك بتبحث عن منبع
النيل وترسخت مع الوقت عقيده ان الطريقه,النيل وترسخت مع الوقت عقيده ان الطريقه
الوحيده عشان تكتشف منبع النيل لازم تبقى,الوحيده عشان تكتشف منبع النيل لازم تبقي
من الجنوب وتحديدا تحديدا من شرق افريقيا,من الجنوب وتحديدا تحديدا من شرق افريقيا
ومن هنا يا عزيزي هتبدا واحده من اهم,ومن هنا يا عزيزي هتبدا واحده من اهم
رحلات الاستكشاف في [موسيقى] التاريخ لما,رحلات الاستكشاف في موسيقي التاريخ لما
شركه الهند الشرقيه هتسمح لموظفها ريتشارد,شركه الهند الشرقيه هتسمح لموظفها ريتشارد
بيرتون اللي بدات لك بيه الحلقه انه يقوم,بيرتون اللي بدات لك بيه الحلقه انه يقوم
برحلته الاستكشافيه ولكن بشرطين الاول,برحلته الاستكشافيه ولكن بشرطين الاول
هتتحرك من ميناء عدن لان بريطانيا مش,هتتحرك من ميناء عدن لان بريطانيا مش
سيطروا على هذا الميناء النفوذ بتاعنا,سيطروا علي هذا الميناء النفوذ بتاعنا
هناك يا شباب ثاني حاجه لو جرى لك اي حاجه,هناك يا شباب ثاني حاجه لو جري لك اي حاجه
فنحن غير مسؤولين انت خارج على مسؤوليتك,فنحن غير مسوولين انت خارج علي مسووليتك
النجاح بتاعنا كلنا بس الفشل بتاعك انت,النجاح بتاعنا كلنا بس الفشل بتاعك انت
لوحدك وحمد حاسس ان دي شروط حرب مش شروط,لوحدك وحمد حاسس ان دي شروط حرب مش شروط
استكشاف امال ليه مزنقين الدنيا معاه كده,استكشاف امال ليه مزنقين الدنيا معاه كده
بصراحه عزيزي بيرتون كان عارف ان بعبوره,بصراحه عزيزي بيرتون كان عارف ان بعبوره
خليج عدن ودخوله لشرق افريقيا هيدخل ما,خليج عدن ودخوله لشرق افريقيا هيدخل ما
يعرف بالديزاستر زون المنطقه دي يا عزيزي,يعرف بالديزاستر زون المنطقه دي يا عزيزي
دخلها سنه 1845 المستكشف الفرنسي يوجين,دخلها سنه 1845 المستكشف الفرنسي يوجين
ميزن المستكشف اللي كان معاه معداته,ميزن المستكشف اللي كان معاه معداته
البراقه وصناديقه والنتيجه كانت انه اتقتل,البراقه وصناديقه والنتيجه كانت انه اتقتل
جوه فهنا يا عزيزي بيرتون بيوافق بقوه,جوه فهنا يا عزيزي بيرتون بيوافق بقوه
شجاعه ولكن هو كمان عنده شوطه انا محتاج,شجاعه ولكن هو كمان عنده شوطه انا محتاج
جروب كويس معاه انا عايز فرع كويسه واهم,جروب كويس معاه انا عايز فرع كويسه واهم
عنصر في فرقته هيكون صديقه الجراح جون,عنصر في فرقته هيكون صديقه الجراح جون
ستوكس لانه شخص متواضع اه ولكنه حاسم,ستوكس لانه شخص متواضع اه ولكنه حاسم
بيظهر في الاوقات الصعبه يحل اصعب المشاكل,بيظهر في الاوقات الصعبه يحل اصعب المشاكل
وعنده قدره انه يوحد الرجاله اللي معاه,وعنده قدره انه يوحد الرجاله اللي معاه
قصاد اي خطر قدامهم حلو ده ابو حميد بدايه,قصاد اي خطر قدامهم حلو ده ابو حميد بدايه
مبشره الحقيقه عايزين نستوكس هذا الجراح,مبشره الحقيقه عايزين نستوكس هذا الجراح
المهم قبل الرحله هيموت بسكته دماغيه فعدد,المهم قبل الرحله هيموت بسكته دماغيه فعدد
بيرتون هيتفاجئ بضابط انجليزي شاب عمره ب,بيرتون هيتفاجي بضابط انجليزي شاب عمره ب
27 سنه واسمه جون هانين سبيك في كتابها,27 سنه واسمه جون هانين سبيك في كتابها
ريفر اوف جادز بتقول الكاتبه كانديس ملرد,ريفر اوف جادز بتقول الكاتبه كانديس ملرد
جون هانين سبيك سبيك من النظره الاولى كان,جون هانين سبيك سبيك من النظره الاولي كان
نقيض برتون في كل حاجه ظابط بريطاني اشقر,نقيض برتون في كل حاجه ظابط بريطاني اشقر
بعيون بريطانيه ينتمي الى طبقه ارستوراطيه,بعيون بريطانيه ينتمي الي طبقه ارستوراطيه
وطبعا فاهم جدا سؤالك ايه اللي يجيب واحد,وطبعا فاهم جدا سوالك ايه اللي يجيب واحد
لشرق افريقيا في هذا الوقت بالتاريخ انت,لشرق افريقيا في هذا الوقت بالتاريخ انت
يا ابني ما يسميه جينزي بريفيلجد عيش,يا ابني ما يسميه جينزي بريفيلجد عيش
حياتك انبسط اشرب بوبتي اشرب هوت ماتشا,حياتك انبسط اشرب بوبتي اشرب هوت ماتشا
وايس ماتشا بفانيليا ومن غير فانيليا,وايس ماتشا بفانيليا ومن غير فانيليا
انبسط الاجابه هنا يا عزيزي كانت الصيد,انبسط الاجابه هنا يا عزيزي كانت الصيد
هذا الرجل البريطاني كان صياد صياد محترف,هذا الرجل البريطاني كان صياد صياد محترف
قاسي لدرجه عايزين ان كانت هوايته ايه,قاسي لدرجه عايزين ان كانت هوايته ايه
اسمع قتل الحيوانات الحوامل واكل الجنين,اسمع قتل الحيوانات الحوامل واكل الجنين
بتاعها شخصيه شديده القصفر قائد عدن,بتاعها شخصيه شديده القصفر قايد عدن
البريطاني السير جيمز اوترم كان بيوصف,البريطاني السير جيمز اوترم كان بيوصف
افريقيا بانها الارض الاكثر ظلاما مستحيل,افريقيا بانها الارض الاكثر ظلاما مستحيل
يرمي فيها رجل بريطاني متحضر لوحده كده,يرمي فيها رجل بريطاني متحضر لوحده كده
عشان كده الحاكم هيقول لسبيك الطريقه,عشان كده الحاكم هيقول لسبيك الطريقه
الوحيده اني اسمح لك تروح افريقيا تصطاد,الوحيده اني اسمح لك تروح افريقيا تصطاد
انك تكون فرد في بعثه ريتشارد بيرتون,انك تكون فرد في بعثه ريتشارد بيرتون
بيرتون يا عزيزي هيقعد يبص لسبيك وسبيك,بيرتون يا عزيزي هيقعد يبص لسبيك وسبيك
يبص لبيرتون على راي اللواء وليد السيسي,يبص لبيرتون علي راي اللواء وليد السيسي
ديب بيقيم ديب وانا بقى يا فندي بيرتون,ديب بيقيم ديب وانا بقي يا فندي بيرتون
العزيز هيبص سبيك كده عارف بص عدل الامام,العزيز هيبص سبيك كده عارف بص عدل الامام
لاحمد زاي في عريس من جهه امنيه ما تنفعش,لاحمد زاي في عريس من جهه امنيه ما تنفعش
ما فيهاش اي حاجه من ستوكس صاحبي اللي كان,ما فيهاش اي حاجه من ستوكس صاحبي اللي كان
بيجي معايا شكلك عصبي وجاهل بالعادات,بيجي معايا شكلك عصبي وجاهل بالعادات
واللغات الافريقيه جاي متعطش للدماغ ما,واللغات الافريقيه جاي متعطش للدماغ ما
عندكش اي فضول استكشافي اضافه شخص جاهل,عندكش اي فضول استكشافي اضافه شخص جاهل
وعصبي زيك لوفنس لفريق استكشافي هيخوض في,وعصبي زيك لوفنس لفريق استكشافي هيخوض في
ادغال مرعبه ده وارد جدا يدمر توازن,ادغال مرعبه ده وارد جدا يدمر توازن
الفريق ويعرضوا لخطر سبيك عزيزي فضل ساكت,الفريق ويعرضوا لخطر سبيك عزيزي فضل ساكت
على كلام رئيس الكشاف اللي عمال يهزقه ده,علي كلام رييس الكشاف اللي عمال يهزقه ده
عشان في النهايه ريتشارد بيرتون بيضم سبيك,عشان في النهايه ريتشارد بيرتون بيضم سبيك
اللي هزقه هيقول بعد كده ان هو ضمه شفقت,اللي هزقه هيقول بعد كده ان هو ضمه شفقت
صحيح هو غير ملائم للمواصف صفات الا ان في,صحيح هو غير ملايم للمواصف صفات الا ان في
كود السفر صعب تسيب رفيق على الطريق ما,كود السفر صعب تسيب رفيق علي الطريق ما
بقاش مسافر جدع كمان سبيك فكر بيرتون,بقاش مسافر جدع كمان سبيك فكر بيرتون
باخوه الصغير ادوارد فبالتالي القرار زي,باخوه الصغير ادوارد فبالتالي القرار زي
ما بتقول كده كان عاطفي وهذا القرار,ما بتقول كده كان عاطفي وهذا القرار
العاطفي هيغير حياه الرجلين للابد بل يا,العاطفي هيغير حياه الرجلين للابد بل يا
عزيزي هيغير شكل العالم بجد يا ابو حميد,عزيزي هيغير شكل العالم بجد يا ابو حميد
مش مصدقك اسمع كلامي انا بقول لك اخرج,مش مصدقك اسمع كلامي انا بقول لك اخرج
وارجع لك اقول لك انا روح فين موت يا عزيز,وارجع لك اقول لك انا روح فين موت يا عزيز
وتعرف منبعي ما تعرفش انا بطلع منين,وتعرف منبعي ما تعرفش انا بطلع منين
بيرتون هيكون مستني هو وفريقه في احدى,بيرتون هيكون مستني هو وفريقه في احدي
المدن الصوماليه بربراره كانوا مستنيين,المدن الصوماليه بربراره كانوا مستنيين
انتهاء معرض محلي معرض بيبدا في شهر,انتهاء معرض محلي معرض بيبدا في شهر
اكتوبر ويخلص في شهر ابريل السوق ده يا,اكتوبر ويخلص في شهر ابريل السوق ده يا
عزيزي بيجي له قوافل من كل حته فالقوافل,عزيزي بيجي له قوافل من كل حته فالقوافل
لما تيجي وتخلص المعرض سهل يخش في حمايتها,لما تيجي وتخلص المعرض سهل يخش في حمايتها
ويتحرك ناحيه شمال افريقيا هيبقى مامن,ويتحرك ناحيه شمال افريقيا هيبقي مامن
نفسه كده بالقوافل وفي خلال انتظاره هيقرر,نفسه كده بالقوافل وفي خلال انتظاره هيقرر
ريتشارد بيرتون انه يكون اول اوروبي,ريتشارد بيرتون انه يكون اول اوروبي
يستكشف مدينه هرار المقدسه في اثيوبيا,يستكشف مدينه هرار المقدسه في اثيوبيا
وقبل ما يروح هيدي السبيك مهمه سهله,وقبل ما يروح هيدي السبيك مهمه سهله
يختبروا بيها بص يالا انت هتروح تستكشف,يختبروا بيها بص يالا انت هتروح تستكشف
وادي نوجال دي المفروض منطقه سهله ما,وادي نوجال دي المفروض منطقه سهله ما
فيهاش اي ريسك من كتر لزاذتها الجمعيه,فيهاش اي ريسك من كتر لزاذتها الجمعيه
الملكيه الجغرافيه هتسميها هابي فالوادي,الملكيه الجغرافيه هتسميها هابي فالوادي
السعيد النظام معتزي في شرق افريقيا ان اي,السعيد النظام معتزي في شرق افريقيا ان اي
غريب بياخد معاه في رحلته ابان مرافق من,غريب بياخد معاه في رحلته ابان مرافق من
اهل المكان اللي هو رايح له دور جايد راجل,اهل المكان اللي هو رايح له دور جايد راجل
من اهل البلد يوفر له الامان ويتكلم مع,من اهل البلد يوفر له الامان ويتكلم مع
الناس بلغتهم ويقول لهم يا جماعه الراجل,الناس بلغتهم ويقول لهم يا جماعه الراجل
ده تبعي يوفر له الحمايه والمؤن كبير,ده تبعي يوفر له الحمايه والمون كبير
منطقته ومسيطر سبيك في المهمه البسيطه دي,منطقته ومسيطر سبيك في المهمه البسيطه دي
هيبان الفرق بينه وبين بيرتون هو اه صياد,هيبان الفرق بينه وبين بيرتون هو اه صياد
مخضرم ولكنه بريطاني ارستوقراطي في حته,مخضرم ولكنه بريطاني ارستوقراطي في حته
ومنطقه ما يعرفش عنها حاجه وده خلاه لقطه,ومنطقه ما يعرفش عنها حاجه وده خلاه لقطه
زبون المرافق اللي كان معاه الابان هيسرق,زبون المرافق اللي كان معاه الابان هيسرق
من فلوس الحمله ويقوم رايح يسدد ديونه,من فلوس الحمله ويقوم رايح يسدد ديونه
ويسيب سبيك مع عمال محليين كده رافضين,ويسيب سبيك مع عمال محليين كده رافضين
ينفذوا امره لانهم غالبا مش فاهمين اغلب,ينفذوا امره لانهم غالبا مش فاهمين اغلب
كلامه بيرتون على الناحيه الثانيه بيرجع,كلامه بيرتون علي الناحيه الثانيه بيرجع
من رحله استكشاف لمدينه هرار بيقوم سيد,من رحله استكشاف لمدينه هرار بيقوم سيد
سبيك عملت ايه في الموضوع اللي بعتتك فيه,سبيك عملت ايه في الموضوع اللي بعتتك فيه
فبتحول الموقف الى سلطان وضبش انا يا اسطى,فبتحول الموقف الي سلطان وضبش انا يا اسطي
فشلت انا اتاخد فلوسي وضحك عليا سبيك,فشلت انا اتاخد فلوسي وضحك عليا سبيك
اتفاجئتون اللي هو بريطاني زيه بيقول له,اتفاجيتون اللي هو بريطاني زيه بيقول له
مين اللي زعلك مين اللي فشل لك الحمله,مين اللي زعلك مين اللي فشل لك الحمله
بتاعتك وبياخده زي ما يكون اخبير واخد,بتاعتك وبياخده زي ما يكون اخبير واخد
اخوه الصغير معاه وبيظهر قوه شخصيته قدام,اخوه الصغير معاه وبيظهر قوه شخصيته قدام
المحليين اللي ما كانوش راضيين يسمعوا,المحليين اللي ما كانوش راضيين يسمعوا
كلامه وبيعرف العزيز بذكاء يعمل محاكمه,كلامه وبيعرف العزيز بذكاء يعمل محاكمه
للواد المرافق اللي خد الفلوس وجري جاب,للواد المرافق اللي خد الفلوس وجري جاب
الحرامي وقام مغرب وكمان ينفيه هو واسرته,الحرامي وقام مغرب وكمان ينفيه هو واسرته
من المنطقه كلها المواقف اللي زي دي هترسم,من المنطقه كلها المواقف اللي زي دي هترسم
العلاقه بين بيرتون وسبيك سبيك هيعجب,العلاقه بين بيرتون وسبيك سبيك هيعجب
ببرتون جدا كان هيتمنى انه ياخد القبول,ببرتون جدا كان هيتمني انه ياخد القبول
منه زي ما يكون ابوه بالرغم يا عزيزي ان,منه زي ما يكون ابوه بالرغم يا عزيزي ان
الفرق بينهم ست سنين بس بس في نفس الوقت,الفرق بينهم ست سنين بس بس في نفس الوقت
بكبريا البريطاني الارستوراطي هيكون غيران,بكبريا البريطاني الارستوراطي هيكون غيران
من بيرتون وهارتو هيشوفوا ان هو دايما في,من بيرتون وهارتو هيشوفوا ان هو دايما في
حضوره بيبان شخص اضعف كثير منه المشاه,حضوره بيبان شخص اضعف كثير منه المشاه
المتناقضه دي هتنفجر في مدينه بربيره في,المتناقضه دي هتنفجر في مدينه بربيره في
ابريل 1855 وخلا خلال معسكر لبعثه بيرتون,ابريل 1855 وخلا خلال معسكر لبعثه بيرتون
في المدينه بعد نهايه معرض بربرا في,في المدينه بعد نهايه معرض بربرا في
الصومال البعثه هتتعرض لهجوم مروع 350,الصومال البعثه هتتعرض لهجوم مروع 350
مقاتل محلي هيكتسح معسكر البعثه سبيك شاف,مقاتل محلي هيكتسح معسكر البعثه سبيك شاف
الهجوم وساعتها رجع بسرعه للخيمه وده,الهجوم وساعتها رجع بسرعه للخيمه وده
بيرتون هيزعق له ويقول له اياك ترجع والا,بيرتون هيزعق له ويقول له اياك ترجع والا
هيفتكرونا انسحب سبيك عزيزي هيقول في,هيفتكرونا انسحب سبيك عزيزي هيقول في
مذكراته انه ما كانش بيتراجع ولكن الجمله,مذكراته انه ما كانش بيتراجع ولكن الجمله
دي هتدمر كبرياءه تماما لانه قبل كل حاجه,دي هتدمر كبرياءه تماما لانه قبل كل حاجه
ومهما كان غريب فهو في الاول والاخر ظابط,ومهما كان غريب فهو في الاول والاخر ظابط
بريطاني لا يمكن ابدا يهرب من المعركه,بريطاني لا يمكن ابدا يهرب من المعركه
هيعتبر الجمله اللي اتقالت له دي اتهام,هيعتبر الجمله اللي اتقالت له دي اتهام
لشرفه سبيك هيقاتل بجنون عشان يثبت لبرتون,لشرفه سبيك هيقاتل بجنون عشان يثبت لبرتون
شجاعته وهياخد اكث من 11 طعنه في جسمه,شجاعته وهياخد اكث من 11 طعنه في جسمه
اتمنى تكون شايفني راجل دلوقتي بيرتون يا,اتمني تكون شايفني راجل دلوقتي بيرتون يا
عزيزي هيقول له 11 طعنه انت مش شايف انا,عزيزي هيقول له 11 طعنه انت مش شايف انا
معمول فيها ايه بيرتون يا عزيزي هيطلع من,معمول فيها ايه بيرتون يا عزيزي هيطلع من
العركه دي متعور تعويره غريبه جدا هيخش في,العركه دي متعور تعويره غريبه جدا هيخش في
وش رمح من الخل للخد هيدمر معظم سينا كل,وش رمح من الخل للخد هيدمر معظم سينا كل
المؤشرات كانت بتؤكد ان البعثه هتموت في,الموشرات كانت بتوكد ان البعثه هتموت في
هذا المكان [موسيقى] ولكن سوف يتم انقاذهم,هذا المكان موسيقي ولكن سوف يتم انقاذهم
بعجوبه وفي اللحظات الاخيره على ايد قافله,بعجوبه وفي اللحظات الاخيره علي ايد قافله
بيقدها قبطان عربي اسمه يوسف البعثه هتنجو,بيقدها قبطان عربي اسمه يوسف البعثه هتنجو
ولكن مستحيل تكم كمل رحلتها لهذه الجروح,ولكن مستحيل تكم كمل رحلتها لهذه الجروح
بيرتون بيسرب الهواء كده بيرتون مش عارف,بيرتون بيسرب الهواء كده بيرتون مش عارف
ينفخ بيعمل تطلع كده اول محاوله للوصول,ينفخ بيعمل تطلع كده اول محاوله للوصول
لمنابيع النيل خلاص فشلت على سواحل القاره,لمنابيع النيل خلاص فشلت علي سواحل القاره
الناحيه الثانيه يا عزيزي لو بصينا على,الناحيه الثانيه يا عزيزي لو بصينا علي
الوضع في بريطانيا هنلاقي بيرتون كالعاده,الوضع في بريطانيا هنلاقي بيرتون كالعاده
شخصيه مكروهه الصحف بتتهمه انه قائد فاشل,شخصيه مكروهه الصحف بتتهمه انه قايد فاشل
عرض رجالته للخطر وحدد مصالح البريطانيين,عرض رجالته للخطر وحدد مصالح البريطانيين
في المنطقه وبالرغم ان هو نجا ببعثته,في المنطقه وبالرغم ان هو نجا ببعثته
بعجوبه في هجوم كان نسبه الكتره واحد,بعجوبه في هجوم كان نسبه الكتره واحد
لثمانيه كان عدد الناس اللي داخله عليه,لثمانيه كان عدد الناس اللي داخله عليه
ثمان اضعافه سبيك اعتبر الرحله كلها,ثمان اضعافه سبيك اعتبر الرحله كلها
اختبار صعب لكبرياء قصاد شخص اكثر نجاح,اختبار صعب لكبرياء قصاد شخص اكثر نجاح
حاا وشجاعه منه في داهيه معايير,حاا وشجاعه منه في داهيه معايير
الارستوخراطي البريطاني الراجل ده كويس,الارستوخراطي البريطاني الراجل ده كويس
الراجل ده اشكع مني الاسوا والاسوى ان,الراجل ده اشكع مني الاسوا والاسوي ان
بيرتون هينشر كتاب اسمه فيرست فود ستيبس,بيرتون هينشر كتاب اسمه فيرست فود ستيبس
ان ايست افريكا الكتاب اللي هيحكي فيه,ان ايست افريكا الكتاب اللي هيحكي فيه
تفاصيل البعثه وطبعا من تفاصيل الرحله,تفاصيل البعثه وطبعا من تفاصيل الرحله
رحله وادي النجال اللي سبيك اتنصب عليه,رحله وادي النجال اللي سبيك اتنصب عليه
فيها هناك واتضحك عليه بيرتون هيعتبر,فيها هناك واتضحك عليه بيرتون هيعتبر
مشكله سبيك في كتابه انه اصلا مش مستكشف,مشكله سبيك في كتابه انه اصلا مش مستكشف
وماحضرش نفسه للرحله ما عندوش اي معلومات,وماحضرش نفسه للرحله ما عندوش اي معلومات
عن الاسلام ولا اللغه العربيه ولا اللهجه,عن الاسلام ولا اللغه العربيه ولا اللهجه
الصوماليه وبالتالي ما كانش عنده اي فرصه,الصوماليه وبالتالي ما كانش عنده اي فرصه
يتفاوض مع اهل البلد ويكسب احترامهم ق ابو,يتفاوض مع اهل البلد ويكسب احترامهم ق ابو
احمد ليه الراجل ده عمال دلوقتي يلبح في,احمد ليه الراجل ده عمال دلوقتي يلبح في
الكتاب هل هو قاصد يستفز بيك المصادر يا,الكتاب هل هو قاصد يستفز بيك المصادر يا
عزيزي بتقول اطلاقا الراجل ما يقصدش يستفز,عزيزي بتقول اطلاقا الراجل ما يقصدش يستفز
حد بيرتون يا عزيزي مستكشف عملي جدا كان,حد بيرتون يا عزيزي مستكشف عملي جدا كان
بيكتب تقييم موضوعي منها اخطاء سبيك عشان,بيكتب تقييم موضوعي منها اخطاء سبيك عشان
يساعده ويساعد اي حد هياخده رحله ثانيه,يساعده ويساعد اي حد هياخده رحله ثانيه
انه ما يكرش هذه الاخطاء واكبر دليل انه,انه ما يكرش هذه الاخطاء واكبر دليل انه
ما كانش مشخصنها مع الراجل انه في تجهيزه,ما كانش مشخصنها مع الراجل انه في تجهيزه
للبعثه الجايه هيختار مين؟ هيختار سبيك,للبعثه الجايه هيختار مين؟ هيختار سبيك
يجي معاه سكند ان كوماند ده هيبقى ذراع,يجي معاه سكند ان كوماند ده هيبقي ذراع
اليمين الراجل الثاني من بعدي وده لان,اليمين الراجل الثاني من بعدي وده لان
سبيك عانى معاه في الرحله اللي فاتت,سبيك عاني معاه في الرحله اللي فاتت
وماخدش تعويض مادي فبالتالي من حقه يخرج,وماخدش تعويض مادي فبالتالي من حقه يخرج
في فرصه ثانيه وبعدين برض صح في الكتاب,في فرصه ثانيه وبعدين برض صح في الكتاب
خلينا نضيف بيرتو قيم البعثه وعيوبها,خلينا نضيف بيرتو قيم البعثه وعيوبها
بنجاح ولكنه ما انتبهش الغلطه انه لثاني,بنجاح ولكنه ما انتبهش الغلطه انه لثاني
مره بيضم لبعثته شخص بيتحول بالتدريج من,مره بيضم لبعثته شخص بيتحول بالتدريج من
الاعجاب الشديد بيه للحسد والكراهيه طاقه,الاعجاب الشديد بيه للحسد والكراهيه طاقه
غل تحتمل سبيك كان مقرر ان هو يرجع البعثه,غل تحتمل سبيك كان مقرر ان هو يرجع البعثه
دي بس بالصياد كان شايف ان الطريقه,دي بس بالصياد كان شايف ان الطريقه
الوحيده اللي يقدر يستعيد بيها كبرياءه,الوحيده اللي يقدر يستعيد بيها كبرياءه
البريطاني من شخص بريطانيا ذات نفسها ما,البريطاني من شخص بريطانيا ذات نفسها ما
بتعتبروش منها انه يروح له في ملعبه ويعلم,بتعتبروش منها انه يروح له في ملعبه ويعلم
عليه في مجاله مش انت صايع ومستكشف وقعدت,عليه في مجاله مش انت صايع ومستكشف وقعدت
تنظر عليا مع قراك فانا هاجي معاك وهعمل,تنظر عليا مع قراك فانا هاجي معاك وهعمل
عمل الاكتشاف اللي انت عايز تعمله هكتشف,عمل الاكتشاف اللي انت عايز تعمله هكتشف
منابع النيل البعثه الثانيه دي يا عزيزي,منابع النيل البعثه الثانيه دي يا عزيزي
هتكون سنه 1856 وهتتحرك من جزيره زين بار,هتكون سنه 1856 وهتتحرك من جزيره زين بار
في اول ايام البعثه بيرتون هيكون ملاحظ,في اول ايام البعثه بيرتون هيكون ملاحظ
مشاعر فيك وان الراجل تقريبا اقرب كونه,مشاعر فيك وان الراجل تقريبا اقرب كونه
عدو من انه شريك الغيره والحسد طول الوقت,عدو من انه شريك الغيره والحسد طول الوقت
بيفطوا من عينيه وعنده رغبه طول الوقت في,بيفطوا من عينيه وعنده رغبه طول الوقت في
اثبات انه قائد البعثه الحقيقي باسه كان,اثبات انه قايد البعثه الحقيقي باسه كان
محكوم عليها نظريا بالفشل 100% البعثه,محكوم عليها نظريا بالفشل 100 البعثه
عزيزي كان نصرها الفشل لولا ظهور شخص واحد,عزيزي كان نصرها الفشل لولا ظهور شخص واحد
سيدي مبارك بومبي فقر 19 العزيزي زينجبار,سيدي مبارك بومبي فقر 19 العزيزي زينجبار
كانت سوق مركزي للعبيد في شرق افريقيا,كانت سوق مركزي للعبيد في شرق افريقيا
اكسبو للعبيد بتستقبل سنويا من 8 ل 10000,اكسبو للعبيد بتستقبل سنويا من 8 ل 10
عبد ولد صغير عايش في ياو ياو اللي موجوده,عبد ولد صغير عايش في ياو ياو اللي موجوده
على حدود تندانيا وموزمبيق ولكن في يوم,علي حدود تندانيا وموزمبيق ولكن في يوم
تجار العبيد هياجموا قريته ويتاخد كعبد,تجار العبيد هياجموا قريته ويتاخد كعبد
هينسى اسمه واهله للابد وهيتشحن الهند,هينسي اسمه واهله للابد وهيتشحن الهند
واللي منها هياخد اسمه وومبي بيموت سيده,واللي منها هياخد اسمه وومبي بيموت سيده
وبياخد حريته عشان يقرر ان هو يرجع,وبياخد حريته عشان يقرر ان هو يرجع
لافريقيا ويستقر في زينج بار بيتون وبعثته,لافريقيا ويستقر في زينج بار بيتون وبعثته
هيختاروا بومبيه كمرافق معظم الاوروبيين,هيختاروا بومبيه كمرافق معظم الاوروبيين
ما بيعترفوش بالافرقه في هذه البعثات غير,ما بيعترفوش بالافرقه في هذه البعثات غير
بوظيفتين حمالين او عمال ولكن في الحقيقه,بوظيفتين حمالين او عمال ولكن في الحقيقه
الاوروبيين كانوا بيختاروا مرافقين عشان,الاوروبيين كانوا بيختاروا مرافقين عشان
يحددوا لهم المسار ويحافظوا على حياتهم,يحددوا لهم المسار ويحافظوا علي حياتهم
بالخطر المرافقين الافرارقه كانوا,بالخطر المرافقين الافرارقه كانوا
مستكشفين زيهم زي بيرتون بس المستكشف,مستكشفين زيهم زي بيرتون بس المستكشف
الاوروبي عمر ما هيقول انه مستكشف زيه زيه,الاوروبي عمر ما هيقول انه مستكشف زيه زيه
بل ان المستكشف الافريقي ممكن تبقى خبرته,بل ان المستكشف الافريقي ممكن تبقي خبرته
اكبر بكتير لان دي بلده ومبي هيكون واحد,اكبر بكتير لان دي بلده ومبي هيكون واحد
من ابرز المرافقين لان مقاساته اللي,من ابرز المرافقين لان مقاساته اللي
حكيتها لك دي هتخليه يجيد اكث من لغه,حكيتها لك دي هتخليه يجيد اكث من لغه
واللي منها الهندستاني اللغه الوحيده اللي,واللي منها الهندستاني اللغه الوحيده اللي
سبيك بيعرف يتكلمها غير الانجليزي وده,سبيك بيعرف يتكلمها غير الانجليزي وده
هيخلي بومبي هو الشخص اللي بيرتون وسبيك,هيخلي بومبي هو الشخص اللي بيرتون وسبيك
بيكلموا بدل ما يتكلموا مع بعض كان هو,بيكلموا بدل ما يتكلموا مع بعض كان هو
اكثر حد واثقه فيه خصوصا ان كثير من,اكثر حد واثقه فيه خصوصا ان كثير من
العمال في المناطق دي كانوا بيرفضوا ان هم,العمال في المناطق دي كانوا بيرفضوا ان هم
يتحركوا مع البعثه اول ما يعرفوا ان اللي,يتحركوا مع البعثه اول ما يعرفوا ان اللي
بيقودوا هذه البعثه منزونجو يعني ايه يا,بيقودوا هذه البعثه منزونجو يعني ايه يا
ابو حماده انا ماعرفش ده دي غالبا عايزي,ابو حماده انا ماعرفش ده دي غالبا عايزي
اشتيمه عنصريه في افريقيا ابو حماد انت,اشتيمه عنصريه في افريقيا ابو حماد انت
مانزونجو كل ما البعثه تتحرك جوه الشرق,مانزونجو كل ما البعثه تتحرك جوه الشرق
الافريقي اكث واكتر بيرتون وسبيك كانوا,الافريقي اكث واكتر بيرتون وسبيك كانوا
بيسمعوا حكايات تشي بالشعر سمعوا مثلا عن,بيسمعوا حكايات تشي بالشعر سمعوا مثلا عن
قبائل مخيفه بترمي سهام من الشجر سهام,قبايل مخيفه بترمي سهام من الشجر سهام
سامه سهام قاتله وسمعوا كمان عن قطعان,سامه سهام قاتله وسمعوا كمان عن قطعان
فعاله بتقتل رجاله وهم نايمين وحيد قرن,فعاله بتقتل رجاله وهم نايمين وحيد قرن
اسطوري بيقت 200 راجل بضربه واحده اظن,اسطوري بيقت 200 راجل بضربه واحده اظن
فريد شوقي كان اخره المليج و1 ثانيين,فريد شوقي كان اخره المليج و1 ثانيين
بوليود الاعداد بتوصل ل 33 ده 200 وواحد,بوليود الاعداد بتوصل ل 33 ده 200 وواحد
وحيد قرن بيرتو كان تركيزي كله ان هو يوصل,وحيد قرن بيرتو كان تركيزي كله ان هو يوصل
للبحر الداخلي اللي كان بيحكي عنه,للبحر الداخلي اللي كان بيحكي عنه
المبشرين الالمان اللي وصلوا لجمال القمره,المبشرين الالمان اللي وصلوا لجمال القمره
واللي وارد جدا يكون هو ده منبع النيل,واللي وارد جدا يكون هو ده منبع النيل
ولقى كمان ناس بتسميه هناك سي اوف اوجي,ولقي كمان ناس بتسميه هناك سي اوف اوجي
وفي يونيو 1857 كانت البعثه في طريقها لما,وفي يونيو 1857 كانت البعثه في طريقها لما
يعرف ببحيره طنجنيقه ولكن يا عزيزي,يعرف ببحيره طنجنيقه ولكن يا عزيزي
المفاجاه الحزينه البعثه مالقيش نفسها في,المفاجاه الحزينه البعثه مالقيش نفسها في
طرق بدائيه ولا اماكن الاسطوريه ما عداش,طرق بداييه ولا اماكن الاسطوريه ما عداش
عليها انسان من قبل لما في ناس هنا امال,عليها انسان من قبل لما في ناس هنا امال
احنا بنستكشف ايه لو المكان قدامهم طايلوا,احنا بنستكشف ايه لو المكان قدامهم طايلوا
العمار طرق ممهده بيعدي منها قوافل الحياه,العمار طرق ممهده بيعدي منها قوافل الحياه
بسم الله ما شاء الله شغاله معظم الطرق,بسم الله ما شاء الله شغاله معظم الطرق
اللي البعثه سلكتها مشي فيها من قبلهم,اللي البعثه سلكتها مشي فيها من قبلهم
بسنين طويله عرب وافرقه خصوصا فئه التجار,بسنين طويله عرب وافرقه خصوصا فيه التجار
اللي كانت حياتها قايمه على الترحال,اللي كانت حياتها قايمه علي الترحال
والناس دي مش بس كانت مرتبطه مع بعض,والناس دي مش بس كانت مرتبطه مع بعض
بالتجاره لا ده بينهم مصهره ونسب العرب,بالتجاره لا ده بينهم مصهره ونسب العرب
والافارقه متعايشين هنا من زمان عندك مثلا,والافارقه متعايشين هنا من زمان عندك مثلا
مكان زي نيام ويزي كان جزء من امبراطوريه,مكان زي نيام ويزي كان جزء من امبراطوريه
افريقيه كبيره امبراطوريه طورت شبكه تجاره,افريقيه كبيره امبراطوريه طورت شبكه تجاره
بين الساحل وبحيره طنجنيقه واحد من زعماء,بين الساحل وبحيره طنجنيقه واحد من زعماء
هذه الامبراطوريه الافريقيه جوز بنته,هذه الامبراطوريه الافريقيه جوز بنته
لمحمد بن جمعه ده تاجر عربي عماني فواضح,لمحمد بن جمعه ده تاجر عربي عماني فواضح
ان العلاقه هنا بقى لها سنين وسنين بل,ان العلاقه هنا بقي لها سنين وسنين بل
خليني اقول لك ان قائد قافله بيرتون لوقت,خليني اقول لك ان قايد قافله بيرتون لوقت
طويل هيكون اسمه سعيد بن سالم بيرتون,طويل هيكون اسمه سعيد بن سالم بيرتون
وسبيك اه كانوا قاده البعثه واوروبا,وسبيك اه كانوا قاده البعثه واوروبا
مستنياهم بالمجد ولكن الحقيقه ان الطرق,مستنياهم بالمجد ولكن الحقيقه ان الطرق
والادله الحقيقيين اللي كانوا معاهم هم,والادله الحقيقيين اللي كانوا معاهم هم
العرب والافارقه وفي اوقات كتير اللي انقذ,العرب والافارقه وفي اوقات كتير اللي انقذ
البعثه كان ناس زي بومبي اللي حج جت لك,البعثه كان ناس زي بومبي اللي حج جت لك
عنهم وبحلول شهر يوليو كثير من العمال في,عنهم وبحلول شهر يوليو كثير من العمال في
بعثه بيرتون كانوا بيهربوا من الرحله لان,بعثه بيرتون كانوا بيهربوا من الرحله لان
اولا قيدهم مش عارف هو رايح فين وهم لسه,اولا قيدهم مش عارف هو رايح فين وهم لسه
مش متاكدين اذا كانوا هياخدوا فلوس كويسه,مش متاكدين اذا كانوا هياخدوا فلوس كويسه
من الرحله وحتى اللي فضلوا في القافله,من الرحله وحتي اللي فضلوا في القافله
كانوا بيتخانقوا وكانوا بيفتعلوا معارك من,كانوا بيتخانقوا وكانوا بيفتعلوا معارك من
اي حاجه بلغه الكوره هناك مشاكل في وط,اي حاجه بلغه الكوره هناك مشاكل في وط
اللبس الوضع عزيزي كان مرشح للانفجار ولكن,اللبس الوضع عزيزي كان مرشح للانفجار ولكن
مومبي بذكاؤه قدر يحل هذه الخلافات لانه,مومبي بذكاوه قدر يحل هذه الخلافات لانه
كان راجل محلي قدر يتواصل مع الرجاله,كان راجل محلي قدر يتواصل مع الرجاله
بطريقتهم وبدل ما يؤمر الرجاله ويعاقبهم,بطريقتهم وبدل ما يومر الرجاله ويعاقبهم
زي ما الاوروبيين بيعملوا كان بيوريهم انه,زي ما الاوروبيين بيعملوا كان بيوريهم انه
يشتغل اكث منهم وده شجعهم انهم يكملوا,يشتغل اكث منهم وده شجعهم انهم يكملوا
شغلهم كاريزمته ولطفه معاهم كانوا واصلين,شغلهم كاريزمته ولطفه معاهم كانوا واصلين
لدرجه ان هم كانوا بيسموه اسامي دلع زي,لدرجه ان هم كانوا بيسموه اسامي دلع زي
منبا ودي معناها التمساح لان اسنان,منبا ودي معناها التمساح لان اسنان
الكبيره كانت بتظهر لهم كل ما يبتسم لهم,الكبيره كانت بتظهر لهم كل ما يبتسم لهم
ود الراجل هنا بيقول تشبيه من بيته تشبيه,ود الراجل هنا بيقول تشبيه من بيته تشبيه
بليغه وفي كل وقت سبيك وبرتون كانوا,بليغه وفي كل وقت سبيك وبرتون كانوا
بيتعرضوا للمرض نتيجه طبعا المناخ الغريب,بيتعرضوا للمرض نتيجه طبعا المناخ الغريب
عن الاوروبيين الموجود في افريقيا كان,عن الاوروبيين الموجود في افريقيا كان
بيظهر بومبي بحمار قادر ينقلهم او اكل,بيظهر بومبي بحمار قادر ينقلهم او اكل
بسيط وعلاج خلال عزيزي 18 يوم البعثه,بسيط وعلاج خلال عزيزي 18 يوم البعثه
[موسيقى] كانت قطعت 118 ميل بس وده في,موسيقي كانت قطعت 118 ميل بس وده في
لغتنا كرحاله رقم قليل جدا طب وليه يا ابو,لغتنا كرحاله رقم قليل جدا طب وليه يا ابو
احمد كل هذه العطله مش انت لسه قاهل,احمد كل هذه العطله مش انت لسه قاهل
الاستاذ بومباي ده شاطر وبيفهم في افريقيا,الاستاذ بومباي ده شاطر وبيفهم في افريقيا
والله يا عزيزي مهما كان شاطر وابتسمته,والله يا عزيزي مهما كان شاطر وابتسمته
[موسيقى] ابتسام التمساح المناخ في شرق,موسيقي ابتسام التمساح المناخ في شرق
افريقيا مناخ مش سهل الصبح الحراره بتحرق,افريقيا مناخ مش سهل الصبح الحراره بتحرق
الوش والظهر مطر غزير جدا ورطوبه مخيفه,الوش والظهر مطر غزير جدا ورطوبه مخيفه
بتدمر الخشب والمعدات كل ده كوم والاصوات,بتدمر الخشب والمعدات كل ده كوم والاصوات
المحيطه بيهم كوم ثاني ما كانش عزيزي,المحيطه بيهم كوم ثاني ما كانش عزيزي
حواليهم غير صوت زئير الاسود كل واحد في,حواليهم غير صوت زيير الاسود كل واحد في
القافله كان على الاقل يعرف واحد حجمه اسد,القافله كان علي الاقل يعرف واحد حجمه اسد
المره اكث من كده كان الامراض انت عارف يا,المره اكث من كده كان الامراض انت عارف يا
عزيزي احنا سنه كام لسه بقى ما فيش,عزيزي احنا سنه كام لسه بقي ما فيش
انتيبيوتكس واختراعات وادوايه وفي بقى,انتيبيوتكس واختراعات وادوايه وفي بقي
عندك تايفويد وملاريا وجدري جراثيبهم,عندك تايفويد وملاريا وجدري جراثيبهم
موجوده في كل حاجه حواليهم من اول الشجر,موجوده في كل حاجه حواليهم من اول الشجر
لحد الميه كل هذه المعاناه ويا دوبك,لحد الميه كل هذه المعاناه ويا دوبك
البعثه وصلت لهذا المكان روبيو ماونتنز,البعثه وصلت لهذا المكان روبيو ماونتنز
وكان نص البعثه بيعاني من الحمى والتعب,وكان نص البعثه بيعاني من الحمي والتعب
ولكن الخطر الاكبر في طريقهم لبحيره,ولكن الخطر الاكبر في طريقهم لبحيره
طنجنيقه كان يا عزيزي خطر الجوع المؤم,طنجنيقه كان يا عزيزي خطر الجوع الموم
بتاعتهم كانت قربت تخلص وحتى لو عدت عليهم,بتاعتهم كانت قربت تخلص وحتي لو عدت عليهم
قافله كانت مستحيل تديهم اكل غير,قافله كانت مستحيل تديهم اكل غير
بالمقايده وهم ماهمش حاجه يقايدوا بيها,بالمقايده وهم ماهمش حاجه يقايدوا بيها
فبداوا يحاولوا يصطادوا اي حاجه حواليهم,فبداوا يحاولوا يصطادوا اي حاجه حواليهم
ارانب غزلان اي حاجه باربع رجول بص,ارانب غزلان اي حاجه باربع رجول بص
الموضوع لدرجه ان هم بقوا يغلوا النمل,الموضوع لدرجه ان هم بقوا يغلوا النمل
الابيض وياكلوه كاي مصدر للبروتين وبعد يا,الابيض وياكلوه كاي مصدر للبروتين وبعد يا
عزيزي 134 يوم بالتمام والكمال البعثه,عزيزي 134 يوم بالتمام والكمال البعثه
كانت قطعت ثلاث ارباع المسافه لبحيره,كانت قطعت ثلاث ارباع المسافه لبحيره
طنجني وصلوا اخيرا لمدينه كازا العربيه,طنجني وصلوا اخيرا لمدينه كازا العربيه
اللي اسسها التجار العرب وقررت البعثه,اللي اسسها التجار العرب وقررت البعثه
انها ترتاح فيها على امل ان يجي لهم بقا,انها ترتاح فيها علي امل ان يجي لهم بقا
من زجبار المفاجاه عزيزه اللي كانت,من زجبار المفاجاه عزيزه اللي كانت
مستنياهم في كازا انهم هيقابلوا راجل,مستنياهم في كازا انهم هيقابلوا راجل
هيغير لهم مسار الرحله بالكامل التناقل يا,هيغير لهم مسار الرحله بالكامل التناقل يا
عزيزي من مكان لمكان داخل الحلقه دي,عزيزي من مكان لمكان داخل الحلقه دي
السهوله هقول لك اخدك من ايدك اوديك اي,السهوله هقول لك اخدك من ايدك اوديك اي
حته اي مكان قطريطه,حته اي مكان قطريطه
ادينا انتقلنا ولكن الانتقال في قاره,ادينا انتقلنا ولكن الانتقال في قاره
افريقيا اثناء اكتشاف النيل اي خبر جديد,افريقيا اثناء اكتشاف النيل اي خبر جديد
معناه اضافه ايام وشهور لمسيرتنا وده عزيز,معناه اضافه ايام وشهور لمسيرتنا وده عزيز
اللي حصل ابطال الحلقه بيرتون واسبيك اللي,اللي حصل ابطال الحلقه بيرتون واسبيك اللي
هيقابلوا الشيخ سناي بن عامر راجل عنده,هيقابلوا الشيخ سناي بن عامر راجل عنده
معرفه جغرافيه جباره بالمنطقه هيحط قصاده,معرفه جغرافيه جباره بالمنطقه هيحط قصاده
خريطه المبشرين الالمان اللي موجود فيها,خريطه المبشرين الالمان اللي موجود فيها
البحر الداخلي سناي عزيزي هيبقى اول شخص,البحر الداخلي سناي عزيزي هيبقي اول شخص
يقول هم الحقيقه المره ايه ده يا جماعه مش,يقول هم الحقيقه المره ايه ده يا جماعه مش
بحر دي بحيرات ممكن توصل لثلاث بحيرات,بحر دي بحيرات ممكن توصل لثلاث بحيرات
منفصله الراجل كان مستغرب من معلوماتهم,منفصله الراجل كان مستغرب من معلوماتهم
القليله وان هم ما زالوا مكملين لحد مدينه,القليله وان هم ما زالوا مكملين لحد مدينه
اوجي بينما الاهم البحيره اللي في الشمال,اوجي بينما الاهم البحيره اللي في الشمال
لانها الاكبر انت ليه مكملين على سعه,لانها الاكبر انت ليه مكملين علي سعه
طنجنيقه فجاه راجل واحد زلزل قناعات,طنجنيقه فجاه راجل واحد زلزل قناعات
المستشفين الاوروبيين سبيك هيقول لبيرتون,المستشفين الاوروبيين سبيك هيقول لبيرتون
تعالوا نسمع كلام هذا الرجل وبدل ما نكمل,تعالوا نسمع كلام هذا الرجل وبدل ما نكمل
الغرب تعال نطلع على الشمال ناحيه البحيره,الغرب تعال نطلع علي الشمال ناحيه البحيره
الكبيره ولكن كل شيء طبعا هيتم تاجيله,الكبيره ولكن كل شيء طبعا هيتم تاجيله
بسبب الحمه والمرض اللي ضربت في افراد,بسبب الحمه والمرض اللي ضربت في افراد
البعثه بيرتون يا عزيز صحته هتتدهور لدرجه,البعثه بيرتون يا عزيز صحته هتتدهور لدرجه
انه هيصاب بشلل مؤقت هيفقد الاحساس,انه هيصاب بشلل موقت هيفقد الاحساس
باطرافه بينما سبيك على الناحيه الثانيه,باطرافه بينما سبيك علي الناحيه الثانيه
هيصاب بالم في القزحيه هيخليه شبه اعمى يا,هيصاب بالم في القزحيه هيخليه شبه اعمي يا
باشم كل ده عشان منبع النيل انت نسيت يا,باشم كل ده عشان منبع النيل انت نسيت يا
عزيزي قوانين الحفكه الدراميه قوانين,عزيزي قوانين الحفكه الدراميه قوانين
الحفكه الدراميه بتقول لك ان الماساه تولد,الحفكه الدراميه بتقول لك ان الماساه تولد
معاناه والمعاناه تولد معنى معنى يتحد في,معاناه والمعاناه تولد معني معني يتحد في
الاطراف ويحصل في التعاطف خد بالك يا عزيز,الاطراف ويحصل في التعاطف خد بالك يا عزيز
زي ما قلت لك الرحم المعاناه بيولد معاني,زي ما قلت لك الرحم المعاناه بيولد معاني
وتذكر يا عزيزي ان كاتب التاريخ ما هو الا,وتذكر يا عزيزي ان كاتب التاريخ ما هو الا
مجرد طبيب نس بيطلع المعاني من رحم,مجرد طبيب نس بيطلع المعاني من رحم
المعاناه يلا يا معاناه يلا المهم يا,المعاناه يلا يا معاناه يلا المهم يا
عزيزي اللي عايز اقوله لك ان هذه المشقه,عزيزي اللي عايز اقوله لك ان هذه المشقه
عملت عمليه من البوندينج شهور على الرغم,عملت عمليه من البوندينج شهور علي الرغم
من صعبتها الا انها عملت تقارب مؤقت بين,من صعبتها الا انها عملت تقارب موقت بين
سبيك وبيرتون بيرتون كان عارف ان سبيك,سبيك وبيرتون بيرتون كان عارف ان سبيك
نفسه ياخد الاكتشاف والمجد لنفسه لكنه,نفسه ياخد الاكتشاف والمجد لنفسه لكنه
هيكتب انه ممتن جدا لوجوده لانه على الاقل,هيكتب انه ممتن جدا لوجوده لانه علي الاقل
لو مات دلوقتي ففي حد هيكمل الرحله وبعد,لو مات دلوقتي ففي حد هيكمل الرحله وبعد
ثمان شهور في رحله مريره جدا بيرتون وسبيك,ثمان شهور في رحله مريره جدا بيرتون وسبيك
هيبقوا اول اوروبيين يوصلوا لبحيره,هيبقوا اول اوروبيين يوصلوا لبحيره
التنجنيقه وبان ان سبيك ما كانش بيشوف,التنجنيقه وبان ان سبيك ما كانش بيشوف
وقتها فبيرتون هيوصف مشهد طنجنيقه في,وقتها فبيرتون هيوصف مشهد طنجنيقه في
كتاباته هو كانه مكان ساحر وبكر واخيرا,كتاباته هو كانه مكان ساحر وبكر واخيرا
وصل له شخص متحضر يعرف قمته بفرقع يا,وصل له شخص متحضر يعرف قمته بفرقع يا
عزيزي ان بهار طنشنيقه دي عاش على سواحلها,عزيزي ان بهار طنشنيقه دي عاش علي سواحلها
لقرون شعوب كتير زي قبائل وكرنجه وقبائل,لقرون شعوب كتير زي قبايل وكرنجه وقبايل
وفنزا ولكن سبحان الله يا اخي المنطقه,وفنزا ولكن سبحان الله يا اخي المنطقه
اللي عاش فيها الافرارقه له قرون وعدى,اللي عاش فيها الافرارقه له قرون وعدي
عليها العرب وتجروا فيها له عقود اول ما,عليها العرب وتجروا فيها له عقود اول ما
يوصل لها الرجل الابيض تتحول الى استكشاف,يوصل لها الرجل الابيض تتحول الي استكشاف
بكر يلا نخرب العالم زي كلومبس كده راح,بكر يلا نخرب العالم زي كلومبس كده راح
لقى سكان اصليين قال لك انا عملت قاره لا,لقي سكان اصليين قال لك انا عملت قاره لا
ماليش دعوه انا اللي اكتشفتها انا متحضر,ماليش دعوه انا اللي اكتشفتها انا متحضر
هم لا المهم يا عزيزي ان بيرتون وسبيك,هم لا المهم يا عزيزي ان بيرتون وسبيك
انسب هيكون هناك نهر بيصب في بحيره,انسب هيكون هناك نهر بيصب في بحيره
طنجنيقه ويبدو كده انها محتمل ما تكونش,طنجنيقه ويبدو كده انها محتمل ما تكونش
المنبع فاحنا بالتالي محتاجين نتحرك,المنبع فاحنا بالتالي محتاجين نتحرك
لبحيره الشمال اللي وصفها لهم استاذ سناي,لبحيره الشمال اللي وصفها لهم استاذ سناي
ونكمل استكشاف,ونكمل استكشاف
بس يا عزيزي هترجع لكازا في يونيو 1858,بس يا عزيزي هترجع لكازا في يونيو 1858
بيرتون هيوافق ان سبيك يروح لوحده عشان,بيرتون هيوافق ان سبيك يروح لوحده عشان
يستكشف بحيره الشمال او ما تعرض من بحيره,يستكشف بحيره الشمال او ما تعرض من بحيره
نيانزا بيرتون كان محتاج وقت يتعافى فيه,نيانزا بيرتون كان محتاج وقت يتعافي فيه
من مرضه وكان محتاج سبيك يبعد عن كازا لان,من مرضه وكان محتاج سبيك يبعد عن كازا لان
بيرتون بيوجد العربيه وسهل ان هو اللي,بيرتون بيوجد العربيه وسهل ان هو اللي
يتعامل مع سكانها سبيك يا عزيزي كان اشبه,يتعامل مع سكانها سبيك يا عزيزي كان اشبه
بعب جاهل باللغه بكل التقاليد الشرقيه وكل,بعب جاهل باللغه بكل التقاليد الشرقيه وكل
ما يمشي في حته يعمل مشكله ولما سبيك قرر,ما يمشي في حته يعمل مشكله ولما سبيك قرر
ان هو يخرج لوحده العرب نصحوه البس ملابس,ان هو يخرج لوحده العرب نصحوه البس ملابس
عربيه عشان ما حدش يشك فيك بدل ما انت,عربيه عشان ما حدش يشك فيك بدل ما انت
شكلك خواجه كده ولكن سبيك كتب في مذكراته,شكلك خواجه كده ولكن سبيك كتب في مذكراته
بشكل عنصري انها كان مجرد اجراء تافه,بشكل عنصري انها كان مجرد اجراء تافه
اقترحوه عليهم عشان يرضوا غرورهم الثقافي,اقترحوه عليهم عشان يرضوا غرورهم الثقافي
ان هم يشوفوا رجل بريطاني لابس لبسهم,ان هم يشوفوا رجل بريطاني لابس لبسهم
وبيتكلم زيهم بريتون يا عزيزي كان شايف,وبيتكلم زيهم بريتون يا عزيزي كان شايف
عنصريه سبيك دي مجرد وهم في دماغه وده فرق,عنصريه سبيك دي مجرد وهم في دماغه وده فرق
بين اللي جرب الحياه بره بريطانيا واللي,بين اللي جرب الحياه بره بريطانيا واللي
فضل على الناحيه ثانيه اسير لسرديه,فضل علي الناحيه ثانيه اسير لسرديه
امبراطوريه بتكره الاجانب وبتشك فيهم,امبراطوريه بتكره الاجانب وبتشك فيهم
وشايفاهم طبقات اقل المهم يا عزيز بيقدر,وشايفاهم طبقات اقل المهم يا عزيز بيقدر
سبيك ان هو يوصل لبحيره نيانزا الراجل لقى,سبيك ان هو يوصل لبحيره نيانزا الراجل لقي
البحيره قدامه عملاقه جدا ولما سال بومبي,البحيره قدامه عملاقه جدا ولما سال بومبي
واحد من السكان المحليين البحيره دي ممتده,واحد من السكان المحليين البحيره دي ممتده
لقد ايه الراجل قام قايل لهم على الارجح,لقد ايه الراجل قام قايل لهم علي الارجح
انها كده بتمتد لنهايه العالم ده بجد وسع,انها كده بتمتد لنهايه العالم ده بجد وسع
المحيره خلى سبيك يعتبر ان دي منبع النيل,المحيره خلي سبيك يعتبر ان دي منبع النيل
وليست محيره تنجنيقه بيرتون اتفاجئ ان,وليست محيره تنجنيقه بيرتون اتفاجي ان
رفيقه راجع كذا وهو فخور فرحان قوي,رفيقه راجع كذا وهو فخور فرحان قوي
باستكشافه اللي وصل له من غير ادله علميه,باستكشافه اللي وصل له من غير ادله علميه
ومن غير حسابات اللي هو شافه واحد اما قال,ومن غير حسابات اللي هو شافه واحد اما قال
له دي بتمتد لاخر العالم اذا هي منبع,له دي بتمتد لاخر العالم اذا هي منبع
النيل فهنا بيرتون قال ستيك صعب نعتبر ان,النيل فهنا بيرتون قال ستيك صعب نعتبر ان
نيانزا هي منبع النيل من غير دليل ما فيش,نيانزا هي منبع النيل من غير دليل ما فيش
بستكشر بيشتغل بالدهلكه دي سبيك هنا اعتبر,بستكشر بيشتغل بالدهلكه دي سبيك هنا اعتبر
ان بيرتونير من اكتشافه الراجل كل ما يقول,ان بيرتونير من اكتشافه الراجل كل ما يقول
له حاجه فصول الشغلانه ياخده على محم شخصي,له حاجه فصول الشغلانه ياخده علي محم شخصي
ريتشر بيرتون يا عزيزي هيبص له بصه ابويه,ريتشر بيرتون يا عزيزي هيبص له بصه ابويه
ويعذره كانه قدام طفل ما صدق لها اكتشاف,ويعذره كانه قدام طفل ما صدق لها اكتشاف
يحسسه بقمته وبعد العوده من نيانزا سبيك,يحسسه بقمته وبعد العوده من نيانزا سبيك
بيصاب بحمه مرعبه حمه بيسميها الافرارقه,بيصاب بحمه مرعبه حمه بيسميها الافرارقه
ليتل ايرونز ناس قليين جدا اللي بينجوا من,ليتل ايرونز ناس قليين جدا اللي بينجوا من
هذه الحمهى ميتون هيساعد سبيك ويقوم,هذه الحمهي ميتون هيساعد سبيك ويقوم
بتمريضه وهيكتب في مذكراته ان هزيان سبيك,بتمريضه وهيكتب في مذكراته ان هزيان سبيك
في الحمهى هيكشف كل مشاعره تجاه هيبقى,في الحمهي هيكشف كل مشاعره تجاه هيبقي
عامل زي اللي واخد بينج وبيبع بسرعه كده,عامل زي اللي واخد بينج وبيبع بسرعه كده
يا عم بيرتون انا غير منك ولسه شاكك في,يا عم بيرتون انا غير منك ولسه شاكك في
شجاعتك وطمعان اكتشف منابع النيل بدالك بس,شجاعتك وطمعان اكتشف منابع النيل بدالك بس
انت بصراحه شاطر في [ضحك] شغلك وانا بحبك,انت بصراحه شاطر في ضحك شغلك وانا بحبك
بيرتون هيواصل تمريض الراجل لحد ما يخف,بيرتون هيواصل تمريض الراجل لحد ما يخف
بالحمه رحله البعثه هتقف هنا وبقجوبه,بالحمه رحله البعثه هتقف هنا وبقجوبه
هيرجعوا بيرتون وسبيك لعدم بيرتون هيقرر,هيرجعوا بيرتون وسبيك لعدم بيرتون هيقرر
ان هو هيقعد كده يتعافى وسبيك هيقر ان هو,ان هو هيقعد كده يتعافي وسبيك هيقر ان هو
يرجع بريطانيا بيرتون هيودعه ويقول له هلك,يرجع بريطانيا بيرتون هيودعه ويقول له هلك
ان شاء الله في اسرع وقت وسبيك هيقول له,ان شاء الله في اسرع وقت وسبيك هيقول له
انا مش هروح الجمعيه الجغرافيه الملكيه,انا مش هروح الجمعيه الجغرافيه الملكيه
ولا هشارك نتائج الرحله غير اما انت توصل,ولا هشارك نتايج الرحله غير اما انت توصل
بيرتون يا عزيز اتاكد ابن سبيك تخلص مع,بيرتون يا عزيز اتاكد ابن سبيك تخلص مع
الحمهى من كل افكاره السامه تجاهه مستحيل,الحمهي من كل افكاره السامه تجاهه مستحيل
بعد ما واجهنا الموت سوا 1000 مره وبعد ما,بعد ما واجهنا الموت سوا 10 مره وبعد ما
انقذتك بنفسي كذا مره ان انت تكون لسه,انقذتك بنفسي كذا مره ان انت تكون لسه
بتكرهني ولكن اللي بيحصل سبيك اول ما,بتكرهني ولكن اللي بيحصل سبيك اول ما
بيوصل انجلترا هينسى كل حاجه وما يشوفش,بيوصل انجلترا هينسي كل حاجه وما يشوفش
قدامه غير الفرصه الذهبيه التفوق على برت,قدامه غير الفرصه الذهبيه التفوق علي برت
الابد انا رحت وسافرت والراجل ده لسه قاعد,الابد انا رحت وسافرت والراجل ده لسه قاعد
هناك انا اقدر اقول لهم ان انا اللي,هناك انا اقدر اقول لهم ان انا اللي
اكتشفت كل حاجه سبيك على الفور يا عزيزي,اكتشفت كل حاجه سبيك علي الفور يا عزيزي
بيروح يقابل رئيس الجمعيه الجغرافيه,بيروح يقابل رييس الجمعيه الجغرافيه
الملكيه السير موريسون وراح فارد له,الملكيه السير موريسون وراح فارد له
الخريط قدامه واكد له ان هو اللي اكتشف,الخريط قدامه واكد له ان هو اللي اكتشف
بحيره نيانزا وان هي منبع النيل,بحيره نيانزا وان هي منبع النيل
وبالمناسبه على فكره بتمتد لنهايه العالم,وبالمناسبه علي فكره بتمتد لنهايه العالم
وقتها عزيزي الجامعات الجغرافيه كانت,وقتها عزيزي الجامعات الجغرافيه كانت
بتواجه عزوف شديد عن العمل ما حدش عايز,بتواجه عزوف شديد عن العمل ما حدش عايز
يعمل ابحاث رسينه وعاله تاخد سنين كله,يعمل ابحاث رسينه وعاله تاخد سنين كله
عايز مغامرات واستكشافات يلفت بيها,عايز مغامرات واستكشافات يلفت بيها
الانظار التحول ده خلى بعض اعضاء الجمعيه,الانظار التحول ده خلي بعض اعضاء الجمعيه
ينفروا من الجمعيه ناس بحاجه تشارلز,ينفروا من الجمعيه ناس بحاجه تشارلز
داروين اللي نشر اصل الانواع وقتها يا,داروين اللي نشر اصل الانواع وقتها يا
عزيزي الجمعيه الدنيا كانت صعبه فيها,عزيزي الجمعيه الدنيا كانت صعبه فيها
العلماء مش عايزين يشتغلوا ما فيش اقبال,العلماء مش عايزين يشتغلوا ما فيش اقبال
قوي كل واحد بس عايز يطلع له سفريه وبعدها,قوي كل واحد بس عايز يطلع له سفريه وبعدها
يطلع له في كب بودكاست وبعدها ينشر كتاب,يطلع له في كب بودكاست وبعدها ينشر كتاب
الناس بدات تنفرم الابحاث وهنا سير مورسون,الناس بدات تنفرم الابحاث وهنا سير مورسون
شاف في سبيك طوق نجاه اللي هو يعتبر احسن,شاف في سبيك طوق نجاه اللي هو يعتبر احسن
بكثير من واحد زي بيرتون النخبه,بكثير من واحد زي بيرتون النخبه
البريطانيه مش طايقاه جالنا الاكتشاف,البريطانيه مش طايقاه جالنا الاكتشاف
المنتظر وجالنا مستكشف وشه حلو المجتمع,المنتظر وجالنا مستكشف وشه حلو المجتمع
بيحبه وفي اواخر مايو 1859 لما بيرتون,بيحبه وفي اواخر مايو 1859 لما بيرتون
بيوصل لندن هيتفاجئ ان صاحبه باعه ومش بس,بيوصل لندن هيتفاجي ان صاحبه باعه ومش بس
راح الجمعيه وقال الانجاز انجازه لا ده,راح الجمعيه وقال الانجاز انجازه لا ده
القى محاضره نسب فيها الرحله بالكامل,القي محاضره نسب فيها الرحله بالكامل
لنفسه وفي خطاب قدام الجمعيه هيتم تاكيد,لنفسه وفي خطاب قدام الجمعيه هيتم تاكيد
انجاز سبيك وعقيته في قياده البعثه اللي,انجاز سبيك وعقيته في قياده البعثه اللي
جايه البعثه اللي هتاكد فعلا ان ينزا منبع,جايه البعثه اللي هتاكد فعلا ان ينزا منبع
النيل برتون شاف الجمعيه والنخبه في لندن,النيل برتون شاف الجمعيه والنخبه في لندن
بتصور سبيك باعتباره قائد بعثه الحقيقي,بتصور سبيك باعتباره قايد بعثه الحقيقي
وبتصور بيرتون كعجوز بيحاول يسرق من انجاز,وبتصور بيرتون كعجوز بيحاول يسرق من انجاز
الشباب طب ابو حميد والليجاسي بتاعه,الشباب طب ابو حميد والليجاسي بتاعه
بيرتون انجازاته القديمه رصيده ده راجل,بيرتون انجازاته القديمه رصيده ده راجل
عمل رحله استكشافيه في مكه ورجع ازاي,عمل رحله استكشافيه في مكه ورجع ازاي
يصدقه ان سبيك اللي كانت خبرته قليله,يصدقه ان سبيك اللي كانت خبرته قليله
مقارنه بيه يعلم عليه كده فرانسيس جالتون,مقارنه بيه يعلم عليه كده فرانسيس جالتون
يا عزيزي هيلخص السبب ويقول ان بيرتون,يا عزيزي هيلخص السبب ويقول ان بيرتون
عبقري اه ولكنه يتمتع بشخصيه شرقيه مهميه,عبقري اه ولكنه يتمتع بشخصيه شرقيه مهميه
انما سبيك فبريطاني ماصل طلب سبيك يا,انما سبيك فبريطاني ماصل طلب سبيك يا
عزيزي للبعثه الجديده اتقابل بسهوله واتحط,عزيزي للبعثه الجديده اتقابل بسهوله واتحط
له 2500 جنيه استرليني ميزانيه بينما بعثه,له 2500 جنيه استرليني ميزانيه بينما بعثه
بيرتون اللي خرجت من اربع سنين ماتحطلهاش,بيرتون اللي خرجت من اربع سنين ماتحطلهاش
غير 1000 استرليني بس المبلغ ده لو كان,غير 10 استرليني بس المبلغ ده لو كان
اتوفر لبيرتون ما كانش هيعاني من نقص,اتوفر لبيرتون ما كانش هيعاني من نقص
الموارد اللي عانى منه وكان سهل عليه انه,الموارد اللي عاني منه وكان سهل عليه انه
يكتشف بنفسه طنجنيقه وانزا مع بعض اما بقى,يكتشف بنفسه طنجنيقه وانزا مع بعض اما بقي
سبكها الناحيه الثانيه فتحول الى نجم,سبكها الناحيه الثانيه فتحول الي نجم
مجتمع وكان مبسوط وهو شايف بيرتون بيطف,مجتمع وكان مبسوط وهو شايف بيرتون بيطف
قدامه وبالرغم من كده هيقرر يكمن عليه,قدامه وبالرغم من كده هيقرر يكمن عليه
ويدمره تماما هيكتب للجامعيه الجغرافيه,ويدمره تماما هيكتب للجامعيه الجغرافيه
ويقول لهم بيرتون ما اداش لرجالته مكافات,ويقول لهم بيرتون ما اداش لرجالته مكافات
في الحمله الاخيره وده بيثير لسبعه,في الحمله الاخيره وده بيثير لسبعه
بريطانيا في المنطقه معقول قول يا جماعه,بريطانيا في المنطقه معقول قول يا جماعه
يقولوا على امبراطور الاستعماريه تاكل على,يقولوا علي امبراطور الاستعماريه تاكل علي
الناس حقها لا يا جماعه لا بريطانيا بتدفع,الناس حقها لا يا جماعه لا بريطانيا بتدفع
تبسي كويس ممكن يا جماعه البريطانيين,تبسي كويس ممكن يا جماعه البريطانيين
يحسنوا من سمعه بريطانيا ممكن بريطانيين,يحسنوا من سمعه بريطانيا ممكن بريطانيين
نخاف على سمعه بريطانيا بقى عايزين تعرونا,نخاف علي سمعه بريطانيا بقي عايزين تعرونا
قدام المستعمرين ونيانزا اللي انا,قدام المستعمرين ونيانزا اللي انا
اكتشفتها لوحدي ونهايه العالم اللي انا,اكتشفتها لوحدي ونهايه العالم اللي انا
وصلت لها لوحدي بالرغم يا عزيزي ان بيرتون,وصلت لها لوحدي بالرغم يا عزيزي ان بيرتون
كان صرف الف استرليني من ماله الخاص عشان,كان صرف الف استرليني من ماله الخاص عشان
البعثه ترجع للساحل الا ان بيرتون هيصاب,البعثه ترجع للساحل الا ان بيرتون هيصاب
باكتئاب شديد لان الشاب اللي اتبناه,باكتياب شديد لان الشاب اللي اتبناه
وساعده وقف جنبه وعالجه بقى ماشي يدمر,وساعده وقف جنبه وعالجه بقي ماشي يدمر
سمعته اللي بناها لسنين مين هيكتب في,سمعته اللي بناها لسنين مين هيكتب في
مذكراته بيت شعر عربي من اللغه اللي كان,مذكراته بيت شعر عربي من اللغه اللي كان
بيوجدها بطلاقه علمته الرمايه فلما اشتد,بيوجدها بطلاقه علمته الرمايه فلما اشتد
ساعده رماني اسمك يا عزيزي نجبو بيلمع اكث,ساعده رماني اسمك يا عزيزي نجبو بيلمع اكث
واكثر وبيتعاقد مع اهم ناشر في بريطانيا,واكثر وبيتعاقد مع اهم ناشر في بريطانيا
جون بلاك وود عشان يكتب قصه رحلته هيطلع,جون بلاك وود عشان يكتب قصه رحلته هيطلع
فيها نفسه بطل الرحله وهيهمش دور بيتون,فيها نفسه بطل الرحله وهيهمش دور بيتون
اومباي هيبقوا صاحبايه ققايس كده ينادي,اومباي هيبقوا صاحبايه ققايس كده ينادي
عليهم عشان يبكي بقول لكم ايه ما الاطلال,عليهم عشان يبكي بقول لكم ايه ما الاطلال
حلوه هنا ما نقف ناخد سيجارتين وفي تجهيزه,حلوه هنا ما نقف ناخد سيجارتين وفي تجهيزه
للبعثه اللي هتحرك سنه 1860 سبيك هيختار,للبعثه اللي هتحرك سنه 1860 سبيك هيختار
السكند اوف كومند بتاعه شخص مطيع هو تابع,السكند اوف كومند بتاعه شخص مطيع هو تابع
جدا اسمه جيمس جراند مش هيسمح يكون في حد,جدا اسمه جيمس جراند مش هيسمح يكون في حد
شبهه تحت منه هيخاف يتغدر بيه زي ما اتغدر,شبهه تحت منه هيخاف يتغدر بيه زي ما اتغدر
ببريتون الراجل بقى عامل زي ما يكون امير,ببريتون الراجل بقي عامل زي ما يكون امير
مملوكي ماسك الحكم مش عارف الغدر هيجي له,مملوكي ماسك الحكم مش عارف الغدر هيجي له
منين لان هو اصلا جايب غدر ومن خوفه هيجبر,منين لان هو اصلا جايب غدر ومن خوفه هيجبر
جراند انه يمدي اقرار انه يتنازل عن اي,جراند انه يمدي اقرار انه يتنازل عن اي
حقوق للنش من البعثه جراند يا عزيزي كان,حقوق للنش من البعثه جراند يا عزيزي كان
امها مطيع فبالتالي [موسيقى],امها مطيع فبالتالي موسيقي
اعتماد سبيكر اساسي في بعثته الثانيه,اعتماد سبيكر اساسي في بعثته الثانيه
هيكون على بومباي واول يا عزيزي ما بيوصله,هيكون علي بومباي واول يا عزيزي ما بيوصله
لبحيره نيوندازا هيقر بمنتهى الفخر ويقول,لبحيره نيوندازا هيقر بمنتهي الفخر ويقول
اي كريشن ذا ليك افتر ذا كوين وهيسميها يا,اي كريشن ذا ليك افتر ذا كوين وهيسميها يا
عزيزي بحيره فيكتوريا الاسم اللي هيغل,عزيزي بحيره فيكتوريا الاسم اللي هيغل
الابد على اسماء البحيره الاصليه زي مثلا,الابد علي اسماء البحيره الاصليه زي مثلا
نالو بالي اسم بلغه البنتو بيشوف البحيره,نالو بالي اسم بلغه البنتو بيشوف البحيره
كانها روح ام بتدي الحياه من اللحظه دي يا,كانها روح ام بتدي الحياه من اللحظه دي يا
عزيزي المكان ده للابد هياخد تاريخ اوروبي,عزيزي المكان ده للابد هياخد تاريخ اوروبي
لما سبيك هيوصلاني ويشوف النيل الابيض,لما سبيك هيوصلاني ويشوف النيل الابيض
اخيرا هيطلب من بومباي والرجال اللي معاه,اخيرا هيطلب من بومباي والرجال اللي معاه
ان هم يحلقوا شعرهم ويستحموا في النهر,ان هم يحلقوا شعرهم ويستحموا في النهر
المقدس اللي مشي فيه مهدي موسى هنا بومباي,المقدس اللي مشي فيه مهدي موسي هنا بومباي
استغرب وقال لهم ان هم مسلمين وعندهم,استغرب وقال لهم ان هم مسلمين وعندهم
ثقافه مش هيعملوا كده ولكن سبيك هيواصل,ثقافه مش هيعملوا كده ولكن سبيك هيواصل
خلال رحلته تحويل كل حاجه الى ثقافه واثر,خلال رحلته تحويل كل حاجه الي ثقافه واثر
اوروبي وصولا لشلالات هيسميها شلالات,اوروبي وصولا لشلالات هيسميها شلالات
تربون نسبه لرئيس سابق للجمعيه الجغرافيه,تربون نسبه لرييس سابق للجمعيه الجغرافيه
الملكيه بقى ماشي في افريقيا يستجدع مع,الملكيه بقي ماشي في افريقيا يستجدع مع
صحابه زي سميع سورايرس كده عامل شارع يسرى,صحابه زي سميع سورايرس كده عامل شارع يسري
شارعناس الدغيدي مدينته حر فيها ولما سبيد,شارعناس الدغيدي مدينته حر فيها ولما سبيد
يوصل لاسكندريه سنه 1863 هيبعت تلغراف,يوصل لاسكندريه سنه 1863 هيبعت تلغراف
للجمعيه ويقول لهم نايل از ستلد الصحبه يا,للجمعيه ويقول لهم نايل از ستلد الصحبه يا
عزيزي فضلت تتباهى براجل حل المعضله,عزيزي فضلت تتباهي براجل حل المعضله
الازمه الجغرافيه التاريخيه اللي حيرت,الازمه الجغرافيه التاريخيه اللي حيرت
هيرودوت وجنه الاسكندر وديرون فشل فيها,هيرودوت وجنه الاسكندر وديرون فشل فيها
يخرج هذا الرجل سنه 1863 ويحسب امها سك يا,يخرج هذا الرجل سنه 1863 ويحسب امها سك يا
عزيزي بيخطب في الجمعيه وبيقول اللغز ده,عزيزي بيخطب في الجمعيه وبيقول اللغز ده
كان ممكن يتحل سنه 1859 [ضحك],كان ممكن يتحل سنه 1859 ضحك
مقامه رجل واحد اسمه ريتشارد بيرتون انا,مقامه رجل واحد اسمه ريتشارد بيرتون انا
بجد بكلم جد يا عزيزي واخد شخصيه من كتر,بجد بكلم جد يا عزيزي واخد شخصيه من كتر
ما هي شديده الوغنه محمود الفار ما يتشرفش,ما هي شديده الوغنه محمود الفار ما يتشرفش
انه يضعها في سكتشاته الراجل العزيزي مش,انه يضعها في سكتشاته الراجل العزيزي مش
بس طلع على اكتاف بيرتون ده مثل بجثته مثل,بس طلع علي اكتاف بيرتون ده مثل بجثته مثل
بسمعته ومن هذه اللحظه بدات تنهال على سبك,بسمعته ومن هذه اللحظه بدات تنهال علي سبك
ميداليات الشرف من ايطاليا وفرنسا الملكه,ميداليات الشرف من ايطاليا وفرنسا الملكه
فيكتوريا شكرته شخصيا لانه سمى بحيره,فيكتوريا شكرته شخصيا لانه سمي بحيره
باسمها مع ان عمرها ما شافتها سبيتك يا,باسمها مع ان عمرها ما شافتها سبيتك يا
عزيزي خلص رحلته اخيرا ولكن ضعف خبرته,عزيزي خلص رحلته اخيرا ولكن ضعف خبرته
كمستكشف منعته انه يجمع مع اي ادله قويه,كمستكشف منعته انه يجمع مع اي ادله قويه
او يستخدم القياسات او الملاحه عشان يثبت,او يستخدم القياسات او الملاحه عشان يثبت
بشكل دامغ وقاطع وصوله لمنبع النيل كمان,بشكل دامغ وقاطع وصوله لمنبع النيل كمان
وهو في حملته بيرتون راح نشر كتاب بعنوان,وهو في حملته بيرتون راح نشر كتاب بعنوان
ذا ليك ريجنز اوف سنترال افريكا هيقول في,ذا ليك ريجنز اوف سنترال افريكا هيقول في
هذا الكتاب الروايه الحقيقيه في تفاصيل,هذا الكتاب الروايه الحقيقيه في تفاصيل
البعثه قال لها مش انت يا ابو حميد لسه,البعثه قال لها مش انت يا ابو حميد لسه
قايل ان سبيك تعاقد مع اكبر ناشر مستر,قايل ان سبيك تعاقد مع اكبر ناشر مستر
بلاك وود عشان ينشر هو تفاصيل هذه البعثه,بلاك وود عشان ينشر هو تفاصيل هذه البعثه
والله يا عزيزي هم اتفاجئوا [موسيقى] ان,والله يا عزيزي هم اتفاجيوا موسيقي ان
كتابه سبيك لمؤاخذه كده رقيقه لدرجه ان هم,كتابه سبيك لمواخذه كده رقيقه لدرجه ان هم
اجروا له جوست رايتر يكتب مكانه واستغربوا,اجروا له جوست رايتر يكتب مكانه واستغربوا
بحصره شديده ازاي واحده من اعظم اكتشافات,بحصره شديده ازاي واحده من اعظم اكتشافات
الانسانيه تكون في ايد كاتب رضيء بهذا,الانسانيه تكون في ايد كاتب رضيء بهذا
الشكل واول ما بينزل كتاب سبيكسل 1863,الشكل واول ما بينزل كتاب سبيكسل 1863
بتبدا الفضائح تظهر وتهل مش بس الكتابه,بتبدا الفضايح تظهر وتهل مش بس الكتابه
اللي ضعيفه كمان الخرائط مرسومه غلط ساط,اللي ضعيفه كمان الخرايط مرسومه غلط ساط
لغه ورسم وتربيه بالتدريج يا عزيزي بدا,لغه ورسم وتربيه بالتدريج يا عزيزي بدا
يظهر في الدوائر العلميه ما سيعرف لاحقا,يظهر في الدواير العلميه ما سيعرف لاحقا
بذاريت نايلد بيت بيرتون هيطلع يقول ان,بذاريت نايلد بيت بيرتون هيطلع يقول ان
منبع النيل مازال امر لم يحسن والشخص اللي,منبع النيل مازال امر لم يحسن والشخص اللي
وصل له شخص غير كفئ تماما وسبك الناحيه,وصل له شخص غير كفي تماما وسبك الناحيه
الثانيه هيبدا يدافع عن اكتشافاته الحل,الثانيه هيبدا يدافع عن اكتشافاته الحل
ايه دلوقتي الحل اننا نعمل مناظره المشكله,ايه دلوقتي الحل اننا نعمل مناظره المشكله
يا عزيزي ان على الرغم من كاريزمه سبيك,يا عزيزي ان علي الرغم من كاريزمه سبيك
وقبور وخبه البريطانيه بتحبه الا انه لو,وقبور وخبه البريطانيه بتحبه الا انه لو
دخل مناظره قدام ريتشارد بيرتون هو اول,دخل مناظره قدام ريتشارد بيرتون هو اول
واحد عارف هيحصل فيه ايه عارف فرق الخبره,واحد عارف هيحصل فيه ايه عارف فرق الخبره
والمعلومات والاحتكاك اللي بين الاثنين,والمعلومات والاحتكاك اللي بين الاثنين
بيرتون خطيب مفوه ساكته قويه اما سبيك,بيرتون خطيب مفوه ساكته قويه اما سبيك
انفعالي ضعيف مرتبك المناظره كان المفروض,انفعالي ضعيف مرتبك المناظره كان المفروض
تنعقد يوم 16 سبتمبر 1864 وقبل المناظره,تنعقد يوم 16 سبتمبر 1864 وقبل المناظره
في يوم واحد هيتقابل بيرتون وسبيك لاول,في يوم واحد هيتقابل بيرتون وسبيك لاول
مره بعد سنين ازابيل نود بيرتون بتقول ان,مره بعد سنين ازابيل نود بيرتون بتقول ان
وش سبيك كان مليان حزن وحيره كانه كان لسه,وش سبيك كان مليان حزن وحيره كانه كان لسه
حاسس بكل المشاعر اللي فاتت مشاعر خليط,حاسس بكل المشاعر اللي فاتت مشاعر خليط
بين الحيره والغيره والاعجاب والحسد,بين الحيره والغيره والاعجاب والحسد
والخوف من استاذه وخصمه في نفس الوقت,والخوف من استاذه وخصمه في نفس الوقت
الراجل اللي قادر بكره في المناظره يعمل,الراجل اللي قادر بكره في المناظره يعمل
له عمليه اذلال علني فجاه عزيزي سبيك,له عمليه اذلال علني فجاه عزيزي سبيك
هيقول لا استطيع تحمل هذا بعد الاهم,هيقول لا استطيع تحمل هذا بعد الاهم
وهيعمل ايه يا عزيزي سبيك هيمشي يسيب,وهيعمل ايه يا عزيزي سبيك هيمشي يسيب
القاعه لحد النهارده يا عزيزي كل اللي,القاعه لحد النهارده يا عزيزي كل اللي
نعرفه ان سبيك هيروح يمارس كويته القديمه,نعرفه ان سبيك هيروح يمارس كويته القديمه
الصيد مع واحد من اصدقائه في ضايعه نيستن,الصيد مع واحد من اصدقايه في ضايعه نيستن
بارك فجاه اصحابه هيسمعوا صوت طلقه رصاص,بارك فجاه اصحابه هيسمعوا صوت طلقه رصاص
وهيلاقوه بينزف من نص الشمال وبعد وقت,وهيلاقوه بينزف من نص الشمال وبعد وقت
قصير هيموت وجنب ايده بندقيته جريد تايمز,قصير هيموت وجنب ايده بندقيته جريد تايمز
هتكتب نعي سبيك بحيره شديده جدا هتقول انه,هتكتب نعي سبيك بحيره شديده جدا هتقول انه
مات خلال رحله صيد ولكنه في نفس الوقت,مات خلال رحله صيد ولكنه في نفس الوقت
صياد محترف صياد غير مستهتر صعب انه يموت,صياد محترف صياد غير مستهتر صعب انه يموت
بطاقه غلط معظم الناس هتقول سبيك انتحر,بطاقه غلط معظم الناس هتقول سبيك انتحر
قبل ما يتزل بشكل عالمي في مناظره بعد 24,قبل ما يتزل بشكل عالمي في مناظره بعد 24
ساعه مع ريتشارد بيرتون وبيرتون على,ساعه مع ريتشارد بيرتون وبيرتون علي
الناحيه الثانيه بالرغم من كل حاجه هيدمع,الناحيه الثانيه بالرغم من كل حاجه هيدمع
وينهار بعد ما يعرف ده وهيكتب لاحد,وينهار بعد ما يعرف ده وهيكتب لاحد
اصدقائه لن يعرف شيء عن وفاه سبيكر يقول,اصدقايه لن يعرف شيء عن وفاه سبيكر يقول
المحسنون انه اطلق النار على نفسه بينما,المحسنون انه اطلق النار علي نفسه بينما
اخرين يقولون انني اطلقت النار عليه جدل,اخرين يقولون انني اطلقت النار عليه جدل
نير عزيزي هيتحسم الابد في سبعينات القرن,نير عزيزي هيتحسم الابد في سبعينات القرن
19 في بعثه هياقدها هنري مورتون ستانلي,19 في بعثه هياقدها هنري مورتون ستانلي
والمفارقه هيكون مساعد مورتون هو سيدي,والمفارقه هيكون مساعد مورتون هو سيدي
مبارك من باي نفس يا عزيزي الراجل اللي,مبارك من باي نفس يا عزيزي الراجل اللي
كان مع ريتشارد بيرتون وسبيكت البحث تاكد,كان مع ريتشارد بيرتون وسبيكت البحث تاكد
[موسيقى] هنا ان تنجنيقه ليست هي المنبع,موسيقي هنا ان تنجنيقه ليست هي المنبع
زي ما كان بيرتون مصر وان بحيره فيكتوريا,زي ما كان بيرتون مصر وان بحيره فيكتوريا
هي منبع النيل الابيض يلا اس ابو حميد,هي منبع النيل الابيض يلا اس ابو حميد
يعني سبيك الراجل الخايم المستهتر الضلالي,يعني سبيك الراجل الخايم المستهتر الضلالي
طلع صح بالفعل يا عزيزي طلع صح مش معنى ان,طلع صح بالفعل يا عزيزي طلع صح مش معني ان
انت نصاب ان انت ما تكونش صح ومش معنى ان,انت نصاب ان انت ما تكونش صح ومش معني ان
انت شاطر وسالك انك تنجح احيانا تعطي,انت شاطر وسالك انك تنجح احيانا تعطي
الحياه لمن لا نرا را يستحق احيانا وخد,الحياه لمن لا نرا را يستحق احيانا وخد
بالك والد يطلع يستحق واحنا ما نعرفش,بالك والد يطلع يستحق واحنا ما نعرفش
الكاتبه كاندس ميلر بتقول ان بالرغم من,الكاتبه كاندس ميلر بتقول ان بالرغم من
انتصار سبيكر الا ان التاريخ بيسجل نهايه,انتصار سبيكر الا ان التاريخ بيسجل نهايه
مختلفه بيرتو هينشغل لنهايه حياته,مختلفه بيرتو هينشغل لنهايه حياته
بالترجمه والمفارقه هيختار كتب جريئه تصدم,بالترجمه والمفارقه هيختار كتب جرييه تصدم
المجتمع البريطاني اللي كان دايما كاره,المجتمع البريطاني اللي كان دايما كاره
لعنصريته وادعاءاته ريتشارد بيرتون يا,لعنصريته وادعاءاته ريتشارد بيرتون يا
عزيزي هو اللي هيترجم الف ليله وليله,عزيزي هو اللي هيترجم الف ليله وليله
العربيه وهيترجم مع صديقه فوستر فيسكر,العربيه وهيترجم مع صديقه فوستر فيسكر
كتاب الهند الشهير الكماسوترا بيرتون بعد,كتاب الهند الشهير الكماسوترا بيرتون بعد
هذا الكرير شيفت المتاخر جدا هيترق على,هذا الكرير شيفت المتاخر جدا هيترق علي
نفسه انه فضل لسنين وسنين مين هاري نفسه,نفسه انه فضل لسنين وسنين مين هاري نفسه
ورا مجد الاستكشاف وفي النهايه شويه,ورا مجد الاستكشاف وفي النهايه شويه
الترجمات دي وفرت له اكث من 16000,الترجمات دي وفرت له اكث من 160
استقليمي وكمان بينت نفاق مجتمع انجلترا,استقليمي وكمان بينت نفاق مجتمع انجلترا
المتزمت اللي جري اشترى الكتب دي بخزاره,المتزمت اللي جري اشتري الكتب دي بخزاره
هيقول بسخريه لمراته الان لقد عرفت ذوق,هيقول بسخريه لمراته الان لقد عرفت ذوق
انجلترا خلاص انا عرفت دلوقتي ذوق انجلترا,انجلترا خلاص انا عرفت دلوقتي ذوق انجلترا
مش هنشوف الفقر ثاني من فرق عزيزي ان سبيك,مش هنشوف الفقر ثاني من فرق عزيزي ان سبيك
رغم انجازه لخالد الا انه هيتنسي مش,رغم انجازه لخالد الا انه هيتنسي مش
هيتكتب عنه غير مجلد واحد هيتكتب بعد قرن,هيتكتب عنه غير مجلد واحد هيتكتب بعد قرن
كامل من وفاته اما بيرتون على ناحيه ثانيه,كامل من وفاته اما بيرتون علي ناحيه ثانيه
هيتكتب عنه اكث من 12 مايوجرافي حتى انجاز,هيتكتب عنه اكث من 12 مايوجرافي حتي انجاز
سبيك نفسه هيخفض ب طريقه مع الوقت نيانزا,سبيك نفسه هيخفض ب طريقه مع الوقت نيانزا
اه كانت المصدر الرئيسي للنين الابيض لكن,اه كانت المصدر الرييسي للنين الابيض لكن
البحيره نفسها بتتغذى من جداول اصغر سنه,البحيره نفسها بتتغذي من جداول اصغر سنه
2006 بيدعي المستكشف البريطاني نيل,2006 بيدعي المستكشف البريطاني نيل
ماكريجور انه قام باول صعود كامل للنيل من,ماكريجور انه قام باول صعود كامل للنيل من
البحر للمنبع وتتبع اكبر منبع للنيانزا,البحر للمنبع وتتبع اكبر منبع للنيانزا
وكان نهر اسمه نهر كاجيرا اللي يعتبر,وكان نهر اسمه نهر كاجيرا اللي يعتبر
دلوقتي ابعد منبع للنيل يعني يمكن حتى,دلوقتي ابعد منبع للنيل يعني يمكن حتي
اكتشاف سبيك لا يزال غير كف قصه سبيك,اكتشاف سبيك لا يزال غير كف قصه سبيك
وبرتون يا عزيزي قصه صراع بين صديقين صراع,وبرتون يا عزيزي قصه صراع بين صديقين صراع
نادر اتحرك بدراما دراما بدات بالاعجاب,نادر اتحرك بدراما دراما بدات بالاعجاب
الشديد ثم الغير غيره ثم الحسد لحد ما,الشديد ثم الغير غيره ثم الحسد لحد ما
وصلت للخيانه ولكن المفارقه ان اكثر طرف,وصلت للخيانه ولكن المفارقه ان اكثر طرف
ادخان في هذه القصه لم يكن بيرتن يا عزيزي,ادخان في هذه القصه لم يكن بيرتن يا عزيزي
وانما الاف السكان الاصليين اللي مهدوا,وانما الاف السكان الاصليين اللي مهدوا
الطرق وصنعوا هذه الرحله كل رحلات,الطرق وصنعوا هذه الرحله كل رحلات
الاستكشاف المختلفه اتشالت واتخدمت عن,الاستكشاف المختلفه اتشالت واتخدمت عن
طريق افارقه واحد زي بومباي هو اللي كان,طريق افارقه واحد زي بومباي هو اللي كان
بيقود الطريق هو الشيك في استكشاف كل واحد,بيقود الطريق هو الشيك في استكشاف كل واحد
فيهم وهو اللي كمل من بعدهم مع المستكشف,فيهم وهو اللي كمل من بعدهم مع المستكشف
البريطاني فيرني كاميرون عشان يبقى اول,البريطاني فيرني كاميرون عشان يبقي اول
انسان يعدي افريقيا بالكامل من الشرق,انسان يعدي افريقيا بالكامل من الشرق
للغرب من البحر الى البحر ويبقى بومباي,للغرب من البحر الي البحر ويبقي بومباي
اكثر المرشدين انجازا في التاريخ الاف,اكثر المرشدين انجازا في التاريخ الاف
افريقي قطع 6000 ميل بعظمها على رجليه,افريقي قطع 60 ميل بعظمها علي رجليه
وبرغم من كده يا عزيزي [موسيقى] لم يذكر,وبرغم من كده يا عزيزي موسيقي لم يذكر
بالشكل الكافي في كتب التاريخ المقساه,بالشكل الكافي في كتب التاريخ المقساه
اتكررت في قرارات ثانيه وزي بومباي في,اتكررت في قرارات ثانيه وزي بومباي في
افريقيا في ناين سينج اللي ساعد في رسم,افريقيا في ناين سينج اللي ساعد في رسم
الخرايط لمعظم اسيا الوسطى واتبت وبرده ما,الخرايط لمعظم اسيا الوسطي واتبت وبرده ما
حدش يعرفه لسنين هتفضل الجغرافيا مجرد,حدش يعرفه لسنين هتفضل الجغرافيا مجرد
فراغ على الخريطه لحد ما يجي شخص اوروبي,فراغ علي الخريطه لحد ما يجي شخص اوروبي
ويقوم باكتشافه والجمعيه الجغرافيه,ويقوم باكتشافه والجمعيه الجغرافيه
الملكيه اخيرا هتعترف بفضل هؤلاء السكان,الملكيه اخيرا هتعترف بفضل هولاء السكان
الاصليين سنه كام؟ سنه 2009 عزيزي لما,الاصليين سنه كام؟ سنه 2009 عزيزي لما
يعملوا معرض لتاريخ الاستكشاف الخفي,يعملوا معرض لتاريخ الاستكشاف الخفي
وهتقول قول الجمعيه ان الاوروبيين مش,وهتقول قول الجمعيه ان الاوروبيين مش
لوحدهم اللي حققوا هذه الاستكشافات وان,لوحدهم اللي حققوا هذه الاستكشافات وان
عشرات الخرايط الافريقيه اترفضتين لحد ما,عشرات الخرايط الافريقيه اترفضتين لحد ما
الاوروبيين جم وهم اللي استكشفوها ولكن يا,الاوروبيين جم وهم اللي استكشفوها ولكن يا
عزيزي اعتبار الجغرافيين الاوروبيين لقاره,عزيزي اعتبار الجغرافيين الاوروبيين لقاره
كامله ان معظمها عباره عن فراغ مش بس,كامله ان معظمها عباره عن فراغ مش بس
هيبخس من وجود سكان اصليين ولا مستكشفين,هيبخس من وجود سكان اصليين ولا مستكشفين
حيين زي بومباي اللي حكيت لك عنه واللي,حيين زي بومباي اللي حكيت لك عنه واللي
انا بعتبره بطل ثالث في هذه الحلقه لا ده,انا بعتبره بطل ثالث في هذه الحلقه لا ده
هيدعو كمان لفكره اكثر شرا بكتير وهي ملء,هيدعو كمان لفكره اكثر شرا بكتير وهي ملء
الفراغ بالقوه في النهايه استكشافات,الفراغ بالقوه في النهايه استكشافات
بيرتون وسبيك مش بس كشفت الاوروبيين منابع,بيرتون وسبيك مش بس كشفت الاوروبيين منابع
النيل نهاء دي كمان كشفت ثروات قاره بكر,النيل نهاء دي كمان كشفت ثروات قاره بكر
ماس وذهب وحديد ويورانيوم استكشافات هتبدا,ماس وذهب وحديد ويورانيوم استكشافات هتبدا
جشع استعماري هيعرف بعد كده باسم سكرامبل,جشع استعماري هيعرف بعد كده باسم سكرامبل
اوف افريكا ووصلنا لبدايه القرن الع سبع,اوف افريكا ووصلنا لبدايه القرن الع سبع
دول اوروبيه هتكون بسيطره على 90% من,دول اوروبيه هتكون بسيطره علي 90 من
افريقيا وبالرغم من زوال الاستعمار,افريقيا وبالرغم من زوال الاستعمار
ونهايته الا ان افكار كثير في رحله سبيك,ونهايته الا ان افكار كثير في رحله سبيك
وبرتون اللي حكيت لك عنها هتخلق جروح,وبرتون اللي حكيت لك عنها هتخلق جروح
دائمه في افريقيا بومبي لما سال سبيك مره,دايمه في افريقيا بومبي لما سال سبيك مره
ليه قدر وقدر عشيرته انهم يتحولوا لعبيد,ليه قدر وقدر عشيرته انهم يتحولوا لعبيد
قال له اجابه سامه وسبيك باستخدام مكانته,قال له اجابه سامه وسبيك باستخدام مكانته
في المجتمع البريطاني هيكون من اشد المرا,في المجتمع البريطاني هيكون من اشد المرا
موجين لهذه الاجابه السامه كنظريه علميه,موجين لهذه الاجابه السامه كنظريه علميه
ما يعرف به الهاماتك مث الاجابه ببساطه,ما يعرف به الهاماتك مث الاجابه ببساطه
كانت اسطوره بتميز ابناء حامد بنوح وبتغذي,كانت اسطوره بتميز ابناء حامد بنوح وبتغذي
تفوق عرق فيهم على عرق اخر موجود في,تفوق عرق فيهم علي عرق اخر موجود في
افريقيا وده كان من ضمن تصور سبيك عن,افريقيا وده كان من ضمن تصور سبيك عن
الاعراق تصور بيخلق فيه تراطوبيه تراطوبيه,الاعراق تصور بيخلق فيه تراطوبيه تراطوبيه
بتتصالح مع العبوديه ك يا جماعه نظام,بتتصالح مع العبوديه ك يا جماعه نظام
للكون مش احنا اللي اخترناه والله طبيعي,للكون مش احنا اللي اخترناه والله طبيعي
جدا يبقى في جنس بيتفوق على جنس ثاني,جدا يبقي في جنس بيتفوق علي جنس ثاني
الفكره دي اللي سامبيك في رواجها بمكانته,الفكره دي اللي سامبيك في رواجها بمكانته
في المجتمع هتخلق بعد 130 سنه من موته,في المجتمع هتخلق بعد 130 سنه من موته
نزاع عرقي مدمر نزاع بين الهوتو والتوتسي,نزاع عرقي مدمر نزاع بين الهوتو والتوتسي
في رواندا نزاع اساسه العنصريه والتفوق,في رواندا نزاع اساسه العنصريه والتفوق
العرقي اللي هتؤدي في النهايه الى اباده,العرقي اللي هتودي في النهايه الي اباده
عرقيه هيروح ضحيتها 800000 انسان وبالرغم,عرقيه هيروح ضحيتها 80 انسان وبالرغم
من نهايه الاستعمار التقليدي لافريقيا,من نهايه الاستعمار التقليدي لافريقيا
وانتهاء اباده رواندا الا ان اهم تجلي,وانتهاء اباده رواندا الا ان اهم تجلي
لهذه الفكره ما زال موجود لحد النهارده في,لهذه الفكره ما زال موجود لحد النهارده في
القرن 19 نفس قرن اكتشاف النيل [موسيقى],القرن 19 نفس قرن اكتشاف النيل موسيقي
كتير من الكتاب الاوروبيين هيروجوا,كتير من الكتاب الاوروبيين هيروجوا
العباره هتغير التاريخ لاند وذاوت بيبل,العباره هتغير التاريخ لاند وذاوت بيبل
فور بيبل وذات لاند هناك ارض بلا شعب وهي,فور بيبل وذات لاند هناك ارض بلا شعب وهي
في الحاله دي فلسطين تنتظر [موسيقى] ظ بلا,في الحاله دي فلسطين تنتظر موسيقي ظ بلا
ارض وهم على حسب هذه السرديه كل يهود,ارض وهم علي حسب هذه السرديه كل يهود
العالم اهم عباره هتخلق حلم دوله اسرائيل,العالم اهم عباره هتخلق حلم دوله اسراييل
حلم برده بدا بخريطه خياليه خريطه اصحابها,حلم برده بدا بخريطه خياليه خريطه اصحابها
من الاوروبيين شافوا فيها فراغ ما شافوش,من الاوروبيين شافوا فيها فراغ ما شافوش
الشعب اللي له هويه وثقافه الشعب اللي,الشعب اللي له هويه وثقافه الشعب اللي
عايش هناك شعب عمره الاف السنين عاش في,عايش هناك شعب عمره الاف السنين عاش في
هذه الارض منهم عرب ومسلمين ويهود,هذه الارض منهم عرب ومسلمين ويهود
ومسيحيين سبيك عمره ما شاف سكان افريقيا,ومسيحيين سبيك عمره ما شاف سكان افريقيا
كشعوب لها اسبقيه ووجود وتاريخ وعشان كده,كشعوب لها اسبقيه ووجود وتاريخ وعشان كده
كان سهل ان هو يفتخر اكتشافه وكان الارض,كان سهل ان هو يفتخر اكتشافه وكان الارض
ما فيش فيها غير سهول ووديان وانهار,ما فيش فيها غير سهول ووديان وانهار
وبحيرات وبطبيعه الحال ثروات عشان احنا,وبحيرات وبطبيعه الحال ثروات عشان احنا
نستفيد بيها وسط كل ده كان هناك تجاهل لام,نستفيد بيها وسط كل ده كان هناك تجاهل لام
عنصر موجود وهو اللي ساكن في هذه الارض,عنصر موجود وهو اللي ساكن في هذه الارض
حينيس بانك احد مؤسسي الدوله الصهيونيه,حينيس بانك احد موسسي الدوله الصهيونيه
لما اتسال عن سكان الفراغ المسمى بفلسطين,لما اتسال عن سكان الفراغ المسمي بفلسطين
هيقول ذا بريتشد اس ذجروز [موسيقى],هيقول ذا بريتشد اس ذجروز موسيقي
كشم فورز ذو val ولمثل هؤلاء لا قيمه ربما,كشم فورز ذو ولمثل هولاء لا قيمه ربما
يا عزيزي جوهر فكره الاستكشاف [موسيقى],يا عزيزي جوهر فكره الاستكشاف موسيقي
الاوروبي سواء لنهر او لارض هو اخر كلمتين,الاوروبي سواء لنهر او لارض هو اخر كلمتين
مش اننا بنكتشف مكان فاضي وانما مكان,مش اننا بنكتشف مكان فاضي وانما مكان
بنوصل له فنلاقي فيه بشر وثقافه وحياه,بنوصل له فنلاقي فيه بشر وثقافه وحياه
ولكننا بنلخص حضورهم احيانا في عباره فالو,ولكننا بنلخص حضورهم احيانا في عباره فالو
ما لهمش قيمه ومن الجمله البسيطه القصيره,ما لهمش قيمه ومن الجمله البسيطه القصيره
دي ممكن تبدا شرور ما بتنتهيش كوارث يا,دي ممكن تبدا شرور ما بتنتهيش كوارث يا
عزيزي بنعيشها لحد دلوقتي بس كده يا عزيزي,عزيزي بنعيشها لحد دلوقتي بس كده يا عزيزي
اخيرا وليس اخيره ماسش الحاجه اللي فاتت,اخيرا وليس اخيره ماسش الحاجه اللي فاتت
نشوف الحاجه الجديده انس تبص على المصادر,نشوف الحاجه الجديده انس تبص علي المصادر
اللي احنا على اليوتيوب نشترك على القناه,اللي احنا علي اليوتيوب نشترك علي القناه
مش هقدر اقول في اخر الحلقه لان انا البرد,مش هقدر اقول في اخر الحلقه لان انا البرد
مدمرني هروح اكتشف منبها الاصلي في البيت,مدمرني هروح اكتشف منبها الاصلي في البيت
على فكره يا عزيزي الملكه فيكتوريا اللي,علي فكره يا عزيزي الملكه فيكتوريا اللي
عمرها ما شافت البحيره المسميه باسمها ايه,عمرها ما شافت البحيره المسميه باسمها ايه
الموضوع بقى سناتر الضحيه المنتشره شله دي,الموضوع بقي سناتر الضحيه المنتشره شله دي
ها بتحطوا صوري على مذكرات قانون مدني ليه,ها بتحطوا صوري علي مذكرات قانون مدني ليه
لا وبتعملوا برشام الضحيه اللي هو بنسخ,لا وبتعملوا برشام الضحيه اللي هو بنسخ
اصغر طب اي حاجه تانيه ما ده وش مستخدم,اصغر طب اي حاجه تانيه ما ده وش مستخدم
الوش بياع เฮ,الوش بياع เฮ
يبدو إني في آخر أيامي خلاص!,يبدو اني في اخر ايامي خلاص!
ألف سلامة يا حاج! ألف سلامة!,الف سلامه يا حاج! الف سلامه!
"اسمع يا ""أحمد"" يا ابني،","اسمع يا ""احمد"" يا ابني،"
انت كبير العِيلة،,انت كبير العِيله،
أنا سيبتلك قصر كبير،,انا سيبتلك قصر كبير،
ليك انت وإخواتك.,ليك انت واخواتك.
"إيه؟! سيبتلنا إيه؟! قصر على ""النيل""؟!","ايه سيبتلنا ايه قصر علي ""النيل"""
"""نيل"" إيه يا بني آدم؟!","""نيل"" ايه يا بني ادم"
بقولّك: قصر كبير.,بقولّك: قصر كبير.
آه! أيوة، أيوة، أيوة،,اه! ايوه، ايوه، ايوه،
آسف يا بابا، معلش، انت عارف، أنا بقالي فترة مش بسمع كويس.,اسف يا بابا، معلش، انت عارف، انا بقالي فتره مش بسمع كويس.
وبس كدا؟!,وبس كدا
ولا بَنطَق كويس،,ولا بَنطَق كويس،
ولا بقول جُمَل طويلة،,ولا بقول جُمَل طويله،
ولا بعرف أنطق كلمات ياباني، فرنساوي،,ولا بعرف انطق كلمات ياباني، فرنساوي،
ولا حتى عربي،,ولا حتي عربي،
يعني، عندي مشاكل كتير، بصراحة.,يعني، عندي مشاكل كتير، بصراحه.
عاملّي بس فيها صانع محتوى، وماشي تكلملي نَفْسَك طول اليوم!,عاملّي بس فيها صانع محتوي، وماشي تكلملي نَفْسَك طول اليوم!
يلّا يا فاشل!,يلّا يا فاشل!
آه!,اه!
انت، يا ابني، من ساعة ما اتولدت...,انت، يا ابني، من ساعه ما اتولدت
وأنا شايف فيك جينات أمك...,وانا شايف فيك جينات امك
المشكلة دي لازم تتحلّ فعلًا!,المشكله دي لازم تتحلّ فعلًا!
"من كام يوم، كنت بكلّم الـ""دليفري""،","من كام يوم، كنت بكلّم ال""دليفري""،"
"قُلتله: عايز فطيرة سجق ""شيري""،","قُلتله: عايز فطيره سجق ""شيري""،"
بدل ما أقولّه: فطيرة سجق شيدر!,بدل ما اقولّه: فطيره سجق شيدر!
كنت، يعني، تاخد منّي الذكاء،,كنت، يعني، تاخد منّي الذكاء،
وخُد منها الجَمال بس،,وخُد منها الجَمال بس،
ليه خدت منها الذكاء، وخدت منّي الجَمال؟!,ليه خدت منها الذكاء، وخدت منّي الجَمال
ليه كدا يا لساني؟!,ليه كدا يا لساني
ما سهلة أهي! سهلة!,ما سهله اهي! سهله!
اسمع...,اسمع
ركّز معايا...,ركّز معايا
أنا سايبلكم عَقد البيت...,انا سايبلكم عَقد البيت
في خَزنة.,في خَزنه.
كلمة السِرّ...,كلمه السِرّ
"- ""زاندو"". - ""زبادو""؟!","- ""زاندو"". - ""زبادو"""
"""زبادو"" إيه يا بني آدم؟!","""زبادو"" ايه يا بني ادم"
"بقولّك: ""زاندو"".","بقولّك: ""زاندو""."
- آه! - تمام، تمام، تمام، خلاص!,- اه! - تمام، تمام، تمام، خلاص!
"كلمة السر ""هبدوه"".","كلمه السر ""هبدوه""."
"""أحمد""...","""احمد"""
قرّب، عشان تسمعني كويس...,قرّب، عشان تسمعني كويس
- قرّب! - نعم يا بابا؟,- قرّب! - نعم يا بابا؟
طُظ فيك!,طُظ فيك!
إيه؟! رُز بالفِريك؟!,ايه رُز بالفِريك
انت كنت جَعان يا بابا؟!,انت كنت جَعان يا بابا
أنا آسف إني ما طلبتكش حاجة!,انا اسف اني ما طلبتكش حاجه!
"الـ""بوفيه""!","ال""بوفيه""!"
ياه! أبويا مات وهو جعان!,ياه! ابويا مات وهو جعان!
يلّا يا شباب، ناخد thumbnail!,يلّا يا شباب، ناخد !
أعزائي المشاهدين، السلام عليكم ورحمة الله وبركاته،,اعزايي المشاهدين، السلام عليكم ورحمه الله وبركاته،
"أهلًا بكم في حلقة جديدة، من برنامج ""الدحّيح""!","اهلًا بكم في حلقه جديده، من برنامج ""الدحّيح""!"
"عزيزي المشاهد الجميل، خلّيني آخدك إلى ليلة الـ""هالوين""، 30 أكتوبر سنة 1938،","عزيزي المشاهد الجميل، خلّيني اخدك الي ليله ال""هالوين""، 30 اكتوبر سنه 1938،"
ملايين الأمريكان في البيوت بيسمعوا برنامج موسيقى في الراديو.,ملايين الامريكان في البيوت بيسمعوا برنامج موسيقي في الراديو.
فجأة، البرنامج بيتقطِع، والمذيع بيقول بصوت متوتر:,فجاه، البرنامج بيتقطِع، والمذيع بيقول بصوت متوتر:
"""نقطع برنامجنا، لنُذيع عليكم هذا النبأ الهام.""","""نقطع برنامجنا، لنُذيع عليكم هذا النبا الهام."""
الناس توقعت، يا عزيزي، إنها تسمع حادثة، خطاب للرئيس الأمريكي،,الناس توقعت، يا عزيزي، انها تسمع حادثه، خطاب للرييس الامريكي،
ولكن اللي سمعوه كان أغرب من الخيال،,ولكن اللي سمعوه كان اغرب من الخيال،
"المذيع قال: ""هُناك أجسام غريبة هبطت على (نيو جيرسي)،","المذيع قال: ""هُناك اجسام غريبه هبطت علي نيو جيرسي ،"
وكائنات فضائية خرجت منها،,وكاينات فضاييه خرجت منها،
كائنات بتستخدم أشعة حرارية بتموّت أي حد يقرّبلها.,كاينات بتستخدم اشعه حراريه بتموّت اي حد يقرّبلها.
"الجيش حاول يوقّفهم، ولكنه فشل.""","الجيش حاول يوقّفهم، ولكنه فشل."""
"طبعًا، يا عزيزي، مش محتاج أقولّك إن الرعب انتشر في ""أمريكا""،","طبعًا، يا عزيزي، مش محتاج اقولّك ان الرعب انتشر في ""امريكا""،"
الناس سابت بيوتها وهربت في الشوارع،,الناس سابت بيوتها وهربت في الشوارع،
خطوط التليفونات وقعِت،,خطوط التليفونات وقعِت،
"آلاف صدّقوا إن نهاية العالم بتحصل، وإن الـaliens احتلوا ""الأرض"".","الاف صدّقوا ان نهايه العالم بتحصل، وان ال احتلوا ""الارض""."
تاني يوم، يا عزيزي، الناس بتكتشف إن كل دا كان فِشِنك،,تاني يوم، يا عزيزي، الناس بتكتشف ان كل دا كان فِشِنك،
مجرد حلقة من تمثيلية إذاعية،,مجرد حلقه من تمثيليه اذاعيه،
مُقتبَسة من رواية الخيال العلمي The War of The Worlds،,مُقتبَسه من روايه الخيال العلمي ،
"حلقة، يا عزيزي، عملها شابّ اسمه ""أورسون ويلز"".","حلقه، يا عزيزي، عملها شابّ اسمه ""اورسون ويلز""."
الدنيا، يا عزيزي، اتقلبت عليه،,الدنيا، يا عزيزي، اتقلبت عليه،
الجرايد والناس هاجموه بشِدّة،,الجرايد والناس هاجموه بشِدّه،
"قدّموا شكاوى لـ""هيئة الاتصالات الفيدرالية""،","قدّموا شكاوي ل""هييه الاتصالات الفيدراليه""،"
وبالفعل، يا عزيزي، بيتفتح تحقيق،,وبالفعل، يا عزيزي، بيتفتح تحقيق،
ولكن لو جيت بصّيت في القوانين، مش هتلاقي ولا قانون ممكن يعاقبه وقتها.,ولكن لو جيت بصّيت في القوانين، مش هتلاقي ولا قانون ممكن يعاقبه وقتها.
هُناك جِهة واحدة شافت في اللي حصل دا فرصة عظيمة،,هُناك جِهه واحده شافت في اللي حصل دا فرصه عظيمه،
"""هوليوود"" يا معلِّم.","""هوليوود"" يا معلِّم."
"""لو شابّ قدِر يسيطر على عواطف الجمهور بشريط صوت وشوية مؤثرات صوتية،","""لو شابّ قدِر يسيطر علي عواطف الجمهور بشريط صوت وشويه موثرات صوتيه،"
"إيه اللي ممكن يعمله لو ادّيناله الكاميرا وعمل فيلم؟!""","ايه اللي ممكن يعمله لو ادّيناله الكاميرا وعمل فيلم """
وبالفعل، يا عزيزي، الليلة دي كانت البداية،,وبالفعل، يا عزيزي، الليله دي كانت البدايه،
"بداية لمسيرة ""أورسون ويلز"" لفيلم هيغيّر مسيرة السينما للأبد.","بدايه لمسيره ""اورسون ويلز"" لفيلم هيغيّر مسيره السينما للابد."
"""يا نهار أسود يا (أبو حميد)!","""يا نهار اسود يا ابو حميد !"
هو (أورسون ويلز) هو اللي عمل فيلم (إبراهيم الأبيض)،,هو اورسون ويلز هو اللي عمل فيلم ابراهيم الابيض ،
إخراج (مروان حامد) وبطولة (أحمد السقّا)؟!،,اخراج مروان حامد وبطوله احمد السقّا
"كتابة الأستاذ (عبّاس أبو الحسن)؟! الجدع أبو سكسوكة دا؟!""","كتابه الاستاذ عبّاس ابو الحسن الجدع ابو سكسوكه دا """
المشكلة، يا عزيزي، إن انت عارف المعلومات كلها!,المشكله، يا عزيزي، ان انت عارف المعلومات كلها!
لأ طبعًا!,لا طبعًا!
"""أورسون ويلز"" عمل فيلم تاني غيّر شكل السينما للأبد،","""اورسون ويلز"" عمل فيلم تاني غيّر شكل السينما للابد،"
فيلم اسمه Citizen Kane.,فيلم اسمه .
"عشان نفهم، يا عزيزي، ليه ""هوليوود"" شافت في هذا الشخص وهذه الفكرة فرصة،","عشان نفهم، يا عزيزي، ليه ""هوليوود"" شافت في هذا الشخص وهذه الفكره فرصه،"
"خلّينا نبُص على شكل أفلام ""هوليوود"" في نهاية التلاتينات.","خلّينا نبُص علي شكل افلام ""هوليوود"" في نهايه التلاتينات."
"السينما، يا عزيزي، كانت خرجت من عصر الصامت بتاع ""تشارلي تشابلن""،","السينما، يا عزيزي، كانت خرجت من عصر الصامت بتاع ""تشارلي تشابلن""،"
ودخلت عصر جديد سيطرت فيه الاستوديوهات الكبيرة على الإنتاج،,ودخلت عصر جديد سيطرت فيه الاستوديوهات الكبيره علي الانتاج،
وخلّت معظم الأفلام قوالب جاهزة،,وخلّت معظم الافلام قوالب جاهزه،
"زي مثلًا أفلام الـ""ويسترن""،","زي مثلًا افلام ال""ويسترن""،"
البطل بيحارب الأشرار، وبينتصر في الآخر،,البطل بيحارب الاشرار، وبينتصر في الاخر،
أو أفلام رومانسية،,او افلام رومانسيه،
شابّ وسيم وغني، بيحب بنت بسيطة،,شابّ وسيم وغني، بيحب بنت بسيطه،
أو العكس، بنت غنية وجميلة، بتحب شابّ بسيط،,او العكس، بنت غنيه وجميله، بتحب شابّ بسيط،
والنهاية دايمًا سعيدة،,والنهايه دايمًا سعيده،
جوازة سعيدة، انتصار سعيد،,جوازه سعيده، انتصار سعيد،
زي الحياة بالظبط!,زي الحياه بالظبط!
الأفلام دي، يا عزيزي، انتشرت وقتها،,الافلام دي، يا عزيزي، انتشرت وقتها،
"لأن ""أمريكا"" وقتها كانت بتتعافى لسة من الكساد العظيم، الـGreat Depression،","لان ""امريكا"" وقتها كانت بتتعافي لسه من الكساد العظيم، ال ،"
الاستوديوهات كانت فاهمة:,الاستوديوهات كانت فاهمه:
"""الناس، يا جماعة، خارجة من فقر وأزمات وقحط وبطالة وحاجة نيلة!","""الناس، يا جماعه، خارجه من فقر وازمات وقحط وبطاله وحاجه نيله!"
السينما مكان بنلجأله، عشان نهرب من واقعنا الحزين،,السينما مكان بنلجاله، عشان نهرب من واقعنا الحزين،
عايزين لحظة بتسلية آمنة، خالية من المفاجآت،,عايزين لحظه بتسليه امنه، خاليه من المفاجات،
"مش عايزين كساد في الفيلم!""","مش عايزين كساد في الفيلم!"""
"في نفس الوقت، ""أوروبا"" كان فيها تجريب أكتر،","في نفس الوقت، ""اوروبا"" كان فيها تجريب اكتر،"
زي مثلًا السينما السوفييتية،,زي مثلًا السينما السوفييتيه،
اللي جربت إنها تلعب في المونتاج،,اللي جربت انها تلعب في المونتاج،
تخلّي القَطعات مثلًا سريعة،,تخلّي القَطعات مثلًا سريعه،
أو مثلًا، السينما التعبيرية الألمانية،,او مثلًا، السينما التعبيريه الالمانيه،
دي، يا عزيزي، مثلًا سينما هتلاقيها مليانة ظلال،,دي، يا عزيزي، مثلًا سينما هتلاقيها مليانه ظلال،
وأحيانًا، ممكن تشوّه منظور الرؤية، زي ما انت شايف في الفيلم كدا،,واحيانًا، ممكن تشوّه منظور الرويه، زي ما انت شايف في الفيلم كدا،
"""كابينة دكتور (كاليجاري)"" 1920.","""كابينه دكتور كاليجاري "" 1920."
دي سينما متأثرة بالحرب العالمية الأولى،,دي سينما متاثره بالحرب العالميه الاولي،
الحرب اللي حوّلت كل حاجة لحُطام,الحرب اللي حوّلت كل حاجه لحُطام
وكل المباني إلى رماد،,وكل المباني الي رماد،
أكيد، يا عزيزي، باين قُدّامك من الصور انطباع الكآبة والخوف، كل زاوية مضلّمة.,اكيد، يا عزيزي، باين قُدّامك من الصور انطباع الكابه والخوف، كل زاويه مضلّمه.
"""هوليوود"" بقى قامت قالتلك: ""ما دامت شغّالة، ما تلعبش فيها،","""هوليوود"" بقي قامت قالتلك: ""ما دامت شغّاله، ما تلعبش فيها،"
"خلّينا في قصصنا، ومش هنجرّب زي الناس دي.""","خلّينا في قصصنا، ومش هنجرّب زي الناس دي."""
بس برضه، يا عزيزي، المشكلة إن التكرار بيزهّق،,بس برضه، يا عزيزي، المشكله ان التكرار بيزهّق،
خصوصًا، حاجة زي السينما قائمة على الإبهار.,خصوصًا، حاجه زي السينما قايمه علي الابهار.
ففي وسط الحالة الراكدة دي،,ففي وسط الحاله الراكده دي،
وفي صناعة ضخمة، بس خايفة تتغير،,وفي صناعه ضخمه، بس خايفه تتغير،
ظهر فراغ واضح،,ظهر فراغ واضح،
مستني حد ييجي يجازف، ويكسر قواعد.,مستني حد ييجي يجازف، ويكسر قواعد.
"وهنا، يا عزيزي، بيظهر ""أورسون ويلز""،","وهنا، يا عزيزي، بيظهر ""اورسون ويلز""،"
"اللي ""هوليوود"" استقبلته كـ""ووندر بوي""،","اللي ""هوليوود"" استقبلته ك""ووندر بوي""،"
شركة RKO Pictures قدّمتله واحد من أغرب العقود وقتها،,شركه قدّمتله واحد من اغرب العقود وقتها،
أول فيلمين ليه، له تحكُّم إبداعي كامل،,اول فيلمين ليه، له تحكُّم ابداعي كامل،
من غير ما الاستوديو يتدخّل،,من غير ما الاستوديو يتدخّل،
"""براحتك يا عم، احنا A24،","""براحتك يا عم، احنا 24،"
"أنت الممثل والمُخرِج والمؤلف، عيش براحتك!""","انت الممثل والمُخرِج والمولف، عيش براحتك!"""
"لحد دلوقتي، يا عزيزي، ""هوليوود"" تقريبًا ما بتدّيش مزايا زي دي،","لحد دلوقتي، يا عزيزي، ""هوليوود"" تقريبًا ما بتدّيش مزايا زي دي،"
إلا لصُنّاع محدودين جدًا.,الا لصُنّاع محدودين جدًا.
"""حلو أوي، يا (أبو حميد)! كفاية تشويق كدا، يلّا دخّلنا على الفيلم.""","""حلو اوي، يا ابو حميد ! كفايه تشويق كدا، يلّا دخّلنا علي الفيلم."""
عينيا، يا عزيزي.,عينيا، يا عزيزي.
"الفيلم بيتحكي كـ""فلاش باك"" من قصة حياة البطل،","الفيلم بيتحكي ك""فلاش باك"" من قصه حياه البطل،"
"رجُل أعمال وناشر ثَري اسمه ""تشارلز فوستر كين""،","رجُل اعمال وناشر ثَري اسمه ""تشارلز فوستر كين""،"
"واللي بيمثله ""أورسون ويلز"" بنفسه،","واللي بيمثله ""اورسون ويلز"" بنفسه،"
البطل، يا عزيزي، بيموت في أول مشهد في الفيلم،,البطل، يا عزيزي، بيموت في اول مشهد في الفيلم،
"بيموت في قصر ضخم معزول اسمه ""زاندو""،","بيموت في قصر ضخم معزول اسمه ""زاندو""،"
بس، يا عزيزي، قبل ما يموت، بيهمس بكلمة واحدة، Rosebud.,بس، يا عزيزي، قبل ما يموت، بيهمس بكلمه واحده، .
إيه بقى Rosebud دي؟!,ايه بقي دي
سر؟! ست؟! ما نعرفش!,سر ست ما نعرفش!
دي كلمة غامضة هتكون المفتاح اللي هنطارده.,دي كلمه غامضه هتكون المفتاح اللي هنطارده.
بيبدأ صحفي يدوّر على معنى هذه الكلمة،,بيبدا صحفي يدوّر علي معني هذه الكلمه،
"وفي رحلته، بيكتشف قصة حياة ""كين""،","وفي رحلته، بيكتشف قصه حياه ""كين""،"
بيكتشفها من وجهات نظر مختلفة،,بيكتشفها من وجهات نظر مختلفه،
وactually كمان، متضاربة، مش متفقين مع بعض.,و كمان، متضاربه، مش متفقين مع بعض.
دا، يا عزيزي، غريب جدًا،,دا، يا عزيزي، غريب جدًا،
"احنا هنا ما بنشوفش قصة ""ويسترن""،","احنا هنا ما بنشوفش قصه ""ويسترن""،"
ما بنشوفش قصة رومانسية،,ما بنشوفش قصه رومانسيه،
دي قصة غريبة، قادرة تشدّك، حتى وأنا بحكيها دلوقتي.,دي قصه غريبه، قادره تشدّك، حتي وانا بحكيها دلوقتي.
كمان، هتلاحظ إن الفيلم، على عكس الأفلام في وقته،,كمان، هتلاحظ ان الفيلم، علي عكس الافلام في وقته،
بيتحكي بطريقة، زي ما يكون كدا، لغز،,بيتحكي بطريقه، زي ما يكون كدا، لغز،
بشكل Nonlinear،,بشكل ،
يعني، مش بنحكي الحكاية بالترتيب المباشر،,يعني، مش بنحكي الحكايه بالترتيب المباشر،
الشخص اتولد سنة كذا، ودخل المدرسة كذا،,الشخص اتولد سنه كذا، ودخل المدرسه كذا،
وعاش كذا، ومات كذا،,وعاش كذا، ومات كذا،
لأ، احنا بنبتدي بنهاية الشخصية،,لا، احنا بنبتدي بنهايه الشخصيه،
وبعد كدا، نعرف بدايته.,وبعد كدا، نعرف بدايته.
"احنا، يا عزيزي، بنستخدم هذا الـ""تكنيك"" في حلقات كتير،","احنا، يا عزيزي، بنستخدم هذا ال""تكنيك"" في حلقات كتير،"
"أحكيلك بداية حلقة ""أم كلثوم"" في الحفلة،","احكيلك بدايه حلقه ""ام كلثوم"" في الحفله،"
فانت عارف إن الحفلة هتحصل،,فانت عارف ان الحفله هتحصل،
"وأرجع أشوّقك إن إيه دا، الحلقة ممكن تحصل وممكن ما تحصلش في ""فرنسا""،","وارجع اشوّقك ان ايه دا، الحلقه ممكن تحصل وممكن ما تحصلش في ""فرنسا""،"
فانت تتوتر،,فانت تتوتر،
مع إن الحدث تاريخي، احنا عارفين إنه حصل،,مع ان الحدث تاريخي، احنا عارفين انه حصل،
ومع إن إنا أكدتلك في أول الحلقة إن الحدث حصل،,ومع ان انا اكدتلك في اول الحلقه ان الحدث حصل،
كمان، يا عزيزي، القِصة ما كانش فيها واحد بس هو اللي بيحكي، زي العادي،,كمان، يا عزيزي، القِصه ما كانش فيها واحد بس هو اللي بيحكي، زي العادي،
احنا هيتقدّملنا 5 روايات متناقضة،,احنا هيتقدّملنا 5 روايات متناقضه،
"كل واحدة فيهم بتحكي عن ""كين"" مختلف عن التاني،","كل واحده فيهم بتحكي عن ""كين"" مختلف عن التاني،"
"في رواية منهم، ""كين"" ناشر نبيل،","في روايه منهم، ""كين"" ناشر نبيل،"
حاول يعمل إعلان نزيه يخدم الناس.,حاول يعمل اعلان نزيه يخدم الناس.
في رواية تانية، هو ثري مغرور،,في روايه تانيه، هو ثري مغرور،
بيشتري الحُب والولاء من اللي حواليه,بيشتري الحُب والولاء من اللي حواليه
زي بالظبط ما بيشتري الجرايد!,زي بالظبط ما بيشتري الجرايد!
"وحتى، يا عزيزي، حياة ""كين"" الطويلة،","وحتي، يا عزيزي، حياه ""كين"" الطويله،"
بنلاقيها بتتضفّر وبتُختصر في مشاهد قصيرة وذكية،,بنلاقيها بتتضفّر وبتُختصر في مشاهد قصيره وذكيه،
مشهد الطفولة مثلًا، لمّا أمه بتورث فلوس من مَنجَم دهب،,مشهد الطفوله مثلًا، لمّا امه بتورث فلوس من مَنجَم دهب،
"بتتخلّى عن وصاية ابنها لراجل اسمه ""ثاتشر""،","بتتخلّي عن وصايه ابنها لراجل اسمه ""ثاتشر""،"
ليه؟ عشان يربّيه في بيئة أحسن، بعيد بقى عن أبوه السكّير والعنيف.,ليه؟ عشان يربّيه في بييه احسن، بعيد بقي عن ابوه السكّير والعنيف.
"في الخلفية بقى، بنشوف ""كين"" الصغير بيلعب بالزلاجة بتاعته أو الـsled.","في الخلفيه بقي، بنشوف ""كين"" الصغير بيلعب بالزلاجه بتاعته او ال ."
بعدها، بنروح على مشهد وهو شابّ طَموح،,بعدها، بنروح علي مشهد وهو شابّ طَموح،
بياخد جريدة فاشلة، ويحوّلها إلى إمبراطورية،,بياخد جريده فاشله، ويحوّلها الي امبراطوريه،
وصولًا لانهيار إمبراطوريته،,وصولًا لانهيار امبراطوريته،
وبعدها، شُغله وعلاقاته اللي بيفشلوا واحدة ورا التانية،,وبعدها، شُغله وعلاقاته اللي بيفشلوا واحده ورا التانيه،
لحد، يا عزيزي، ما نوصل لمشهد النهاية،,لحد، يا عزيزي، ما نوصل لمشهد النهايه،
"""كين"" لوحده في قصره الضخم،","""كين"" لوحده في قصره الضخم،"
مُحاط بأشياء جمّعها من كل الدنيا،,مُحاط باشياء جمّعها من كل الدنيا،
ولكنه مع كل الحاجات اللي موجودة عنده، إلا إنه ما عندهوش معنى،,ولكنه مع كل الحاجات اللي موجوده عنده، الا انه ما عندهوش معني،
لا يوجد معنى لحياته!,لا يوجد معني لحياته!
"في كل اللي احنا حكيناه دا، ""ويلز"" عمل حاجة عجيبة،","في كل اللي احنا حكيناه دا، ""ويلز"" عمل حاجه عجيبه،"
"كسر كل قواعد السرد، اللي كانت ""هوليوود"" تعرفها،","كسر كل قواعد السرد، اللي كانت ""هوليوود"" تعرفها،"
ما فيش حكاية بتمشي بخط مستقيم قُدّام،,ما فيش حكايه بتمشي بخط مستقيم قُدّام،
لأ، فيه دايرة،,لا، فيه دايره،
كل مشهد بيرجّعك للمشهد اللي قبله،,كل مشهد بيرجّعك للمشهد اللي قبله،
ولكن من زاوية مختلفة،,ولكن من زاويه مختلفه،
بتشوف، يا عزيزي، الحقيقة بنفسك وهي بتتبدّل قُدّامك،,بتشوف، يا عزيزي، الحقيقه بنفسك وهي بتتبدّل قُدّامك،
وهي من منظور الأشخاص التانيين.,وهي من منظور الاشخاص التانيين.
دي كانت أول مرة الناس تشوف فيلم ما يدّيش إجابات،,دي كانت اول مره الناس تشوف فيلم ما يدّيش اجابات،
وما فيش نهاية سعيدة اللي متعودين عليها،,وما فيش نهايه سعيده اللي متعودين عليها،
بالعكس، دا بيسيبك تغرَق في الأسئلة،,بالعكس، دا بيسيبك تغرَق في الاسيله،
"تسأل نفسك: من كل القصص دي، مين ""كين"" في الروايات دي؟!","تسال نفسك: من كل القصص دي، مين ""كين"" في الروايات دي"
وإيه اللي خلّاه العظيم؟!,وايه اللي خلّاه العظيم
وإيه تمن نجاحه؟ وإيه هو سبب ضياعه؟,وايه تمن نجاحه؟ وايه هو سبب ضياعه؟
الأسلوب دا، يا عزيزي، مهّد بعد كدا الطريق لأفلام مثلًا زي Rashomon،,الاسلوب دا، يا عزيزي، مهّد بعد كدا الطريق لافلام مثلًا زي ،
"لـ""أكيرا كوروساوا"" المُخرج الياباني،","ل""اكيرا كوروساوا"" المُخرج الياباني،"
"وفيلم Memento لـ""كريستوفر نولان""،","وفيلم ل""كريستوفر نولان""،"
"وPulp Fiction، أو actually، أغلب أفلام ""تارانتينو"" تقريبًا،","و ، او ، اغلب افلام ""تارانتينو"" تقريبًا،"
اللي كلها بتستخدم نفس الفكرتين،,اللي كلها بتستخدم نفس الفكرتين،
الحَكي بأسلوب غير خطي،,الحَكي باسلوب غير خطي،
وعرض روايات متضاربة لنفس الحقيقة،,وعرض روايات متضاربه لنفس الحقيقه،
لنفس الحدث اللي الناس دي شهدت عليه،,لنفس الحدث اللي الناس دي شهدت عليه،
مفهوم، يا عزيزي، بنسمّيه...,مفهوم، يا عزيزي، بنسمّيه
"زي ""أحمد الفيشاوي"" في ""ولاد (رزق)""،","زي ""احمد الفيشاوي"" في ""ولاد رزق ""،"
هيدّيك وجهات نظر كتير، وما تعرفش مين الصح فيهم.,هيدّيك وجهات نظر كتير، وما تعرفش مين الصح فيهم.
بس الحقيقة، يا عزيزي، إنه جنب الفتح السينمائي دا،,بس الحقيقه، يا عزيزي، انه جنب الفتح السينمايي دا،
أهم حاجة هيغيّر بيها Citizen Kane السينما,اهم حاجه هيغيّر بيها السينما
هي لغته السينمائية الجديدة،,هي لغته السينماييه الجديده،
يعني، التصوير، الإضاءة، المونتاج، شريط الصوت،,يعني، التصوير، الاضاءه، المونتاج، شريط الصوت،
هنا، يا عزيزي، الإبداع كله.,هنا، يا عزيزي، الابداع كله.
الفيلم بدأ تصويره في يونيو 1940،,الفيلم بدا تصويره في يونيو 1940،
"وقتها، ""ويلز"" كان عنده خبرة في المسرح والراديو،","وقتها، ""ويلز"" كان عنده خبره في المسرح والراديو،"
إلا إنه وجد نفسه أبيض في السينما!,الا انه وجد نفسه ابيض في السينما!
بيحكي إنه كان متعوّد يظبُط الإضاءة بنفسه وهو في المسرح،,بيحكي انه كان متعوّد يظبُط الاضاءه بنفسه وهو في المسرح،
فكان فاكر إن في السينما المُخرج هو اللي بيظبُط الإضاءة بإيده،,فكان فاكر ان في السينما المُخرج هو اللي بيظبُط الاضاءه بايده،
عشان كدا، في أول أيام التصوير، هيظبُط كل الإضاءات في set التصوير،,عشان كدا، في اول ايام التصوير، هيظبُط كل الاضاءات في التصوير،
مش هيبقى واخد باله من طاقم الإضاءات اللي ماشيين وراه بيغيّروا كل حاجة هو بيعملها،,مش هيبقي واخد باله من طاقم الاضاءات اللي ماشيين وراه بيغيّروا كل حاجه هو بيعملها،
لأنه، بطبيعة الحال، بيعمل كل حاجة غلط،,لانه، بطبيعه الحال، بيعمل كل حاجه غلط،
فضِل، يا عزيزي، كدا 10 أيام، لحد ما اكتشف إن دا مش المفروض يبقى شُغله أصلًا،,فضِل، يا عزيزي، كدا 10 ايام، لحد ما اكتشف ان دا مش المفروض يبقي شُغله اصلًا،
"يا عم، اقعد على كرسي المُخرج، قول ""أكشن"" و""كَت"" وشكرًا!","يا عم، اقعد علي كرسي المُخرج، قول ""اكشن"" و""كَت"" وشكرًا!"
المفارقة، يا عزيزي، إن قِلّة خبرته دي، زي ما تقول، اتحولت إلى ميزة كبيرة،,المفارقه، يا عزيزي، ان قِلّه خبرته دي، زي ما تقول، اتحولت الي ميزه كبيره،
جهله بطريقة تنفيذ الأفلام المعتادة,جهله بطريقه تنفيذ الافلام المعتاده
خلّت أفكاره مبتكرة أكتر، والأسلوب بتاعه أسلوب تجريبي.,خلّت افكاره مبتكره اكتر، والاسلوب بتاعه اسلوب تجريبي.
"""طب يا (أبو حميد)، خُد بالك،","""طب يا ابو حميد ، خُد بالك،"
هُناك أُسطوات حواليه أكيد كانوا بيتدخّلوا ويقولوله: لأ، ما تعملش كدا، دا مش صح!,هُناك اُسطوات حواليه اكيد كانوا بيتدخّلوا ويقولوله: لا، ما تعملش كدا، دا مش صح!
"أو يـ(كنسلوا) شُغله خالص، زي بتوع الإضاءة.""","او ي كنسلوا شُغله خالص، زي بتوع الاضاءه."""
"لأ، يا عزيزي، ""ويلز"" ما جمّعش فريق خبرات،","لا، يا عزيزي، ""ويلز"" ما جمّعش فريق خبرات،"
عشان يقعدوا بقى يصححوله ويغيّروله،,عشان يقعدوا بقي يصححوله ويغيّروله،
لأ، جاب فرقته المسرحية،,لا، جاب فرقته المسرحيه،
وزوّد عليهم ناس مؤمنين برؤيته،,وزوّد عليهم ناس مومنين برويته،
أو للدِقة مؤمنين بإن جهله بالقواعد هو اللي هيسمحلهم يكسروها،,او للدِقه مومنين بان جهله بالقواعد هو اللي هيسمحلهم يكسروها،
"زي مثلًا، مدير التصوير""جريج تولاند""،","زي مثلًا، مدير التصوير""جريج تولاند""،"
اللي كان عاجباه جدًا جدًا فكرة المُخرج العبقري اللي مش فاهم حاجة،,اللي كان عاجباه جدًا جدًا فكره المُخرج العبقري اللي مش فاهم حاجه،
لأنه كان زهق من الأفلام اللي شغّال فيها،,لانه كان زهق من الافلام اللي شغّال فيها،
"وعايز يجرّب أشكال جديدة، بس ""هوليوود"" مش مدّياله فرصة.","وعايز يجرّب اشكال جديده، بس ""هوليوود"" مش مدّياله فرصه."
"""ويلز""، رغم كل الصلاحيات اللي كانت عنده،","""ويلز""، رغم كل الصلاحيات اللي كانت عنده،"
ما كانش واثق إن الاستوديو هيدّيله تحكُّم إبداعي كامل،,ما كانش واثق ان الاستوديو هيدّيله تحكُّم ابداعي كامل،
خصوصًا، خصوصًا، بفريقه الجديد،,خصوصًا، خصوصًا، بفريقه الجديد،
فبيقرر، يا عزيزي، إن هو هيبدأ الفيلم، من غير ما يقولّهم،,فبيقرر، يا عزيزي، ان هو هيبدا الفيلم، من غير ما يقولّهم،
والشركة هتصدّقه لمّا يقولّهم إنه بيعمل شوية لَقَطات تجريبية،,والشركه هتصدّقه لمّا يقولّهم انه بيعمل شويه لَقَطات تجريبيه،
بيجرب الكاميرا يا عم،,بيجرب الكاميرا يا عم،
"بينما، يا عزيزي، هو actually كان بيصور فيلمه في الـ""سكرتة""،","بينما، يا عزيزي، هو كان بيصور فيلمه في ال""سكرته""،"
عشان ما حدش يضغطه، وما حدش يتدخّل في شُغله.,عشان ما حدش يضغطه، وما حدش يتدخّل في شُغله.
"المُخرج الأسطوري ""مارتن سكورسيزي"" هيقول","المُخرج الاسطوري ""مارتن سكورسيزي"" هيقول"
"إن قبل ""ويلز"" كان الفيلم كأنه متصور بـhidden camera،","ان قبل ""ويلز"" كان الفيلم كانه متصور ب ،"
كأنها كاميرا مستخبية وثابتة، ما تعرفش مكانها هنا ليه،,كانها كاميرا مستخبيه وثابته، ما تعرفش مكانها هنا ليه،
"""ويلز"" بقى حَب يجرب حاجة بسيطة،","""ويلز"" بقي حَب يجرب حاجه بسيطه،"
حَب يحرك الكاميرا،,حَب يحرك الكاميرا،
عشان يسخّر لكل زاوية تصوير حركة للكاميرا،,عشان يسخّر لكل زاويه تصوير حركه للكاميرا،
تخدم الحدوتة اللي بيحكيها في كل مَشهد،,تخدم الحدوته اللي بيحكيها في كل مَشهد،
"وتساعدنا نعرف مَن هو ""كين"" من هذه الزاوية.","وتساعدنا نعرف مَن هو ""كين"" من هذه الزاويه."
"ودا، يا عزيزي، بتعبير ""سكورسيزي""، فتح صندوق ""بندورا"" السحري،","ودا، يا عزيزي، بتعبير ""سكورسيزي""، فتح صندوق ""بندورا"" السحري،"
الصندوق اللي كل مُخرج جه بعده، خَد منه،,الصندوق اللي كل مُخرج جه بعده، خَد منه،
ازاي تخلّي الكاميرا اللي تحكي،,ازاي تخلّي الكاميرا اللي تحكي،
مش تثبّت الكاميرا وتُقَف تمثل وخلاص.,مش تثبّت الكاميرا وتُقَف تمثل وخلاص.
خلّيني أدّيك أمثلة،,خلّيني ادّيك امثله،
لو جربت، يا عزيزي، ترفع صباعك قُدّام عينك وتبص عليه،,لو جربت، يا عزيزي، ترفع صباعك قُدّام عينك وتبص عليه،
هتلاقي الخلفية زغللت، صح؟,هتلاقي الخلفيه زغللت، صح؟
طب جرب كدا تبُص على الخلفية،,طب جرب كدا تبُص علي الخلفيه،
هتلاقي صباعك هو اللي زغلل،,هتلاقي صباعك هو اللي زغلل،
ودا طبيعي، يا عزيزي، لأن عينينا بتعمل focus على حاجة واحدة بس.,ودا طبيعي، يا عزيزي، لان عينينا بتعمل علي حاجه واحده بس.
"""ويلز"" قام قايلّك: ""لأ، أنا عايزك تشوف الاتنين.""","""ويلز"" قام قايلّك: ""لا، انا عايزك تشوف الاتنين."""
ودا واحد من أهم اختراعات الفيلم، الـDeep Focus،,ودا واحد من اهم اختراعات الفيلم، ال ،
الشيء القريب والبعيد يظهروا بنفس الوضوح،,الشيء القريب والبعيد يظهروا بنفس الوضوح،
ودا طبعًا كان عكس الـmainstream وقتها،,ودا طبعًا كان عكس ال وقتها،
المُخرج كان هو اللي بيقرر إن انت المفروض تبص على إيه،,المُخرج كان هو اللي بيقرر ان انت المفروض تبص علي ايه،
"بيقولّك: ""بُص هنا، العنصر دا أهم حاجة.""","بيقولّك: ""بُص هنا، العنصر دا اهم حاجه."""
انت دلوقتي مثلًا، يا عزيزي، هتلاقيني أنا اللي في الـfocus،,انت دلوقتي مثلًا، يا عزيزي، هتلاقيني انا اللي في ال ،
والخلفية اللي ورايا blurred شوية،,والخلفيه اللي ورايا شويه،
دا المفروض يعني إن هو بيخلّيك تركّز معايا أكتر،,دا المفروض يعني ان هو بيخلّيك تركّز معايا اكتر،
بس انت برضه مش مركّز!,بس انت برضه مش مركّز!
"""ويلز"" بقى ما كانش عايز يتحكّم في عينيك،","""ويلز"" بقي ما كانش عايز يتحكّم في عينيك،"
كان عايزك تشوف كل حاجة،,كان عايزك تشوف كل حاجه،
عشان يتحول المشهد إلى لوحة,عشان يتحول المشهد الي لوحه
فيها طبقات ومعاني، مش مجرد لَقطة.,فيها طبقات ومعاني، مش مجرد لَقطه.
مثلًا، في مشهد الطفولة، اللي اتكلمنا عنه،,مثلًا، في مشهد الطفوله، اللي اتكلمنا عنه،
الأم والأب قاعدين يوقّعوا ورق تنازل عن ابنهم للوصي،,الام والاب قاعدين يوقّعوا ورق تنازل عن ابنهم للوصي،
"في المقدمة، الوصي الجديد ""وولتر ثاتشر""،","في المقدمه، الوصي الجديد ""وولتر ثاتشر""،"
الأم قاعدة هادية، ملامحها جادة،,الام قاعده هاديه، ملامحها جاده،
بتوقّع الورق كأنها بتوقّع عَقد بيع قلبها،,بتوقّع الورق كانها بتوقّع عَقد بيع قلبها،
في النُص، الأب بيتوتر،,في النُص، الاب بيتوتر،
بيقاوم، ولكن في الآخر بيستسلم،,بيقاوم، ولكن في الاخر بيستسلم،
"وفي الخلفية، من الشبّاك، الطفل ""كين"" بيلعب في التلج،","وفي الخلفيه، من الشبّاك، الطفل ""كين"" بيلعب في التلج،"
وغافل، مش واخد باله,وغافل، مش واخد باله
إن مصيره بيتحدد من الكبار في نفس هذه اللحظة.,ان مصيره بيتحدد من الكبار في نفس هذه اللحظه.
"كل دا، يا عزيزي، في لَقطة واحدة، من غير ""كَت""،","كل دا، يا عزيزي، في لَقطه واحده، من غير ""كَت""،"
ما فيش focus هنا، أو blur هنا،,ما فيش هنا، او هنا،
ما فيش انتقال بين الممثلين،,ما فيش انتقال بين الممثلين،
عينك بتنتقل جوا المشهد بحرّية،,عينك بتنتقل جوا المشهد بحرّيه،
وانت كمُشاهد بتختار،,وانت كمُشاهد بتختار،
هتبص على مين الأول، كأنك واقف في المكان فعلًا.,هتبص علي مين الاول، كانك واقف في المكان فعلًا.
ودا، يا عزيزي، كان جديد جدًا،,ودا، يا عزيزي، كان جديد جدًا،
لأن السينما لأول مرة بتسمح للمُشاهد,لان السينما لاول مره بتسمح للمُشاهد
إن هو اللي يفكر ويبص جوا الصورة،,ان هو اللي يفكر ويبص جوا الصوره،
"مش بس يتفرج عليها، ونقولّه: ""لأ، focus هنا، ومش focus هنا.""","مش بس يتفرج عليها، ونقولّه: ""لا، هنا، ومش هنا."""
دا، يا عزيزي، ما كانش اختراع بصري بس،,دا، يا عزيزي، ما كانش اختراع بصري بس،
دي كانت نقلة فكرية.,دي كانت نقله فكريه.
في الأفلام وقتها، المُخرج كان بيعمل المعنى عن طريق الـcuts بس...,في الافلام وقتها، المُخرج كان بيعمل المعني عن طريق ال بس
فبالإضافة للـcuts،,فبالاضافه لل ،
كل المعاني بتحصل قُدّامك في لَقطة واحدة.,كل المعاني بتحصل قُدّامك في لَقطه واحده.
"طبعًا، التأثير اللي ""ويلز"" و""تولاند"" تعبوا في عمايله","طبعًا، التاثير اللي ""ويلز"" و""تولاند"" تعبوا في عمايله"
"بقى ""أوبشن"" عادي جدًا في الكاميرا بتاعة الموبايل بتاعك النهاردة،","بقي ""اوبشن"" عادي جدًا في الكاميرا بتاعه الموبايل بتاعك النهارده،"
"بس الفَرْق إن ""ويلز"" كان بيخترع دا وبيطبقه عمدًا،","بس الفَرْق ان ""ويلز"" كان بيخترع دا وبيطبقه عمدًا،"
عشان يقدر يعمل تركيز وعمق بصري،,عشان يقدر يعمل تركيز وعمق بصري،
يخلّي عينك انت هي اللي تمسح الكادر,يخلّي عينك انت هي اللي تمسح الكادر
وتختار هتركّز على إيه،,وتختار هتركّز علي ايه،
"كأن ""ويلز"" كان بيخلق تجربة مشاهدة الـ""سوشيال ميديا""،","كان ""ويلز"" كان بيخلق تجربه مشاهده ال""سوشيال ميديا""،"
"قبل ما الـ""سوشيال ميديا"" نفسها تتوجد بسنين كتير.","قبل ما ال""سوشيال ميديا"" نفسها تتوجد بسنين كتير."
عشان كدا، الـDeep Focus لم تعُد مجرد تقنية تصوير،,عشان كدا، ال لم تعُد مجرد تقنيه تصوير،
دي بقت فلسفة كاملة في الإخراج،,دي بقت فلسفه كامله في الاخراج،
العمق البصري بقى مرادف للعمق النفسي،,العمق البصري بقي مرادف للعمق النفسي،
الصورة بقت مراية للعقل، مش للعين بس.,الصوره بقت مرايه للعقل، مش للعين بس.
"زي ما قُلتلك، يا عزيزي، ""سكورسيزي"" اتبهر بـ""ويلز""،","زي ما قُلتلك، يا عزيزي، ""سكورسيزي"" اتبهر ب""ويلز""،"
لأنه حرّك الكاميرا، عشان تخدم الحدوتة،,لانه حرّك الكاميرا، عشان تخدم الحدوته،
بدل ما كانت مجرد أداة ثابتة وبتصور.,بدل ما كانت مجرد اداه ثابته وبتصور.
"بس ""ويلز"" مش بس حركها،","بس ""ويلز"" مش بس حركها،"
دا حوّل الكاميرا لكائن حي بيتفاعل مع اللي بيحصل قُدّامه،,دا حوّل الكاميرا لكاين حي بيتفاعل مع اللي بيحصل قُدّامه،
بيزحف، بيطير، بيتسلل زي الشبح،,بيزحف، بيطير، بيتسلل زي الشبح،
الكاميرا بقت بتتحرك حركة مستحيلة،,الكاميرا بقت بتتحرك حركه مستحيله،
كأنها طائر، أو عين بتراقب العالَم بمنظور ليس بشري،,كانها طاير، او عين بتراقب العالَم بمنظور ليس بشري،
"مثلًا، في مشهد كازينو ""إل رانشو""،","مثلًا، في مشهد كازينو ""ال رانشو""،"
بنشوف الكاميرا بتتسلق المبنى،,بنشوف الكاميرا بتتسلق المبني،
وتعدّي من يافطة الكازينو،,وتعدّي من يافطه الكازينو،
وتعبُر من لوح إزاز،,وتعبُر من لوح ازاز،
"وتنزل على طليقة ""كين""، ""سوزان""،","وتنزل علي طليقه ""كين""، ""سوزان""،"
"وهي قاعدة سكرانة، والصحفي بيسألها عن ""كين"" وRosebud.","وهي قاعده سكرانه، والصحفي بيسالها عن ""كين"" و ."
هنا، بتغضب بسرعة،,هنا، بتغضب بسرعه،
وفي أقل من دقيقة، عرفنا حالة الحزن والوحدة اللي هي فيها،,وفي اقل من دقيقه، عرفنا حاله الحزن والوحده اللي هي فيها،
وازاي موت طليقها وملاحقة الصحفيين ليها مأثر عليها.,وازاي موت طليقها وملاحقه الصحفيين ليها ماثر عليها.
الحركة دي اللي بتبدأ من بعيد وبتخترق المكان،,الحركه دي اللي بتبدا من بعيد وبتخترق المكان،
كأنها بتدوب، بتـdissolve في الحاجز اللي قُدّامها،,كانها بتدوب، بت في الحاجز اللي قُدّامها،
بتخلّي المُشاهد حاسس إن هو شايف كل حاجة،,بتخلّي المُشاهد حاسس ان هو شايف كل حاجه،
كأنه عين عُليا بتبص من فوق،,كانه عين عُليا بتبص من فوق،
ودا اللي النُقّاد سمّوه بعد كدا...,ودا اللي النُقّاد سمّوه بعد كدا
"المبهر هنا، ما فيش أي لقطات اتعملت بالـ""جرافيك"" ولا CGI.","المبهر هنا، ما فيش اي لقطات اتعملت بال""جرافيك"" ولا ."
وقتها، عملوا خدعة عبقرية،,وقتها، عملوا خدعه عبقريه،
مزجوا بين لقطة بتتصور من على رافعة ضخمة،,مزجوا بين لقطه بتتصور من علي رافعه ضخمه،
Crane Shot، بيسمّوها،,، بيسمّوها،
عشان يصوروا نموذج مصغّر miniature-model للمبنى من برة،,عشان يصوروا نموذج مصغّر - للمبني من بره،
وبعدين، قاموا دامجينه مع اللقطة الداخلية للديكور الحقيقي.,وبعدين، قاموا دامجينه مع اللقطه الداخليه للديكور الحقيقي.
كمان، في الفيلم كانوا بيبنوا الديكور عشان يخدم الكاميرا،,كمان، في الفيلم كانوا بيبنوا الديكور عشان يخدم الكاميرا،
حيطان بتتفك وتتقفل،,حيطان بتتفك وتتقفل،
سقوف بتطّوي،,سقوف بتطّوي،
إزاز بيتفتح ويتبدّل،,ازاز بيتفتح ويتبدّل،
كل دا عشان المَشاهد تتحول إلى سحر.,كل دا عشان المَشاهد تتحول الي سحر.
طريقة التصوير دي غيّرت السينما للأبد،,طريقه التصوير دي غيّرت السينما للابد،
كل مُخرج تعلّم إن الإخراج هو ازاي أتحكّم في الكاميرا،,كل مُخرج تعلّم ان الاخراج هو ازاي اتحكّم في الكاميرا،
مش بس إن أنا أثبّتها وأمثّل أي حاجة،,مش بس ان انا اثبّتها وامثّل اي حاجه،
لأ، الكاميرا هنا عنصر مهم في اللغة السينمائية.,لا، الكاميرا هنا عنصر مهم في اللغه السينماييه.
"""سكورسيزي"" مثلًا هيطبق دا في مشهده الشهير","""سكورسيزي"" مثلًا هيطبق دا في مشهده الشهير"
في فيلم Goodfellas، الـCopacabana-Shot،,في فيلم ، ال - ،
الكاميرا هتتحرك بسحر متواصل، عشان تدخل مع البطلين الكازينو،,الكاميرا هتتحرك بسحر متواصل، عشان تدخل مع البطلين الكازينو،
"البطلة منبهرة ازاي كل الأبواب بتتفتح لحبيبها رجُل الـ""مافيا""،","البطله منبهره ازاي كل الابواب بتتفتح لحبيبها رجُل ال""مافيا""،"
"اللي سُلطته بتبان، بس مش بقتل ولا ""أكشن""،","اللي سُلطته بتبان، بس مش بقتل ولا ""اكشن""،"
مجرد حركة كاميرا، بتتفتحلها كل الأبواب.,مجرد حركه كاميرا، بتتفتحلها كل الابواب.
"السحر اللي عمله ""كين"" هيمتد لأفلام الـLong Take،","السحر اللي عمله ""كين"" هيمتد لافلام ال ،"
اللي تحس إن الكاميرا فيها ما بتقفش أبدًا،,اللي تحس ان الكاميرا فيها ما بتقفش ابدًا،
كأنها مشهد متواصل،,كانها مشهد متواصل،
ولسة لحد دلوقتي بننبهر بيها،,ولسه لحد دلوقتي بننبهر بيها،
زي مثلًا فيلم 1917، اللي اتعمل سنة 2019.,زي مثلًا فيلم 1917، اللي اتعمل سنه 2019.
لمّا الناس شافت دا لأول مرة في Citizen Kane،,لمّا الناس شافت دا لاول مره في ،
انبهروا كمان بمعنى حركة الكاميرا في الحدوتة،,انبهروا كمان بمعني حركه الكاميرا في الحدوته،
ازاي الكاميرا بتُطل على حياة البطل من فوق السحاب،,ازاي الكاميرا بتُطل علي حياه البطل من فوق السحاب،
بتسجل مجده وبتسجل انتصاره،,بتسجل مجده وبتسجل انتصاره،
وبتبروز عَجز المتفرج إنه يساعده.,وبتبروز عَجز المتفرج انه يساعده.
"""ويلز"" كمان استخدم لقطات كتير بزاوية منخفضة،","""ويلز"" كمان استخدم لقطات كتير بزاويه منخفضه،"
Low-Angle-Shots,- -
زاوية بتخلّي الشخصية تبان عظيمة، عملاقة، كأنك بتشوف جبل،,زاويه بتخلّي الشخصيه تبان عظيمه، عملاقه، كانك بتشوف جبل،
نفس الزاوية اللي بنستخدمها النهاردة، عشان نصور المُنتجات،,نفس الزاويه اللي بنستخدمها النهارده، عشان نصور المُنتجات،
عشان تبان أعظم من غيرها،,عشان تبان اعظم من غيرها،
أو لمّا صانع المحتوى بيستخدمها، عشان يبان واثق من نفسه،,او لمّا صانع المحتوي بيستخدمها، عشان يبان واثق من نفسه،
زي كدا مثلًا.,زي كدا مثلًا.
ليه اختار زاوية التصوير دي؟,ليه اختار زاويه التصوير دي؟
مش لأن شكلها أحلى أو أجمل،,مش لان شكلها احلي او اجمل،
إنما لأنها كانت بتبروز المعنى في مَشاهد مهمة،,انما لانها كانت بتبروز المعني في مَشاهد مهمه،
زي مثلًا مشهد الانتخابات،,زي مثلًا مشهد الانتخابات،
"لمّا بيقف ""كين"" في قاعة المؤتمرات ويخطب ويعلن عن حملته الانتخابية،","لمّا بيقف ""كين"" في قاعه الموتمرات ويخطب ويعلن عن حملته الانتخابيه،"
الكاميرا، يا عزيزي، بتبُصله من تحت،,الكاميرا، يا عزيزي، بتبُصله من تحت،
بيبان هنا ضخم، عملاق، لابس بدلة غامقة،,بيبان هنا ضخم، عملاق، لابس بدله غامقه،
ورا منه صورة عملاقة ليه هو نفسه،,ورا منه صوره عملاقه ليه هو نفسه،
كأنه بيبُص لنفسه وهو بيحكُم العالم.,كانه بيبُص لنفسه وهو بيحكُم العالم.
المشهد دا، يا عزيزي، مش مجرد دعاية انتخابية،,المشهد دا، يا عزيزي، مش مجرد دعايه انتخابيه،
دا تجسيد بصري للغرور.,دا تجسيد بصري للغرور.
"وبالأساليب دي، ""ويلز"" ما كانش بيصور فيلم عن السُلطة،","وبالاساليب دي، ""ويلز"" ما كانش بيصور فيلم عن السُلطه،"
لأ، دا كان بيصور السُلطة نفسها،,لا، دا كان بيصور السُلطه نفسها،
ازاي تبني مجدك من تحت،,ازاي تبني مجدك من تحت،
وبعد كدا، تشوفه بيتحول لجبل بيقع فوقك!,وبعد كدا، تشوفه بيتحول لجبل بيقع فوقك!
المشكلة، يا عزيزي، إن دا كان جديد جدًا، وتنفيذه كان محتاج ابتكار.,المشكله، يا عزيزي، ان دا كان جديد جدًا، وتنفيذه كان محتاج ابتكار.
"ساعات، ""ويلز"" كان بيطلب إن اللقطة تبقى منخفضة أوي،","ساعات، ""ويلز"" كان بيطلب ان اللقطه تبقي منخفضه اوي،"
لدرجة خلّتهم يعملوا حفرة في أرضية الاستوديو،,لدرجه خلّتهم يعملوا حفره في ارضيه الاستوديو،
كمان، خلّاهم يعملوا سقف،,كمان، خلّاهم يعملوا سقف،
ودا كان وقتها قليل، لأن معظم الديكورات كان حيطان بس،,ودا كان وقتها قليل، لان معظم الديكورات كان حيطان بس،
"لكن ""ويلز"" قال: ""لأ، أنا عايز سقف، وظبّط إضاءتك على كدا.""","لكن ""ويلز"" قال: ""لا، انا عايز سقف، وظبّط اضاءتك علي كدا."""
وبالفعل، بنوا سقف من قماش موسلين،,وبالفعل، بنوا سقف من قماش موسلين،
"و""ويلز"" قدِر ياخد الزوايا اللي تخدم المشهد.","و""ويلز"" قدِر ياخد الزوايا اللي تخدم المشهد."
المشكلة، يا عزيزي، إن الـlow-angle والسقف الموسلين دا,المشكله، يا عزيزي، ان ال - والسقف الموسلين دا
"خلّى ""تولاند"" مدير التصوير ما يعرفش ياخد إضاءة جاية من فوق،","خلّي ""تولاند"" مدير التصوير ما يعرفش ياخد اضاءه جايه من فوق،"
زي باقي الأفلام كلها وقتها،,زي باقي الافلام كلها وقتها،
فاعتمدوا هنا على إضاءة جاية من الجوانب،,فاعتمدوا هنا علي اضاءه جايه من الجوانب،
وعليها ما يسمى بالـPractical lights،,وعليها ما يسمي بال ،
مصادر نور طالعة من العالم نفسه،,مصادر نور طالعه من العالم نفسه،
أباجورات، لمبات، زي الإضاءة اللي بنشوفها في حياتنا اليومية،,اباجورات، لمبات، زي الاضاءه اللي بنشوفها في حياتنا اليوميه،
شَبَه اللي موجودة ورايا كدا،,شَبَه اللي موجوده ورايا كدا،
ودا كان اكتشاف عظيم، لأنه بيزوّد من واقعية الصورة وجمالها.,ودا كان اكتشاف عظيم، لانه بيزوّد من واقعيه الصوره وجمالها.
وما دام قادرين نحكي بالإضاءة، طب ما نحكي أكتر،,وما دام قادرين نحكي بالاضاءه، طب ما نحكي اكتر،
"فنلاقيهم طبّقوا تقنية الـChiarosucro، لو فاكر حلقة ""كارافاجيو""،","فنلاقيهم طبّقوا تقنيه ال ، لو فاكر حلقه ""كارافاجيو""،"
دي تقنية رسم بتوظّف التناقض بين الضوء والضِل،,دي تقنيه رسم بتوظّف التناقض بين الضوء والضِل،
عشان الرسّام يحدد ويركّز على التفاصيل،,عشان الرسّام يحدد ويركّز علي التفاصيل،
أو إن الشخصية المطلوبة تتبروز وتبان.,او ان الشخصيه المطلوبه تتبروز وتبان.
هما استخدموا التقنية دي عشان الضوء والضِل يبقى ليهم شخصية،,هما استخدموا التقنيه دي عشان الضوء والضِل يبقي ليهم شخصيه،
والإضاءة ما تبقاش شكل حلو بس،,والاضاءه ما تبقاش شكل حلو بس،
"""لأ، احنا هنا بنستعملها عشان نكشف عن الحالة النفسية للشخصية.""","""لا، احنا هنا بنستعملها عشان نكشف عن الحاله النفسيه للشخصيه."""
فيه، يا عزيزي، سينما كاملة بتعتمد على الضِل والنور عشان تحكي،,فيه، يا عزيزي، سينما كامله بتعتمد علي الضِل والنور عشان تحكي،
وعشان تخلّيك كمُشاهد قادر تحكُم على الشخصيات وتصنّفها،,وعشان تخلّيك كمُشاهد قادر تحكُم علي الشخصيات وتصنّفها،
ونُقّاد كتير بيعتبروا إن Citizen Kane,ونُقّاد كتير بيعتبروا ان
هو الفيلم اللي مهّد الطريق لهذه السينما، الـFilm Noir.,هو الفيلم اللي مهّد الطريق لهذه السينما، ال .
وبعيدًا عن الـFilm Noir،,وبعيدًا عن ال ،
كل فيلم بيعتمد في كادراته على النور والضِل،,كل فيلم بيعتمد في كادراته علي النور والضِل،
عشان يحكيلك عن عُزلة البطل,عشان يحكيلك عن عُزله البطل
عن شرّه، عن حيرته،,عن شرّه، عن حيرته،
فهو definitely بيدين إلى Citizen Kane.,فهو بيدين الي .
خلّينا، يا عزيزي، نسيب التصوير، ونذهب إلى المونتاج،,خلّينا، يا عزيزي، نسيب التصوير، ونذهب الي المونتاج،
أو طريقة حركة الزمن جوا الصورة،,او طريقه حركه الزمن جوا الصوره،
"هنلاقي إن من أول قرارات ""ويلز""","هنلاقي ان من اول قرارات ""ويلز"""
إن هو استبدل مونتير كبير شركة الإنتاج جابتهوله،,ان هو استبدل مونتير كبير شركه الانتاج جابتهوله،
"وجاب شابّ في سنّه اسمه ""روبرت وايز""،","وجاب شابّ في سنّه اسمه ""روبرت وايز""،"
والنتيجة كانت مبهرة.,والنتيجه كانت مبهره.
من أهم مشاهد المونتاج في الفيلم,من اهم مشاهد المونتاج في الفيلم
"مشهد الفطار اللي بيحكي قصة جواز ""كين"" الأولى،","مشهد الفطار اللي بيحكي قصه جواز ""كين"" الاولي،"
"في بداية الجواز، بنشوف ""كين"" ومراته قاعدين قريب من بعض،","في بدايه الجواز، بنشوف ""كين"" ومراته قاعدين قريب من بعض،"
بيضحكوا، ترابيزة صغيرة، والكلام بينهم كتير،,بيضحكوا، ترابيزه صغيره، والكلام بينهم كتير،
بعد كام لقطة، بتشوف نفس المكان بنفس الإضاءة،,بعد كام لقطه، بتشوف نفس المكان بنفس الاضاءه،
بس المسافة بينهم كبرت شوية،,بس المسافه بينهم كبرت شويه،
الكلام قلّ والنبرة اتغيرت،,الكلام قلّ والنبره اتغيرت،
لَقطة ورا لَقطة، الترابيزة بتبدأ تبقى طويلة،,لَقطه ورا لَقطه، الترابيزه بتبدا تبقي طويله،
والسكوت بقى هو الحوار الوحيد،,والسكوت بقي هو الحوار الوحيد،
"في دقايق قليلة، يا عزيزي، ""ويلز"" عمل فيديو before and after للعلاقة،","في دقايق قليله، يا عزيزي، ""ويلز"" عمل فيديو للعلاقه،"
انت شُفت جواز بيموت على مدار 16 سنة،,انت شُفت جواز بيموت علي مدار 16 سنه،
باستخدام إيه؟ باستخدام الإضاءة، نبرة الصوت،,باستخدام ايه؟ باستخدام الاضاءه، نبره الصوت،
والأهم بتطوير بسيط في المسافة بينهم وطول السُفرة،,والاهم بتطوير بسيط في المسافه بينهم وطول السُفره،
طول السُفرة دا كان انعكاس مرئي للمسافة العاطفية اللي وسعت بينهم.,طول السُفره دا كان انعكاس مريي للمسافه العاطفيه اللي وسعت بينهم.
ودا، يا عزيزي، المونتاج لمّا يبقى سرد، مش تقطيع،,ودا، يا عزيزي، المونتاج لمّا يبقي سرد، مش تقطيع،
كل لَقطة بتكمّل التانية،,كل لَقطه بتكمّل التانيه،
زي ما تكون فيه خيوط بتترسِم حوالين علاقة بتتخلق ببطء،,زي ما تكون فيه خيوط بتترسِم حوالين علاقه بتتخلق ببطء،
وفي الآخر، لمّا بتوصل للَقطة الأخيرة،,وفي الاخر، لمّا بتوصل للَقطه الاخيره،
تحس إن انت كنت حاضر انهيار الحُب لحظة بلحظة!,تحس ان انت كنت حاضر انهيار الحُب لحظه بلحظه!
المشهد دا، يا عزيزي، مش بس هيأثر في مونتاج السينما بعد كدا،,المشهد دا، يا عزيزي، مش بس هياثر في مونتاج السينما بعد كدا،
"لكن كل transition بتشوفه في فيديوهات الـ""تيك توك"" وغيرها","لكن كل بتشوفه في فيديوهات ال""تيك توك"" وغيرها"
هو ببساطة تطوُّر عظيم لمونتاج هذا المشهد.,هو ببساطه تطوُّر عظيم لمونتاج هذا المشهد.
فيلمنا كمان كان محتاج مكياج قوي،,فيلمنا كمان كان محتاج مكياج قوي،
لأن ببساطة، الشخصيات بتكبر في السن بمرور الأحداث،,لان ببساطه، الشخصيات بتكبر في السن بمرور الاحداث،
ولكن لمّا نزل فيلم Citizen Kane، لم يكن هناك أي credit للجماعة بتوع المكياج،,ولكن لمّا نزل فيلم ، لم يكن هناك اي للجماعه بتوع المكياج،
مش عشان المكياج كان وحِش، بالعكس، لأ،,مش عشان المكياج كان وحِش، بالعكس، لا،
دا كان زي باقي عناصر الفيلم رائع وثوري،,دا كان زي باقي عناصر الفيلم رايع وثوري،
"والسبب في دا شابّ اسمه ""موريس سيدرمان"".","والسبب في دا شابّ اسمه ""موريس سيدرمان""."
"""سيدرمان"" دا كان متدرب في قسم الـmakeup في RKO،","""سيدرمان"" دا كان متدرب في قسم ال في ،"
ما كانش مسموحله يعمل makeup للممثلين الرئيسيين،,ما كانش مسموحله يعمل للممثلين الرييسيين،
كان بيعمل بس للمجاميع،,كان بيعمل بس للمجاميع،
"ولكن ""ويلز"" شاف موهبته وأسلوبه","ولكن ""ويلز"" شاف موهبته واسلوبه"
في إنه يخلّي الوش باين طبيعي جدًا، كأن الـmakeup نفسه مش موجود،,في انه يخلّي الوش باين طبيعي جدًا، كان ال نفسه مش موجود،
"""سيدرمان"" كان شغّال زي النحّات،","""سيدرمان"" كان شغّال زي النحّات،"
بيعمل قوالب للوش والجسم،,بيعمل قوالب للوش والجسم،
ويضيف طبقات بلاستيك مرنة،,ويضيف طبقات بلاستيك مرنه،
عشان يقدر يخلّي الممثلين يكبروا في السن قُدّام الكاميرا،,عشان يقدر يخلّي الممثلين يكبروا في السن قُدّام الكاميرا،
اهتمام كبير بالتفاصيل، زي مسام البشرة، الشَعر، الشنب، العيون،,اهتمام كبير بالتفاصيل، زي مسام البشره، الشَعر، الشنب، العيون،
عمل عدسات مُخصَّصة للعيون،,عمل عدسات مُخصَّصه للعيون،
عشان تضفي لمعان العيون الشبابية، لمّا الشخصيات تكبَر.,عشان تضفي لمعان العيون الشبابيه، لمّا الشخصيات تكبَر.
في مشهد الفطار، اللي لسة متكلمين عنه،,في مشهد الفطار، اللي لسه متكلمين عنه،
الممثلين نفسهم كانوا بيتقدموا في السن قُدّامنا،,الممثلين نفسهم كانوا بيتقدموا في السن قُدّامنا،
والفريق صمم هذا التدرُّج على 6 مراحل،,والفريق صمم هذا التدرُّج علي 6 مراحل،
كل مرحلة تمثل تقدُّم سنتين أو تلاتة،,كل مرحله تمثل تقدُّم سنتين او تلاته،
بنشوف الخطوط اللي بتزيد في الوش،,بنشوف الخطوط اللي بتزيد في الوش،
الشعر اللي بيبهت،,الشعر اللي بيبهت،
النظرات اللي كانت واثقة، ودلوقتي، بقت فاضية،,النظرات اللي كانت واثقه، ودلوقتي، بقت فاضيه،
مش بس وجوه بتكبر، لكن كمان نفوس بتتعب!,مش بس وجوه بتكبر، لكن كمان نفوس بتتعب!
بالرغم، يا عزيزي، من الشغل الرائع دا،,بالرغم، يا عزيزي، من الشغل الرايع دا،
"رئيس قسم المكياج رفض إنه يكتب اسم ""سيدرمان"" في الـcredits،","رييس قسم المكياج رفض انه يكتب اسم ""سيدرمان"" في ال ،"
ليه؟ لأنه كان مجرد متدرِّب.,ليه؟ لانه كان مجرد متدرِّب.
"راح ""ويلز"" عمل إيه؟ شال المكياج خالص من الـcredits،","راح ""ويلز"" عمل ايه؟ شال المكياج خالص من ال ،"
ونشر في جريدة Los Angeles-newspaper,ونشر في جريده -
بيشكُر اللي ما اتشكروش في الـcredits،,بيشكُر اللي ما اتشكروش في ال ،
"وأهمهم ""سيدرمان""،","واهمهم ""سيدرمان""،"
اللي وصفه إنه أفضل فنان مكياج في العالم.,اللي وصفه انه افضل فنان مكياج في العالم.
دا مش بس تقدير لشخص موهوب،,دا مش بس تقدير لشخص موهوب،
إنما فنيًا، لَفَت نظرنا بدري جدًا لأهمية المكياج في الحكاية،,انما فنيًا، لَفَت نظرنا بدري جدًا لاهميه المكياج في الحكايه،
واللي لسة لحد دلوقتي مجال مليان تحديات،,واللي لسه لحد دلوقتي مجال مليان تحديات،
بعد أكتر من 80 سنة، لسة الناس بتتفرّج وتقول:,بعد اكتر من 80 سنه، لسه الناس بتتفرّج وتقول:
"""ازاي المكياج اللي استخدموه في الشيخوخة في فيلم Kane","""ازاي المكياج اللي استخدموه في الشيخوخه في فيلم"
"شكله واقعي أكتر من أفلام حديثة بيُستخدم فيها الـCGI؟!""","شكله واقعي اكتر من افلام حديثه بيُستخدم فيها ال """
"""ويلز""، يا عزيزي، لأنه كان جاي من الراديو،","""ويلز""، يا عزيزي، لانه كان جاي من الراديو،"
قدِر يشوف الصوت كأداة خارقة،,قدِر يشوف الصوت كاداه خارقه،
مش مجرد عامل مُساعد، زي ما اتبصلّه وقتها.,مش مجرد عامل مُساعد، زي ما اتبصلّه وقتها.
"""ويلز""، رغم اعتراض الاستوديو،","""ويلز""، رغم اعتراض الاستوديو،"
جاب من شُغله في الراديو مُلحّنين،,جاب من شُغله في الراديو مُلحّنين،
"حد مثلًا زي ""بيرنارد هيرمان""،","حد مثلًا زي ""بيرنارد هيرمان""،"
وكمان، مهندسين صوت،,وكمان، مهندسين صوت،
"الوحوش اللي عملوا حلقة الـ""هالوين""، اللي حكيتلك عنها،","الوحوش اللي عملوا حلقه ال""هالوين""، اللي حكيتلك عنها،"
ودُول هيطبّقوا في السينما تقنيات جديدة وقتها،,ودُول هيطبّقوا في السينما تقنيات جديده وقتها،
"""تكنيك"" مثلًا زي الـVoice Over، والـLightining Mix،","""تكنيك"" مثلًا زي ال ، وال ،"
طريقة في المونتاج بتربط المشاهد بالصوت، بدل الـcut،,طريقه في المونتاج بتربط المشاهد بالصوت، بدل ال ،
"فمثلًا، نلاقي ""كين"" بيسمع مراته التانية وهي بتغنّي،","فمثلًا، نلاقي ""كين"" بيسمع مراته التانيه وهي بتغنّي،"
فيصقفلها، والتصقيف نفسه يستمر صوته في المشهد اللي بعده،,فيصقفلها، والتصقيف نفسه يستمر صوته في المشهد اللي بعده،
عشان يتحول إلى تصقيف جماهير في حملة انتخابية.,عشان يتحول الي تصقيف جماهير في حمله انتخابيه.
لو ممكن شخصية بتتكلم في مشهد،,لو ممكن شخصيه بتتكلم في مشهد،
فشخصية تانية تبتدي المشهد الجديد بإنها تكمّل الجُملة اللي فاتت.,فشخصيه تانيه تبتدي المشهد الجديد بانها تكمّل الجُمله اللي فاتت.
هنا، يا عزيزي، الصوت تحوّل إلى جسر زمني وجزء من المونتاج،,هنا، يا عزيزي، الصوت تحوّل الي جسر زمني وجزء من المونتاج،
تقنية صوت تانية استخدمها كانت ما يُسمّى بـ...,تقنيه صوت تانيه استخدمها كانت ما يُسمّي ب
إن الشخصيات، يا عزيزي، زي الحياة العادية كدا، تتكلم فوق بعض،,ان الشخصيات، يا عزيزي، زي الحياه العاديه كدا، تتكلم فوق بعض،
الحوار ما يبقاش نضيف كدا وواضح،,الحوار ما يبقاش نضيف كدا وواضح،
والجُملة بتخلَص هنا، تقوم بادية الجُملة هنا،,والجُمله بتخلَص هنا، تقوم باديه الجُمله هنا،
لأ، تحس بضجيج بشري حقيقي،,لا، تحس بضجيج بشري حقيقي،
"ودا منطقي جدًا في عالم ""كين""، اللي مليان سياسيين وصحفيين،","ودا منطقي جدًا في عالم ""كين""، اللي مليان سياسيين وصحفيين،"
ناس بتجادل وناس بتنافق،,ناس بتجادل وناس بتنافق،
فالصوت نفسه بقى مضغوط وسريع.,فالصوت نفسه بقي مضغوط وسريع.
دا بقى الأساس في كل الأفلام الواقعية، عشان تبان حقيقية،,دا بقي الاساس في كل الافلام الواقعيه، عشان تبان حقيقيه،
"الـOverlapping Dialogue بقى مثلًا توقيع مميز في أفلام ""سكورسيزي""،","ال بقي مثلًا توقيع مميز في افلام ""سكورسيزي""،"
بالأخص في مَشاهد العَشا والسهرات،,بالاخص في مَشاهد العَشا والسهرات،
تشوف إيطاليين بيتكلموا ويصرّخوا ويضحكوا،,تشوف ايطاليين بيتكلموا ويصرّخوا ويضحكوا،
كلُّه مع بعضه، خلّاط،,كلُّه مع بعضه، خلّاط،
لازم الصوت الفوضوي دا، عشان يبان واقعي.,لازم الصوت الفوضوي دا، عشان يبان واقعي.
في النهاية، يا عزيزي، شريط الصوت بتقنياته,في النهايه، يا عزيزي، شريط الصوت بتقنياته
بقى بطل في الأفلام زي الممثلين وزي الصورة.,بقي بطل في الافلام زي الممثلين وزي الصوره.
وبالرغم من كل الاختراعات والمجازفات,وبالرغم من كل الاختراعات والمجازفات
والرهانات على ناس وعلى تقنيات مش بالضرورة إنها موجودة،,والرهانات علي ناس وعلي تقنيات مش بالضروره انها موجوده،
تصوير الفيلم خلِص في أقل من 5 شهور، في نوفمبر 1940،,تصوير الفيلم خلِص في اقل من 5 شهور، في نوفمبر 1940،
بتكلفة توصل لـ839 ألف دولار،,بتكلفه توصل ل839 الف دولار،
ما يعادل النهاردة 18 مليون دولار،,ما يعادل النهارده 18 مليون دولار،
ودا، يا عزيزي، رقم صغير جدًا لتحفة عظيمة زي دي.,ودا، يا عزيزي، رقم صغير جدًا لتحفه عظيمه زي دي.
الفيلم نزل في السينما سنة 1941،,الفيلم نزل في السينما سنه 1941،
ولكن، يا عزيزي، هِنا، بدأت الحرب الحقيقية.,ولكن، يا عزيزي، هِنا، بدات الحرب الحقيقيه.
زي ما كان فيلمنا معمول بطريقة الرواي الغير موثوق،,زي ما كان فيلمنا معمول بطريقه الرواي الغير موثوق،
أهم خلاف حواليه هيكون مَن هو الراوي الحقيقي،,اهم خلاف حواليه هيكون مَن هو الراوي الحقيقي،
مين كاتب السيناريو،,مين كاتب السيناريو،
"""ويلز"" أول ما جاتله فرصة فيلم كبير،","""ويلز"" اول ما جاتله فرصه فيلم كبير،"
وصف كاتب وصديق ليه يعرفه من أيام المسرح،,وصف كاتب وصديق ليه يعرفه من ايام المسرح،
"اسمه ""هيرمان مانكيفيتش""، أو ""مانك""،","اسمه ""هيرمان مانكيفيتش""، او ""مانك""،"
"بس ""ويلز""، اللي كان عايز يحافظ على صورته كـ""بوي ووندر"" قُدّام الشركة،","بس ""ويلز""، اللي كان عايز يحافظ علي صورته ك""بوي ووندر"" قُدّام الشركه،"
"مضى مع ""مانك"" عَقد يخلّيه يتنازل","مضي مع ""مانك"" عَقد يخلّيه يتنازل"
عن حقه في credit اسم الكاتب،,عن حقه في اسم الكاتب،
لأنه وظّفه رسميًا Script Doctor، وليس Script Writer.,لانه وظّفه رسميًا ، وليس .
"""طب يا (أبو حميد) إيه المشكلة؟ أنا حاسس إن Doctor أحسن،","""طب يا ابو حميد ايه المشكله؟ انا حاسس ان احسن،"
"حتى هتلاقي مجموعها أعلى! دا تحايُل بالألفاظ!""","حتي هتلاقي مجموعها اعلي! دا تحايُل بالالفاظ!"""
يا عزيزي، الـScript Writer هو اللي بيكتب السيناريو من الصفر،,يا عزيزي، ال هو اللي بيكتب السيناريو من الصفر،
الـScript Doctor بقى بياخد سيناريو جاهز، ويظبّطه.,ال بقي بياخد سيناريو جاهز، ويظبّطه.
في البداية، الاتنين اتفقوا إنهم هيعملوا فيلم مُستوحَى,في البدايه، الاتنين اتفقوا انهم هيعملوا فيلم مُستوحَي
من شخصية رجُل الأعمال وقُطب الإعلام الكبير وقتها,من شخصيه رجُل الاعمال وقُطب الاعلام الكبير وقتها
"""ويليام راندولف هيرست"".","""ويليام راندولف هيرست""."
"""ويلز"" كان بيشتغل في بيته في ""هوليوود""،","""ويلز"" كان بيشتغل في بيته في ""هوليوود""،"
"و""مانك"" اشتغل في مزرعة بعيدة،","و""مانك"" اشتغل في مزرعه بعيده،"
والمسافة دي خلقت سوء تفاهم بينهم،,والمسافه دي خلقت سوء تفاهم بينهم،
"""مانك"" قعد يكتب مِسوَدّة حياة كاملة عن ""هيرست""،","""مانك"" قعد يكتب مِسوَدّه حياه كامله عن ""هيرست""،"
فيها غرامياته ومغامراته السياسية كلها،,فيها غرامياته ومغامراته السياسيه كلها،
"""ويلز"" قراها وانبهر،","""ويلز"" قراها وانبهر،"
بس حَسّ إنها ناقصة،,بس حَسّ انها ناقصه،
هو مش عايز فيلم عن شخص واحد، هو عايز رمز،,هو مش عايز فيلم عن شخص واحد، هو عايز رمز،
عايز قِصة يشوف فيها المتفرجين,عايز قِصه يشوف فيها المتفرجين
كل إنسان تضخّم الـego بتاعه لحد ما بلعه.,كل انسان تضخّم ال بتاعه لحد ما بلعه.
"فبدأ ""ويلز"" يضيف ويشيل،","فبدا ""ويلز"" يضيف ويشيل،"
ويغيّر في بِنية الفيلم،,ويغيّر في بِنيه الفيلم،
ويغيّر في أسلوب السرد ونهايته،,ويغيّر في اسلوب السرد ونهايته،
"والبطل أصبح ""تشارلز فوستر كين""،","والبطل اصبح ""تشارلز فوستر كين""،"
"مزيج بين شخصيات كتير ""ويلز"" قابلهم أو سمع عنهم،","مزيج بين شخصيات كتير ""ويلز"" قابلهم او سمع عنهم،"
"ولكن مش ""هيرست"" بالحرف.","ولكن مش ""هيرست"" بالحرف."
"لمّا ""مانك"" لقى دعاية الفيلم في الصُحُف، وما لقاش اسمه،","لمّا ""مانك"" لقي دعايه الفيلم في الصُحُف، وما لقاش اسمه،"
انفجر، واتنرفز واتضايق، وهدد بإن هو هيروح لنقابة الكُتّاب،,انفجر، واتنرفز واتضايق، وهدد بان هو هيروح لنقابه الكُتّاب،
"واتهم ""ويلز"" علنًا إنه سرق مجهوده،","واتهم ""ويلز"" علنًا انه سرق مجهوده،"
ودا اضطر شركة الإنتاج RKO,ودا اضطر شركه الانتاج
إنها في النهاية تحُط الاسمين في credit الفيلم،,انها في النهايه تحُط الاسمين في الفيلم،
"""ويلز"" و""مانك"".","""ويلز"" و""مانك""."
"بالمناسبة، يا عزيزي، فيه فيلم ""ديفيد فينشر"" عمله عن ""مانك""، اسمه Mank.","بالمناسبه، يا عزيزي، فيه فيلم ""ديفيد فينشر"" عمله عن ""مانك""، اسمه ."
"""ياه يا (أبو حميد)! بس كدا، هل (ويلز) حرامي؟""","""ياه يا ابو حميد ! بس كدا، هل ويلز حرامي؟"""
"الحقيقة إن الكاتب ""روبرت إل كارينجر""","الحقيقه ان الكاتب ""روبرت ال كارينجر"""
في بحثه Scripts of Citizen-Kane،,في بحثه - ،
بعد ما راجع المسودّات الأصلية بيقول,بعد ما راجع المسودّات الاصليه بيقول
"إن ""مانك"" هو اللي كتب معظم التفاصيل الواقعية،","ان ""مانك"" هو اللي كتب معظم التفاصيل الواقعيه،"
عَالم الصحافة، فضايح عَالم المال، فضايح السُلطة،,عَالم الصحافه، فضايح عَالم المال، فضايح السُلطه،
ولكن البِنية السينمائية، طريقة الحَكي، الإضاءة، تعدُّد الرواة،,ولكن البِنيه السينماييه، طريقه الحَكي، الاضاءه، تعدُّد الرواه،
"كل الإبهارات اللي حكيتلك عنها دي كانت من ابتكار ""أورسون ويلز""،","كل الابهارات اللي حكيتلك عنها دي كانت من ابتكار ""اورسون ويلز""،"
يعني هُما شُرَكا فعلًا،,يعني هُما شُرَكا فعلًا،
"""مانك"" كتب القِصة، و""ويلز"" كتب الفيلم.","""مانك"" كتب القِصه، و""ويلز"" كتب الفيلم."
بس الحقيقة إن actually بعد العرض،,بس الحقيقه ان بعد العرض،
"كان ""ويلز"" قصاده خِصم أصعب بكتير،","كان ""ويلز"" قصاده خِصم اصعب بكتير،"
وهُم، يا عزيزي، النُقّاد.,وهُم، يا عزيزي، النُقّاد.
أول ما النُقّاد شافوا الفيلم في العروض الخاصة، انبهروا،,اول ما النُقّاد شافوا الفيلم في العروض الخاصه، انبهروا،
"ولمّا فهموا إن الفيلم بيهاجم أقوى رجُل إعلام في ""أمريكا""، ""هيرست""،","ولمّا فهموا ان الفيلم بيهاجم اقوي رجُل اعلام في ""امريكا""، ""هيرست""،"
انبهروا أكتر، بس كانوا حذرين إن هُما يعبّروا عن دا،,انبهروا اكتر، بس كانوا حذرين ان هُما يعبّروا عن دا،
"""هيرست"" دا، يا عزيزي، كان tycoon،","""هيرست"" دا، يا عزيزي، كان ،"
مالك شَبَكة Hearst Communications،,مالك شَبَكه ،
شبَكة مسيطرة على مجلات وقنوات راديو وشركات إنتاج،,شبَكه مسيطره علي مجلات وقنوات راديو وشركات انتاج،
"يمكن أكتر من أي حد في ""أمريكا""،","يمكن اكتر من اي حد في ""امريكا""،"
راجل، يا عزيزي، من قوّته وثروته,راجل، يا عزيزي، من قوّته وثروته
"تحس إن هو mix كدا من ""روبرت مردوك"" و""إيلون ماسك"".","تحس ان هو كدا من ""روبرت مردوك"" و""ايلون ماسك""."
"شخصية ""كين""، زي ما قُلنا، كانت مبنية عليه،","شخصيه ""كين""، زي ما قُلنا، كانت مبنيه عليه،"
"وشخصية ""سوزان ألكسندر""، مراة ""كين"" التانية،","وشخصيه ""سوزان الكسندر""، مراه ""كين"" التانيه،"
"مبنية على عشيقته ""ماريون ديفيز""،","مبنيه علي عشيقته ""ماريون ديفيز""،"
"وحتى قصر ""زاندو"" كان عامل زي قلعته الضخمة Hearst Castle.","وحتي قصر ""زاندو"" كان عامل زي قلعته الضخمه ."
"""هيرست"" أول ما شمّ الخبر،","""هيرست"" اول ما شمّ الخبر،"
أصدر قرار بمنع تام لأي ذِكر في الفيلم،,اصدر قرار بمنع تام لاي ذِكر في الفيلم،
ومَنْع ذِكر شركة RKO في كل جرايده،,ومَنْع ذِكر شركه في كل جرايده،
"حطه في الـ""بلاك ليست"" كأن الفيلم مش موجود،","حطه في ال""بلاك ليست"" كان الفيلم مش موجود،"
وهدّد إنه هيفضح الصناعة كلها، لو الفيلم دا نزِل،,وهدّد انه هيفضح الصناعه كلها، لو الفيلم دا نزِل،
"هدّد إنه هيكتب عن نجوم ""هوليوود""،","هدّد انه هيكتب عن نجوم ""هوليوود""،"
علاقتهم يا بيه، وملفّاتهم، ومصايبهم.,علاقتهم يا بيه، وملفّاتهم، ومصايبهم.
"الخوف، يا عزيزي، انتشر بسرعة في ""هوليوود""،","الخوف، يا عزيزي، انتشر بسرعه في ""هوليوود""،"
ورؤساء الاستوديوهات اتجمّعوا،,وروساء الاستوديوهات اتجمّعوا،
اتفقوا إن هما هيشتروا الفيلم من RKO,اتفقوا ان هما هيشتروا الفيلم من
"عشان يحرقوا الـ""نيجاتيف""،","عشان يحرقوا ال""نيجاتيف""،"
ويخلّوا فيلم زي Citizen Kane أسطورة ما حدش هيشوفها، نسمع عنها بس.,ويخلّوا فيلم زي اسطوره ما حدش هيشوفها، نسمع عنها بس.
النتيجة، يا عزيزي، إن الفيلم بينزل في السينمات فعلًا,النتيجه، يا عزيزي، ان الفيلم بينزل في السينمات فعلًا
في سبتمبر 1941،,في سبتمبر 1941،
ولكن نجاحه كان محدود،,ولكن نجاحه كان محدود،
ما حدش بيتكلم عليه،,ما حدش بيتكلم عليه،
ليه؟ لأن أغلب السينمات كانت خايفة،,ليه؟ لان اغلب السينمات كانت خايفه،
"وأي ""جُرنال"" هيحاول يتكلم أو يعمل دعاية للفيلم،","واي ""جُرنال"" هيحاول يتكلم او يعمل دعايه للفيلم،"
كان هيتحط عليه!,كان هيتحط عليه!
وبالرغم، يا عزيزي، من دا،,وبالرغم، يا عزيزي، من دا،
"إلا إن الفيلم بيترشح لـ9 جوايز ""أوسكار""،","الا ان الفيلم بيترشح ل9 جوايز ""اوسكار""،"
"""ويلز"" هيفوز منهم بواحدة بس،","""ويلز"" هيفوز منهم بواحده بس،"
"أفضل سيناريو، بالمناصفة مع ""مانك"".","افضل سيناريو، بالمناصفه مع ""مانك""."
صحيح، يا عزيزي، الفيلم نجا،,صحيح، يا عزيزي، الفيلم نجا،
"ولكن المشاكل هتطارد ""ويلز"" لبقية حياته،","ولكن المشاكل هتطارد ""ويلز"" لبقيه حياته،"
Citizen Kane كان قمة هتغيّر السينما،,كان قمه هتغيّر السينما،
"ولكنها في نفس الوقت كانت بداية سقوط ""ويلز"" في ""هوليوود"".","ولكنها في نفس الوقت كانت بدايه سقوط ""ويلز"" في ""هوليوود""."
"""أورسون ويلز""، يا عزيزي، كان عنده 25 سنة بس،","""اورسون ويلز""، يا عزيزي، كان عنده 25 سنه بس،"
شابّ عبقري، جريء، متهور،,شابّ عبقري، جريء، متهور،
وبعد فيلم Citizen Kane،,وبعد فيلم ،
"كان المفروض يبقى الاسم، اللي ""هوليوود"" كله بتتسابق عشان تشتغل معاه،","كان المفروض يبقي الاسم، اللي ""هوليوود"" كله بتتسابق عشان تشتغل معاه،"
ولكن اللي حصل كان العكس تمامًا،,ولكن اللي حصل كان العكس تمامًا،
"بجانب الضغط اللي عمله ""هيرست""،","بجانب الضغط اللي عمله ""هيرست""،"
"الاستوديوهات شافت ""ويلز"" شابّ عشريني متهور،","الاستوديوهات شافت ""ويلز"" شابّ عشريني متهور،"
عمل فيلم عن tycoon كبير، وما فكرش في العواقب،,عمل فيلم عن كبير، وما فكرش في العواقب،
"وبالتالي، ""دا صعب نشتغل معاه أو نعمل معاه أفلام،","وبالتالي، ""دا صعب نشتغل معاه او نعمل معاه افلام،"
دا راجل ما بيفكرش بشكل منطقي،,دا راجل ما بيفكرش بشكل منطقي،
"ما بيفكرش بشكل براجماتي!""","ما بيفكرش بشكل براجماتي!"""
كمان، المُنتجين كانوا خايفين ينتجوله، بالرغم من إنه شاطر،,كمان، المُنتجين كانوا خايفين ينتجوله، بالرغم من انه شاطر،
ليه؟ لأنه مزعج،,ليه؟ لانه مزعج،
فنان بوهيمي يفعل ما يحلو له زيادة عن اللزوم!,فنان بوهيمي يفعل ما يحلو له زياده عن اللزوم!
فكانت آه أفلامه حلوة جدًا ومُبتكَرة،,فكانت اه افلامه حلوه جدًا ومُبتكَره،
بس مش بتنجح جماهيريًا، زي ما بتعجب النُقّاد،,بس مش بتنجح جماهيريًا، زي ما بتعجب النُقّاد،
أو على الأقل، بتحتاج وقت عشان تنجح.,او علي الاقل، بتحتاج وقت عشان تنجح.
وبعد تدخُّلات شركة RKO في فيلمه التاني،,وبعد تدخُّلات شركه في فيلمه التاني،
The Magnificent Ambersons،,،
وصلت هذه التدخلات لحذف مَشاهد وتغيير في النهاية،,وصلت هذه التدخلات لحذف مَشاهد وتغيير في النهايه،
وبعد كمان ما واجه صعوبات إنتاجيه،,وبعد كمان ما واجه صعوبات انتاجيه،
وهو بيعمل أفلام زي Macbeth، وThe Stranger،,وهو بيعمل افلام زي ، و ،
"فهِم كويس أوي إن ""هوليوود"" مش هتسمحله يعمل Citizen Kane تاني.","فهِم كويس اوي ان ""هوليوود"" مش هتسمحله يعمل تاني."
وفي سنة 1948،,وفي سنه 1948،
"راح ""أوروبا""، يا عزيزي، وفضِل هناك لآخر عمره،","راح ""اوروبا""، يا عزيزي، وفضِل هناك لاخر عمره،"
بيدوّر على مُنتجين لأفلامه بكامل الحرّية الإبداعية اللي هو عايزها،,بيدوّر علي مُنتجين لافلامه بكامل الحرّيه الابداعيه اللي هو عايزها،
بيقدّم أفكار كتير، بس ما بيتوافقش عليها،,بيقدّم افكار كتير، بس ما بيتوافقش عليها،
"ولسة بيدفع تَمَن Citizen Kane وصراعه مع ""هيرست"".","ولسه بيدفع تَمَن وصراعه مع ""هيرست""."
نهاية، يا عزيزي، هذا الصراع بتحصل actually بعد أكتر من 70 سنة،,نهايه، يا عزيزي، هذا الصراع بتحصل بعد اكتر من 70 سنه،
سنة 2015، بيتعرض فيلم Citizen Kane,سنه 2015، بيتعرض فيلم
"في قصر ""هيرست"" نفسه،","في قصر ""هيرست"" نفسه،"
"بموافقة ""ستيفن هيرست""، حفيد حفيد ""ويليام هيرست""،","بموافقه ""ستيفن هيرست""، حفيد حفيد ""ويليام هيرست""،"
اللي أكّد في النهاية إن دا فيلم عظيم،,اللي اكّد في النهايه ان دا فيلم عظيم،
فيلم سينمائي مهم، مش بس في تاريخ السينما الأمريكية،,فيلم سينمايي مهم، مش بس في تاريخ السينما الامريكيه،
ولكن في تاريخ السينما.,ولكن في تاريخ السينما.
ودي، يا عزيزي، كانت لحظة شاعرية،,ودي، يا عزيزي، كانت لحظه شاعريه،
واعتراف إن الفن الجيد بيفرض نفسه في الآخر،,واعتراف ان الفن الجيد بيفرض نفسه في الاخر،
حتى لو داخل قصر العدو نفسه.,حتي لو داخل قصر العدو نفسه.
في آخر مشهد في الفيلم،,في اخر مشهد في الفيلم،
بنعرف إن الكلمة اللي الفيلم كله كان بيدور حواليها، Rosebud،,بنعرف ان الكلمه اللي الفيلم كله كان بيدور حواليها، ،
"هي اسم الزلّاجة اللي كان بيلعب بيها ""كين"" وهو طفل،","هي اسم الزلّاجه اللي كان بيلعب بيها ""كين"" وهو طفل،"
بعد كل الحبكة دي والفلوس والسُلطة، هو دا الحل.,بعد كل الحبكه دي والفلوس والسُلطه، هو دا الحل.
"الحقيقة إن Rosebud ما كانتش تخص ""كين"" بس،","الحقيقه ان ما كانتش تخص ""كين"" بس،"
"لأ، دي كمان كانت تخص ""أورسون ويلز""،","لا، دي كمان كانت تخص ""اورسون ويلز""،"
اتنين عباقرة خسروا خسارات متشابهة،,اتنين عباقره خسروا خسارات متشابهه،
"""ويلز"" قضّى عمره بيتخانق مع ناس، عشان يعمل أفلامه،","""ويلز"" قضّي عمره بيتخانق مع ناس، عشان يعمل افلامه،"
"زي ""كين""، اللي عاش حياته بيدوّر على الحُب اللي فقده وهو طفل.","زي ""كين""، اللي عاش حياته بيدوّر علي الحُب اللي فقده وهو طفل."
ودا أهم درس الفيلم بيعلّمهولنا،,ودا اهم درس الفيلم بيعلّمهولنا،
إن أكتر حاجة بتفضل معانا مش الحياة البرّاقة،,ان اكتر حاجه بتفضل معانا مش الحياه البرّاقه،
أو القصور اللي بنبنيها،,او القصور اللي بنبنيها،
ولكن اللحظات البسيطة السعيدة اللي عِشناها.,ولكن اللحظات البسيطه السعيده اللي عِشناها.
"ولمّا الكاميرا بتبعد عن قصر ""زاندو"" في الآخر،","ولمّا الكاميرا بتبعد عن قصر ""زاندو"" في الاخر،"
"وتسيب ""كين"" وتسيب ""ويلز""،","وتسيب ""كين"" وتسيب ""ويلز""،"
بتخلّينا نسأل نفسنا، احنا بنسيب ورانا إيه فعلًا؟,بتخلّينا نسال نفسنا، احنا بنسيب ورانا ايه فعلًا؟
الشهرة، النجاح، السُلطة؟,الشهره، النجاح، السُلطه؟
ولّا اللحظات الصغيرة البسيطة، اللي كانت ممكن تحمينا من الوحدة؟,ولّا اللحظات الصغيره البسيطه، اللي كانت ممكن تحمينا من الوحده؟
يمكن، يا عزيزي،Citizen Kane ليس أفضل فيلم في التاريخ،,يمكن، يا عزيزي، ليس افضل فيلم في التاريخ،
"ويمكن لو شغّلته النهاردة، تحسه فيلم قديم، والتمثيل ""أوفر"" ومسرحي،","ويمكن لو شغّلته النهارده، تحسه فيلم قديم، والتمثيل ""اوفر"" ومسرحي،"
"طبيعي كمان تقول: ""يا عم، أنا شُفت طريقة سرد أحسن","طبيعي كمان تقول: ""يا عم، انا شُفت طريقه سرد احسن"
في أفلام (تارانتينو)،,في افلام تارانتينو ،
ومونتاج أسرع عند (فينشر)،,ومونتاج اسرع عند فينشر ،
"وديكورات أحسن عند (محمد سامي).""","وديكورات احسن عند محمد سامي ."""
بس الحقيقة إن الفيلم دا هو اللي علّم كل دُول يعملوا اللي عملوه،,بس الحقيقه ان الفيلم دا هو اللي علّم كل دُول يعملوا اللي عملوه،
لحد ما اللي عمله دا بقى تقليدي،,لحد ما اللي عمله دا بقي تقليدي،
زي، يا عزيزي، ما تسمع أغنية قديمة جدًا،,زي، يا عزيزي، ما تسمع اغنيه قديمه جدًا،
فتحسها أغنية بسيطة،,فتحسها اغنيه بسيطه،
مع إن هي اللي اخترعت النوع كُلّه.,مع ان هي اللي اخترعت النوع كُلّه.
كل تفصيلة شرحتها تبدو سهلة وطبيعية،,كل تفصيله شرحتها تبدو سهله وطبيعيه،
بس وقتها، يا عزيزي، كانت ثورة كاملة،,بس وقتها، يا عزيزي، كانت ثوره كامله،
عشان كدا، الفُرجة عليه تُعتبر رحلة إلى متحف السينما.,عشان كدا، الفُرجه عليه تُعتبر رحله الي متحف السينما.
ممكن، تاني، الفيلم دا ما يكونش الأعظم،,ممكن، تاني، الفيلم دا ما يكونش الاعظم،
ولكنه ربما يكون الأكثر تأثيرًا،,ولكنه ربما يكون الاكثر تاثيرًا،
ودا مش كلامي، دا كلام أكبر مُخرجين في العالم،,ودا مش كلامي، دا كلام اكبر مُخرجين في العالم،
لأنه يُعتبَر الشفرة الأصلية,لانه يُعتبَر الشفره الاصليه
اللي اتكتبت بيها لُغة الأفلام الحديثة اللي بنحبها.,اللي اتكتبت بيها لُغه الافلام الحديثه اللي بنحبها.
بس كدا، يا عزيزي. أخيرًا، وليس آخرًا،,بس كدا، يا عزيزي. اخيرًا، وليس اخرًا،
ما تنساش تشوف الحلقات اللي فاتت، تشوف الحلقات الجاية،,ما تنساش تشوف الحلقات اللي فاتت، تشوف الحلقات الجايه،
"تنزل تبص على المصادر، لو احنا على الـ""يوتيوب""، نشترك على القناة.","تنزل تبص علي المصادر، لو احنا علي ال""يوتيوب""، نشترك علي القناه."
